time,value_temp
2023-10-15 06:08:39,10.698837141856659
2023-10-15 06:18:39,10.69603782023724
2023-10-15 06:28:39,10.69371599266228
2023-10-15 06:38:39,10.69201663576089
2023-10-15 06:48:39,10.690970819564553
2023-10-15 06:58:39,10.690486905256401
2023-10-15 07:08:39,10.690379406052665
2023-10-15 07:18:39,10.690427558294498
2023-10-15 07:28:39,10.690444966318601
2023-10-15 07:38:39,10.69033718817201
2023-10-15 07:48:39,10.690127703344901
2023-10-15 07:58:39,10.689943303875937
2023-10-15 08:08:39,10.689963909539559
2023-10-15 08:18:39,10.690354147356011
2023-10-15 08:28:39,10.691200298172681
2023-10-15 08:38:39,10.692474128238613
2023-10-15 08:48:39,10.69403546603298
2023-10-15 08:58:39,10.695671691509727
2023-10-15 09:08:39,10.697159556340159
2023-10-15 09:18:39,10.698327515404406
2023-10-15 09:28:39,10.699097486314711
2023-10-15 09:38:39,10.699493150902917
2023-10-15 09:48:39,10.699614333820975
2023-10-15 09:58:39,10.699588954361209
2023-10-15 10:08:39,10.69952120856663
2023-10-15 10:18:39,10.699454616297496
2023-10-15 10:28:39,10.699361758943803
2023-10-15 10:38:39,10.699161851852233
2023-10-15 10:48:39,10.698756960319344
2023-10-15 10:58:39,10.69807153549181
2023-10-15 11:08:39,10.697080052288866
2023-10-15 11:18:39,10.695813398124871
2023-10-15 11:28:39,10.694343616759324
2023-10-15 11:38:39,10.692754951836617
2023-10-15 11:48:39,10.69111363936567
2023-10-15 11:58:39,10.689448082235629
2023-10-15 12:08:39,10.687745651149164
2023-10-15 12:18:39,10.68596494993964
2023-10-15 12:28:39,10.684056179480915
2023-10-15 12:38:39,10.681979753276462
2023-10-15 12:48:39,10.679715360519053
2023-10-15 12:58:39,10.677259056659082
2023-10-15 13:08:39,10.674612101567417
2023-10-15 13:18:39,10.67176932915447
2023-10-15 13:28:39,10.668714978222361
2023-10-15 13:38:39,10.665430082115986
2023-10-15 13:48:39,10.661909441975975
2023-10-15 13:58:39,10.658180672025757
2023-10-15 14:08:39,10.654315413388193
2023-10-15 14:18:39,10.650424860796814
2023-10-15 14:28:39,10.64663762259357
2023-10-15 14:38:39,10.643065330154709
2023-10-15 14:48:39,10.63976725764714
2023-10-15 14:58:39,10.636726946580778
2023-10-15 15:08:39,10.633850488945175
2023-10-15 15:18:39,10.630988784649187
2023-10-15 15:28:39,10.627977484296608
2023-10-15 15:38:39,10.624681770364408
2023-10-15 15:48:39,10.621031195841782
2023-10-15 15:58:39,10.617033292517377
2023-10-15 16:08:39,10.612762279744928
2023-10-15 16:18:39,10.608328050131654
2023-10-15 16:28:39,10.603837328307199
2023-10-15 16:38:39,10.599361004577386
2023-10-15 16:48:39,10.594918475509502
2023-10-15 16:58:39,10.590482773655904
2023-10-15 17:08:39,10.586002198675125
2023-10-15 17:18:39,10.581428237031437
2023-10-15 17:28:39,10.576737987660355
2023-10-15 17:38:39,10.571942503979136
2023-10-15 17:48:39,10.567078914094338
2023-10-15 17:58:39,10.562191136714743
2023-10-15 18:08:39,10.557308613518634
2023-10-15 18:18:39,10.552432929235692
2023-10-15 18:28:39,10.547538446002031
2023-10-15 18:38:39,10.542586821320155
2023-10-15 18:48:39,10.537549183876099
2023-10-15 18:58:39,10.532426352041139
2023-10-15 19:08:39,10.52725816675575
2023-10-15 19:18:39,10.522117433563796
2023-10-15 19:28:39,10.51709025217447
2023-10-15 19:38:39,10.512250048779444
2023-10-15 19:48:39,10.507635162378937
2023-10-15 19:58:39,10.503238389725727
2023-10-15 20:08:39,10.499012127846116
2023-10-15 20:18:39,10.494886669736015
2023-10-15 20:28:39,10.490794292098604
2023-10-15 20:38:39,10.48668996194728
2023-10-15 20:48:39,10.482561392289782
2023-10-15 20:58:39,10.47842586740956
2023-10-15 21:08:39,10.474316697657681
2023-10-15 21:18:39,10.47026608361581
2023-10-15 21:28:39,10.466292021174432
2023-10-15 21:38:39,10.462394457434945
2023-10-15 21:48:39,10.45856139576495
2023-10-15 21:58:39,10.454781076431523
2023-10-15 22:08:39,10.451053717392037
2023-10-15 22:18:39,10.447396689110949
2023-10-15 22:28:39,10.443840176529653
2023-10-15 22:38:39,10.440414895394607
2023-10-15 22:48:39,10.437137257188903
2023-10-15 22:58:39,10.433998810823606
2023-10-15 23:08:39,10.430965176586477
2023-10-15 23:18:39,10.427985707400827
2023-10-15 23:28:39,10.425010477905369
2023-10-15 23:38:39,10.422007921483614
2023-10-15 23:48:39,10.418975946252786
2023-10-15 23:58:39,10.415941909144296
2023-10-16 00:08:39,10.41295135914562
2023-10-16 00:18:39,10.410050071125582
2023-10-16 00:28:39,10.40726663493473
2023-10-16 00:38:39,10.404602583705579
2023-10-16 00:48:39,10.40203386414038
2023-10-16 00:58:39,10.39952271962806
2023-10-16 01:08:39,10.397034773006784
2023-10-16 01:18:39,10.394554055813632
2023-10-16 01:28:39,10.392089765676463
2023-10-16 01:38:39,10.389672161138336
2023-10-16 01:48:39,10.387339644262283
2023-10-16 01:58:39,10.385122743855606
2023-10-16 02:08:39,10.383031849642919
2023-10-16 02:18:39,10.381053722258539
2023-10-16 02:28:39,10.379157865652283
2023-10-16 02:38:39,10.377309555880458
2023-10-16 02:48:39,10.375483564396802
2023-10-16 02:58:39,10.373672585004183
2023-10-16 03:08:39,10.371887034639899
2023-10-16 03:18:39,10.370147000530276
2023-10-16 03:28:39,10.36847074573678
2023-10-16 03:38:39,10.36686565962401
2023-10-16 03:48:39,10.365326132019268
2023-10-16 03:58:39,10.363839162622245
2023-10-16 04:08:39,10.362394309756553
2023-10-16 04:18:39,10.3609918965476
2023-10-16 04:28:39,10.35964368687378
2023-10-16 04:38:39,10.358363654103654
2023-10-16 04:48:39,10.357151646273435
2023-10-16 04:58:39,10.355977376904216
2023-10-16 05:08:39,10.354773920595441
2023-10-16 05:18:39,10.353447508343644
2023-10-16 05:28:39,10.351904373973726
2023-10-16 05:38:39,10.350087872142293
2023-10-16 05:48:39,10.348013160802756
2023-10-16 05:58:39,10.345785186241265
2023-10-16 06:08:39,10.343589766944177
2023-10-16 06:18:39,10.341656290523394
2023-10-16 06:28:39,10.340200964087083
2023-10-16 06:38:39,10.339367772386543
2023-10-16 06:48:39,10.339186908729355
2023-10-16 06:58:39,10.339565974413553
2023-10-16 07:08:39,10.340318840940357
2023-10-16 07:18:39,10.341224222090343
2023-10-16 07:28:39,10.342095319407381
2023-10-16 07:38:39,10.342837408184437
2023-10-16 07:48:39,10.343473805090303
2023-10-16 07:58:39,10.344131258822763
2023-10-16 08:08:39,10.34498976447426
2023-10-16 08:18:39,10.346214141871283
2023-10-16 08:28:39,10.347890980624062
2023-10-16 08:38:39,10.349992469819435
2023-10-16 08:48:39,10.352378972624773
2023-10-16 08:58:39,10.354838512972952
2023-10-16 09:08:39,10.357148592891352
2023-10-16 09:18:39,10.359138520780727
2023-10-16 09:28:39,10.360731167388625
2023-10-16 09:38:39,10.361951263440817
2023-10-16 09:48:39,10.362899774095041
2023-10-16 09:58:39,10.36370584632414
2023-10-16 10:08:39,10.364474986301387
2023-10-16 10:18:39,10.365252101497447
2023-10-16 10:28:39,10.366011233156822
2023-10-16 10:38:39,10.36667312326184
2023-10-16 10:48:39,10.367141424833704
2023-10-16 10:58:39,10.36734223194056
2023-10-16 11:08:39,10.36725171152823
2023-10-16 11:18:39,10.366902485886877
2023-10-16 11:28:39,10.366368370074879
2023-10-16 11:38:39,10.36573540890256
2023-10-16 11:48:39,10.365071662726058
2023-10-16 11:58:39,10.364407375180791
2023-10-16 12:08:39,10.363731767232556
2023-10-16 12:18:39,10.363005295562456
2023-10-16 12:28:39,10.362180009483591
2023-10-16 12:38:39,10.361218159513216
2023-10-16 12:48:39,10.360101253410443
2023-10-16 12:58:39,10.358827139726884
2023-10-16 13:08:39,10.357398838984649
2023-10-16 13:18:39,10.355812906360583
2023-10-16 13:28:39,10.354055255676005
2023-10-16 13:38:39,10.352108542272036
2023-10-16 13:48:39,10.349969129592136
2023-10-16 13:58:39,10.347666127937039
2023-10-16 14:08:39,10.34527260188906
2023-10-16 14:18:39,10.342901090795264
2023-10-16 14:28:39,10.34068146272512
2023-10-16 14:38:39,10.338726518064176
2023-10-16 14:48:39,10.337096603640644
2023-10-16 14:58:39,10.335776231911264
2023-10-16 15:08:39,10.334672358952103
2023-10-16 15:18:39,10.333636637054777
2023-10-16 15:28:39,10.33250535291679
2023-10-16 15:38:39,10.331144204549464
2023-10-16 15:48:39,10.3294831359581
2023-10-16 15:58:39,10.327529941781258
2023-10-16 16:08:39,10.325358972769232
2023-10-16 16:18:39,10.323080118516005
2023-10-16 16:28:39,10.320799963648005
2023-10-16 16:38:39,10.318589119250031
2023-10-16 16:48:39,10.316466561621173
2023-10-16 16:58:39,10.314404760530827
2023-10-16 17:08:39,10.312351309292989
2023-10-16 17:18:39,10.31025684379517
2023-10-16 17:28:39,10.30809746790418
2023-10-16 17:38:39,10.305883095625571
2023-10-16 17:48:39,10.303649571868965
2023-10-16 17:58:39,10.301439389326
2023-10-16 18:08:39,10.299280422209621
2023-10-16 18:18:39,10.2971725481304
2023-10-16 18:28:39,10.295088284637254
2023-10-16 18:38:39,10.292987309779901
2023-10-16 18:48:39,10.290838640927708
2023-10-16 18:58:39,10.288640856649241
2023-10-16 19:08:39,10.286431433387692
2023-10-16 19:18:39,10.28428069165227
2023-10-16 19:28:39,10.282272130112002
2023-10-16 19:38:39,10.280476462794342
2023-10-16 19:48:39,10.278929210668933
2023-10-16 19:58:39,10.277620252156877
2023-10-16 20:08:39,10.276498971566207
2023-10-16 20:18:39,10.275492561002409
2023-10-16 20:28:39,10.274530114613862
2023-10-16 20:38:39,10.273563341987058
2023-10-16 20:48:39,10.272576630889928
2023-10-16 20:58:39,10.271583879852876
2023-10-16 21:08:39,10.270614960479897
2023-10-16 21:18:39,10.269698589359082
2023-10-16 21:28:39,10.268849241051758
2023-10-16 21:38:39,10.268063312091314
2023-10-16 21:48:39,10.26732523427286
2023-10-16 21:58:39,10.266619663643658
2023-10-16 22:08:39,10.26594322975477
2023-10-16 22:18:39,10.265309719019369
2023-10-16 22:28:39,10.26474574528679
2023-10-16 22:38:39,10.264278474779164
2023-10-16 22:48:39,10.263920799679992
2023-10-16 22:58:39,10.263660788435162
2023-10-16 23:08:39,10.263460628289272
2023-10-16 23:18:39,10.263266295069206
2023-10-16 23:28:39,10.263024550688922
2023-10-16 23:38:39,10.262700588500572
2023-10-16 23:48:39,10.262289157476985
2023-10-16 23:58:39,10.26181454431959
2023-10-17 00:08:39,10.261319324541455
2023-10-17 00:18:39,10.260846403940542
2023-10-17 00:28:39,10.260421615114286
2023-10-17 00:38:39,10.260043852925389
2023-10-17 00:48:39,10.259686551690335
2023-10-17 00:58:39,10.259309574895477
2023-10-17 01:08:39,10.258876304259813
2023-10-17 01:18:39,10.258368674943453
2023-10-17 01:28:39,10.257793938559331
2023-10-17 01:38:39,10.257180563238936
2023-10-17 01:48:39,10.256565321110507
2023-10-17 01:58:39,10.255977275982781
2023-10-17 02:08:39,10.255425521572704
2023-10-17 02:18:39,10.254895695124846
2023-10-17 02:28:39,10.254356353000581
2023-10-17 02:38:39,10.253772002203645
2023-10-17 02:48:39,10.253116825946798
2023-10-17 02:58:39,10.252383112409591
2023-10-17 03:08:39,10.251581056848028
2023-10-17 03:18:39,10.25073070959553
2023-10-17 03:28:39,10.24985048196654
2023-10-17 03:38:39,10.248948096589752
2023-10-17 03:48:39,10.248018460940608
2023-10-17 03:58:39,10.24704927562929
2023-10-17 04:08:39,10.246030981540082
2023-10-17 04:18:39,10.244964963904268
2023-10-17 04:28:39,10.243864225659163
2023-10-17 04:38:39,10.242744153116423
2023-10-17 04:48:39,10.24160617758852
2023-10-17 04:58:39,10.240421762194087
2023-10-17 05:08:39,10.239125892980491
2023-10-17 05:18:39,10.237626869322176
2023-10-17 05:28:39,10.235833145001122
2023-10-17 05:38:39,10.233690440437645
2023-10-17 05:48:39,10.231216418973792
2023-10-17 05:58:39,10.228518665342275
2023-10-17 06:08:39,10.22578576259209
2023-10-17 06:18:39,10.223249981715224
2023-10-17 06:28:39,10.221130524390263
2023-10-17 06:38:39,10.219574473184345
2023-10-17 06:48:39,10.218615214229402
2023-10-17 06:58:39,10.218163628151581
2023-10-17 07:08:39,10.21803694353581
2023-10-17 07:18:39,10.218017300024782
2023-10-17 07:28:39,10.217921384642576
2023-10-17 07:38:39,10.2176580084344
2023-10-17 07:48:39,10.217254064622919
2023-10-17 07:58:39,10.216839909656539
2023-10-17 08:08:39,10.216599167893596
2023-10-17 08:18:39,10.216700300195502
2023-10-17 08:28:39,10.2172335391986
2023-10-17 08:38:39,10.218174709224547
2023-10-17 08:48:39,10.219387791133732
2023-10-17 08:58:39,10.22066439929837
2023-10-17 09:08:39,10.22178558931657
2023-10-17 09:18:39,10.222584176788052
2023-10-17 09:28:39,10.222986483903538
2023-10-17 09:38:39,10.22302062789154
2023-10-17 09:48:39,10.222790886451767
2023-10-17 09:58:39,10.222429636361538
2023-10-17 10:08:39,10.222045522323299
2023-10-17 10:18:39,10.22168649080503
2023-10-17 10:28:39,10.221329514550462
2023-10-17 10:38:39,10.22089815191415
2023-10-17 10:48:39,10.220298749875752
2023-10-17 10:58:39,10.219459967132552
2023-10-17 11:08:39,10.218360399404554
2023-10-17 11:18:39,10.217034955798425
2023-10-17 11:28:39,10.21555959054872
2023-10-17 11:38:39,10.214022334780388
2023-10-17 11:48:39,10.21249307754086
2023-10-17 11:58:39,10.211003729258348
2023-10-17 12:08:39,10.209545012013013
2023-10-17 12:18:39,10.20807871465265
2023-10-17 12:28:39,10.206558046957184
2023-10-17 12:38:39,10.204946245995107
2023-10-17 12:48:39,10.203225630468404
2023-10-17 12:58:39,10.201394683131836
2023-10-17 13:08:39,10.199456881374163
2023-10-17 13:18:39,10.197409059861078
2023-10-17 13:28:39,10.195237235037355
2023-10-17 13:38:39,10.192923989062578
2023-10-17 13:48:39,10.19046543800576
2023-10-17 13:58:39,10.18789027275347
2023-10-17 14:08:39,10.18527096913137
2023-10-17 14:18:39,10.182719311615626
2023-10-17 14:28:39,10.18036425103682
2023-10-17 14:38:39,10.17831751244064
2023-10-17 14:48:39,10.176638213971287
2023-10-17 14:58:39,10.175309491306667
2023-10-17 15:08:39,10.174236781368219
2023-10-17 15:18:39,10.173270081084203
2023-10-17 15:28:39,10.172243892184742
2023-10-17 15:38:39,10.171022005132743
2023-10-17 15:48:39,10.16953234120917
2023-10-17 15:58:39,10.167780564938939
2023-10-17 16:08:39,10.165838797697859
2023-10-17 16:18:39,10.163814608888655
2023-10-17 16:28:39,10.16181218087825
2023-10-17 16:38:39,10.159899649435408
2023-10-17 16:48:39,10.158093451733857
2023-10-17 16:58:39,10.156363464071802
2023-10-17 17:08:39,10.154654641588007
2023-10-17 17:18:39,10.152914947083874
2023-10-17 17:28:39,10.151117786335362
2023-10-17 17:38:39,10.149270360256937
2023-10-17 17:48:39,10.147405795714107
2023-10-17 17:58:39,10.145563872485292
2023-10-17 18:08:39,10.143769767061984
2023-10-17 18:18:39,10.142020684554957
2023-10-17 18:28:39,10.140286505186275
2023-10-17 18:38:39,10.138524314700545
2023-10-17 18:48:39,10.136700592886358
2023-10-17 18:58:39,10.134811444994874
2023-10-17 19:08:39,10.13289194775238
2023-10-17 19:18:39,10.131010104652168
2023-10-17 19:28:39,10.129247188893904
2023-10-17 19:38:39,10.12767178912532
2023-10-17 19:48:39,10.126317409261963
2023-10-17 19:58:39,10.125172026870976
2023-10-17 20:08:39,10.12418324911605
2023-10-17 20:18:39,10.123276621777222
2023-10-17 20:28:39,10.122379730174876
2023-10-17 20:38:39,10.121442918801883
2023-10-17 20:48:39,10.120449359835789
2023-10-17 20:58:39,10.119411890993115
2023-10-17 21:08:39,10.118359482617839
2023-10-17 21:18:39,10.117320113829791
2023-10-17 21:28:39,10.116307689228977
2023-10-17 21:38:39,10.115318206041747
2023-10-17 21:48:39,10.114335869994553
2023-10-17 21:58:39,10.11334528632538
2023-10-17 22:08:39,10.112343210453504
2023-10-17 22:18:39,10.111343732178819
2023-10-17 22:28:39,10.11037394649606
2023-10-17 22:38:39,10.109461678178855
2023-10-17 22:48:39,10.108620654408124
2023-10-17 22:58:39,10.107839953526529
2023-10-17 23:08:39,10.107082945425102
2023-10-17 23:18:39,10.10629695859714
2023-10-17 23:28:39,10.105430274317202
2023-10-17 23:38:39,10.1044497681136
2023-10-17 23:48:39,10.103352029491464
2023-10-17 23:58:39,10.102163339039338
2023-10-18 00:08:39,10.100928413980727
2023-10-18 00:18:39,10.099692443590381
2023-10-18 00:28:39,10.098483679150622
2023-10-18 00:38:39,10.097303562386998
2023-10-18 00:48:39,10.096128195156052
2023-10-18 00:58:39,10.094920221233798
2023-10-18 01:08:39,10.093645907032078
2023-10-18 01:18:39,10.092290168081314
2023-10-18 01:28:39,10.09086332294922
2023-10-18 01:38:39,10.089396983892044
2023-10-18 01:48:39,10.087931134611102
2023-10-18 01:58:39,10.08649810794805
2023-10-18 02:08:39,10.085110313884805
2023-10-18 02:18:39,10.083756742731154
2023-10-18 02:28:39,10.082409330105767
2023-10-18 02:38:39,10.081035977722475
2023-10-18 02:48:39,10.079614268104732
2023-10-18 02:58:39,10.078139882430687
2023-10-18 03:08:39,10.07662639168928
2023-10-18 03:18:39,10.075097193739479
2023-10-18 03:28:39,10.073574008300684
2023-10-18 03:38:39,10.072067816450822
2023-10-18 03:48:39,10.070576723430234
2023-10-18 03:58:39,10.069091556353532
2023-10-18 04:08:39,10.067605800936136
2023-10-18 04:18:39,10.066123795388782
2023-10-18 04:28:39,10.064661393823853
2023-10-18 04:38:39,10.063236722270183
2023-10-18 04:48:39,10.061853830946333
2023-10-18 04:58:39,10.060486672066148
2023-10-18 05:08:39,10.059072582326392
2023-10-18 05:18:39,10.057522065084113
2023-10-18 05:28:39,10.055745623641382
2023-10-18 05:38:39,10.053690866139794
2023-10-18 05:48:39,10.051377174991488
2023-10-18 05:58:39,10.048913679010214
2023-10-18 06:08:39,10.046490324509278
2023-10-18 06:18:39,10.044340559673628
2023-10-18 06:28:39,10.042684572602845
2023-10-18 06:38:39,10.041670237398705
2023-10-18 06:48:39,10.04133153333508
2023-10-18 06:58:39,10.041579732886161
2023-10-18 07:08:39,10.042232252918227
2023-10-18 07:18:39,10.043071216148979
2023-10-18 07:28:39,10.04391308647232
2023-10-18 07:38:39,10.044666245246527
2023-10-18 07:48:39,10.045356949739364
2023-10-18 07:58:39,10.046114715126109
2023-10-18 08:08:39,10.047122120764335
2023-10-18 08:18:39,10.048546381023925
2023-10-18 08:28:39,10.050476283426736
2023-10-18 08:38:39,10.052886012077128
2023-10-18 08:48:39,10.055637716623735
2023-10-18 08:58:39,10.058520993986262
2023-10-18 09:08:39,10.061314701388499
2023-10-18 09:18:39,10.063849281051358
2023-10-18 09:28:39,10.066048513251507
2023-10-18 09:38:39,10.06793781178599
2023-10-18 09:48:39,10.069618596941137
2023-10-18 09:58:39,10.071220242122616
2023-10-18 10:08:39,10.072848251222327
2023-10-18 10:18:39,10.07454730139451
2023-10-18 10:28:39,10.076290976947048
2023-10-18 10:38:39,10.077999338423536
2023-10-18 10:48:39,10.079575135739098
2023-10-18 10:58:39,10.080943341704181
2023-10-18 11:08:39,10.082078788071899
2023-10-18 11:18:39,10.083012552884785
2023-10-18 11:28:39,10.083816703430019
2023-10-18 11:38:39,10.084575339406864
2023-10-18 11:48:39,10.085354385503877
2023-10-18 11:58:39,10.086181766530563
2023-10-18 12:08:39,10.08704420941902
2023-10-18 12:18:39,10.087899510128292
2023-10-18 12:28:39,10.088696899581716
2023-10-18 12:38:39,10.089395661767481
2023-10-18 12:48:39,10.089974199753888
2023-10-18 12:58:39,10.090427129649813
2023-10-18 13:08:39,10.090754122594754
2023-10-18 13:18:39,10.090948278613231
2023-10-18 13:28:39,10.090991962105099
2023-10-18 13:38:39,10.090864196502634
2023-10-18 13:48:39,10.090557642903436
2023-10-18 13:58:39,10.090097651077214
2023-10-18 14:08:39,10.089553479326817
2023-10-18 14:18:39,10.089033827546514
2023-10-18 14:28:39,10.08866470384403
2023-10-18 14:38:39,10.088555040863755
2023-10-18 14:48:39,10.088761322658923
2023-10-18 14:58:39,10.089264216600968
2023-10-18 15:08:39,10.0899668640259
2023-10-18 15:18:39,10.090717145392222
2023-10-18 15:28:39,10.09134763088178
2023-10-18 15:38:39,10.091720369542994
2023-10-18 15:48:39,10.09176173598726
2023-10-18 15:58:39,10.09147604677411
2023-10-18 16:08:39,10.090934277361757
2023-10-18 16:18:39,10.090243055959451
2023-10-18 16:28:39,10.089505830485454
2023-10-18 16:38:39,10.088790210354082
2023-10-18 16:48:39,10.088112315160938
2023-10-18 16:58:39,10.087441912407918
2023-10-18 17:08:39,10.086724056550407
2023-10-18 17:18:39,10.085907016479537
2023-10-18 17:28:39,10.084964708828046
2023-10-18 17:38:39,10.083905047461153
2023-10-18 17:48:39,10.082762070975283
2023-10-18 17:58:39,10.081576665693744
2023-10-18 18:08:39,10.080375304884146
2023-10-18 18:18:39,10.079156675457673
2023-10-18 18:28:39,10.07789231867507
2023-10-18 18:38:39,10.076541154175647
2023-10-18 18:48:39,10.075071661584886
2023-10-18 18:58:39,10.073482104470509
2023-10-18 19:08:39,10.07180986839834
2023-10-18 19:18:39,10.070125407774928
2023-10-18 19:28:39,10.06851257990302
2023-10-18 19:38:39,10.0670426814019
2023-10-18 19:48:39,10.065752038324327
2023-10-18 19:58:39,10.064631554477371
2023-10-18 20:08:39,10.0636318569814
2023-10-18 20:18:39,10.062681594607868
2023-10-18 20:28:39,10.06171152777558
2023-10-18 20:38:39,10.060675237031903
2023-10-18 20:48:39,10.059559180237644
2023-10-18 20:58:39,10.058379518948183
2023-10-18 21:08:39,10.057168573928337
2023-10-18 21:18:39,10.05595768966048
2023-10-18 21:28:39,10.054764139378777
2023-10-18 21:38:39,10.053587280564654
2023-10-18 21:48:39,10.052414659221437
2023-10-18 21:58:39,10.051234189364584
2023-10-18 22:08:39,10.050045892321812
2023-10-18 22:18:39,10.048867069709
2023-10-18 22:28:39,10.047727963235243
2023-10-18 22:38:39,10.046659468520803
2023-10-18 22:48:39,10.045678297233321
2023-10-18 22:58:39,10.044776415662142
2023-10-18 23:08:39,10.043919975277069
2023-10-18 23:18:39,10.043058970320864
2023-10-18 23:28:39,10.042144222960443
2023-10-18 23:38:39,10.041145016146398
2023-10-18 23:48:39,10.040060205212315
2023-10-18 23:58:39,10.03891818734657
2023-10-19 00:08:39,10.037765640029189
2023-10-19 00:18:39,10.036649549884872
2023-10-19 00:28:39,10.035599796645064
2023-10-19 00:38:39,10.034619276162404
2023-10-19 00:48:39,10.033685365304564
2023-10-19 00:58:39,10.032761799551151
2023-10-19 01:08:39,10.03181575016054
2023-10-19 01:18:39,10.030832847752087
2023-10-19 01:28:39,10.0298239339731
2023-10-19 01:38:39,10.02882095056822
2023-10-19 01:48:39,10.027864016212696
2023-10-19 01:58:39,10.02698540396536
2023-10-19 02:08:39,10.02619726968506
2023-10-19 02:18:39,10.025488156312237
2023-10-19 02:28:39,10.024829360602965
2023-10-19 02:38:39,10.024187956325775
2023-10-19 02:48:39,10.023540512038295
2023-10-19 02:58:39,10.022881512631228
2023-10-19 03:08:39,10.022223154806621
2023-10-19 03:18:39,10.021587289069597
2023-10-19 03:28:39,10.020993920241317
2023-10-19 03:38:39,10.020452153058379
2023-10-19 03:48:39,10.01995806162579
2023-10-19 03:58:39,10.019500294299592
2023-10-19 04:08:39,10.01907001810266
2023-10-19 04:18:39,10.018669120768378
2023-10-19 04:28:39,10.01831088276014
2023-10-19 04:38:39,10.018010742306078
2023-10-19 04:48:39,10.017769957085285
2023-10-19 04:58:39,10.017559591800751
2023-10-19 05:08:39,10.01731401075503
2023-10-19 05:18:39,10.016940670402795
2023-10-19 05:28:39,10.016346963259535
2023-10-19 05:38:39,10.01547733363521
2023-10-19 05:48:39,10.01434795808298
2023-10-19 05:58:39,10.013064728681522
2023-10-19 06:08:39,10.011814335390197
2023-10-19 06:18:39,10.010826961738514
2023-10-19 06:28:39,10.010319534204589
2023-10-19 06:38:39,10.010436679628139
2023-10-19 06:48:39,10.011209155649304
2023-10-19 06:58:39,10.012545049907443
2023-10-19 07:08:39,10.014258642275857
2023-10-19 07:18:39,10.016128977190895
2023-10-19 07:28:39,10.01796950964658
2023-10-19 07:38:39,10.01968569189286
2023-10-19 07:48:39,10.021300942029228
2023-10-19 07:58:39,10.022942035824075
2023-10-19 08:08:39,10.024788922464989
2023-10-19 08:18:39,10.027006304491975
2023-10-19 08:28:39,10.029680584616798
2023-10-19 08:38:39,10.032783697396578
2023-10-19 08:48:39,10.036175685973069
2023-10-19 08:58:39,10.039644191073423
2023-10-19 09:08:39,10.042966270808652
2023-10-19 09:18:39,10.04597073156036
2023-10-19 09:28:39,10.048579886711877
2023-10-19 09:38:39,10.050817857152747
2023-10-19 09:48:39,10.052784948724357
2023-10-19 09:58:39,10.05460960268957
2023-10-19 10:08:39,10.056396576314544
2023-10-19 10:18:39,10.058189988217974
2023-10-19 10:28:39,10.059963054192664
2023-10-19 10:38:39,10.061635657554133
2023-10-19 10:48:39,10.063110562881933
2023-10-19 10:58:39,10.064312949504911
2023-10-19 11:08:39,10.065218046822201
2023-10-19 11:18:39,10.0658575202885
2023-10-19 11:28:39,10.06630421234342
2023-10-19 11:38:39,10.066643182906772
2023-10-19 11:48:39,10.066941498649086
2023-10-19 11:58:39,10.067228404191642
2023-10-19 12:08:39,10.067492119567717
2023-10-19 12:18:39,10.067692101980748
2023-10-19 12:28:39,10.067779406032914
2023-10-19 12:38:39,10.067715295543909
2023-10-19 12:48:39,10.067480302759027
2023-10-19 12:58:39,10.067071314989462
2023-10-19 13:08:39,10.06649040878779
2023-10-19 13:18:39,10.06573321553433
2023-10-19 13:28:39,10.064784748224511
2023-10-19 13:38:39,10.063626787027918
2023-10-19 13:48:39,10.062254848443862
2023-10-19 13:58:39,10.060697226502668
2023-10-19 14:08:39,10.05902620250951
2023-10-19 14:18:39,10.057353567724672
2023-10-19 14:28:39,10.055808479370329
2023-10-19 14:38:39,10.05450306614602
2023-10-19 14:48:39,10.053497044128115
2023-10-19 14:58:39,10.052774337591323
2023-10-19 15:08:39,10.052241358484924
2023-10-19 15:18:39,10.051749260366945
2023-10-19 15:28:39,10.051133877786185
2023-10-19 15:38:39,10.050260504234535
2023-10-19 15:48:39,10.049058727717512
2023-10-19 15:58:39,10.047536036138496
2023-10-19 16:08:39,10.045766523377079
2023-10-19 16:18:39,10.043859872464603
2023-10-19 16:28:39,10.041922512079838
2023-10-19 16:38:39,10.040024948137702
2023-10-19 16:48:39,10.03818610255893
2023-10-19 16:58:39,10.036378441412547
2023-10-19 17:08:39,10.034549604731291
2023-10-19 17:18:39,10.032650325154261
2023-10-19 17:28:39,10.030656852815723
2023-10-19 17:38:39,10.028579296865626
2023-10-19 17:48:39,10.026453745468801
2023-10-19 17:58:39,10.02432298180898
2023-10-19 18:08:39,10.022215216832025
2023-10-19 18:18:39,10.020130710027194
2023-10-19 18:28:39,10.018042404766916
2023-10-19 18:38:39,10.015910447570263
2023-10-19 18:48:39,10.013704365533695
2023-10-19 18:58:39,10.01142328673158
2023-10-19 19:08:39,10.009105275335726
2023-10-19 19:18:39,10.006821276169607
2023-10-19 19:28:39,10.004655447102419
2023-10-19 19:38:39,10.00267919447686
2023-10-19 19:48:39,10.00092876286515
2023-10-19 19:58:39,9.999394783695587
2023-10-19 20:08:39,9.998027421764087
2023-10-19 20:18:39,9.996754675170184
2023-10-19 20:28:39,9.99550646755627
2023-10-19 20:38:39,9.994235359465705
2023-10-19 20:48:39,9.992926609024613
2023-10-19 20:58:39,9.991595002433607
2023-10-19 21:08:39,9.99027131418823
2023-10-19 21:18:39,9.988985176876067
2023-10-19 21:28:39,9.987751992058701
2023-10-19 21:38:39,9.986569092155172
2023-10-19 21:48:39,9.985421851628184
2023-10-19 21:58:39,9.984295873877283
2023-10-19 22:08:39,9.98318873841008
2023-10-19 22:18:39,9.982115182138157
2023-10-19 22:28:39,9.981102767910016
2023-10-19 22:38:39,9.980179607441135
2023-10-19 22:48:39,9.979359532916105
2023-10-19 22:58:39,9.978631545348351
2023-10-19 23:08:39,9.977958755209574
2023-10-19 23:18:39,9.977288050345804
2023-10-19 23:28:39,9.976567091664899
2023-10-19 23:38:39,9.975761956716982
2023-10-19 23:48:39,9.974868262154432
2023-10-19 23:58:39,9.973911144175723
2023-10-20 00:08:39,9.972934007996287
2023-10-20 00:18:39,9.971980567773903
2023-10-20 00:28:39,9.971077441630694
2023-10-20 00:38:39,9.970224285692105
2023-10-20 00:48:39,9.969395269913091
2023-10-20 00:58:39,9.968550966500613
2023-10-20 01:08:39,9.967655437743385
2023-10-20 01:18:39,9.966691270068512
2023-10-20 01:28:39,9.965666335962013
2023-10-20 01:38:39,9.964609693021117
2023-10-20 01:48:39,9.963558670487394
2023-10-20 01:58:39,9.962542856064015
2023-10-20 02:08:39,9.961571833347598
2023-10-20 02:18:39,9.96063169472953
2023-10-20 02:28:39,9.959691416340556
2023-10-20 02:38:39,9.958715889007228
2023-10-20 02:48:39,9.957679643329106
2023-10-20 02:58:39,9.956575278019175
2023-10-20 03:08:39,9.9554132616728
2023-10-20 03:18:39,9.954213880508709
2023-10-20 03:28:39,9.952995744082461
2023-10-20 03:38:39,9.951766735510832
2023-10-20 03:48:39,9.950521884964427
2023-10-20 03:58:39,9.949248978000082
2023-10-20 04:08:39,9.947938502809656
2023-10-20 04:18:39,9.946591854481603
2023-10-20 04:28:39,9.945222008620835
2023-10-20 04:38:39,9.943844287351373
2023-10-20 04:48:39,9.942460021344377
2023-10-20 04:58:39,9.941040537103756
2023-10-20 05:08:39,9.939520648629731
2023-10-20 05:18:39,9.937808448434874
2023-10-20 05:28:39,9.935812149303734
2023-10-20 05:38:39,9.93347719727373
2023-10-20 05:48:39,9.930820948730542
2023-10-20 05:58:39,9.927950649754585
2023-10-20 06:08:39,9.925054513986522
2023-10-20 06:18:39,9.922364413255169
2023-10-20 06:28:39,9.920099121380389
2023-10-20 06:38:39,9.9184052654916
2023-10-20 06:48:39,9.917315749878526
2023-10-20 06:58:39,9.916740948148412
2023-10-20 07:08:39,9.916497557970963
2023-10-20 07:18:39,9.916367165507568
2023-10-20 07:28:39,9.91616588311409
2023-10-20 07:38:39,9.91580192740406
2023-10-20 07:48:39,9.915301578877498
2023-10-20 07:58:39,9.914794564474716
2023-10-20 08:08:39,9.914463863817144
2023-10-20 08:18:39,9.914477279382501
2023-10-20 08:28:39,9.914924373399717
2023-10-20 08:38:39,9.915780289412973
2023-10-20 08:48:39,9.916908318816992
2023-10-20 08:58:39,9.918099379536143
2023-10-20 09:08:39,9.919133825475251
2023-10-20 09:18:39,9.919843767039232
2023-10-20 09:28:39,9.920154819502121
2023-10-20 09:38:39,9.920094393226094
2023-10-20 09:48:39,9.919766060897745
2023-10-20 09:58:39,9.919301497929226
2023-10-20 10:08:39,9.918808653119445
2023-10-20 10:18:39,9.918334784290899
2023-10-20 10:28:39,9.917856184615317
2023-10-20 10:38:39,9.91729574373783
2023-10-20 10:48:39,9.916559152583178
2023-10-20 10:58:39,9.915574428219783
2023-10-20 11:08:39,9.914319540927947
2023-10-20 11:18:39,9.912828792289341
2023-10-20 11:28:39,9.911177548650677
2023-10-20 11:38:39,9.909453274561226
2023-10-20 11:48:39,9.907725315457425
2023-10-20 11:58:39,9.906025062736978
2023-10-20 12:08:39,9.904342745601603
2023-10-20 12:18:39,9.902639687704198
2023-10-20 12:28:39,9.90086866279514
2023-10-20 12:38:39,9.898992502510055
2023-10-20 12:48:39,9.896993152090447
2023-10-20 12:58:39,9.89486875412219
2023-10-20 13:08:39,9.892622480369644
2023-10-20 13:18:39,9.89025089561114
2023-10-20 13:28:39,9.887739783254622
2023-10-20 13:38:39,9.885071530328238
2023-10-20 13:48:39,9.882242096641145
2023-10-20 13:58:39,9.879280056587186
2023-10-20 14:08:39,9.876257810076908
2023-10-20 14:18:39,9.873287106971135
2023-10-20 14:28:39,9.870496905427293
2023-10-20 14:38:39,9.867998980307634
2023-10-20 14:48:39,9.865852542518837
2023-10-20 14:58:39,9.864040863807487
2023-10-20 15:08:39,9.862469560734715
2023-10-20 15:18:39,9.860988853610163
2023-10-20 15:28:39,9.859433511349277
2023-10-20 15:38:39,9.857667635373494
2023-10-20 15:48:39,9.855619501558468
2023-10-20 15:58:39,9.853295172419394
2023-10-20 16:08:39,9.85076721037784
2023-10-20 16:18:39,9.848143668490085
2023-10-20 16:28:39,9.845529254831352
2023-10-20 16:38:39,9.842992672280461
2023-10-20 16:48:39,9.840550965764743
2023-10-20 16:58:39,9.838174659119012
2023-10-20 17:08:39,9.835809393837733
2023-10-20 17:18:39,9.833403856833092
2023-10-20 17:28:39,9.830932214587287
2023-10-20 17:38:39,9.828402464054955
2023-10-20 17:48:39,9.825848562124312
2023-10-20 17:58:39,9.823311151128566
2023-10-20 18:08:39,9.820816301110955
2023-10-20 18:18:39,9.818362140109928
2023-10-20 18:28:39,9.815919498940024
2023-10-20 18:38:39,9.813446439817344
2023-10-20 18:48:39,9.810910443014292
2023-10-20 18:58:39,9.808308636347794
2023-10-20 19:08:39,9.805677139178302
2023-10-20 19:18:39,9.803085015638972
2023-10-20 19:28:39,9.800614615442562
2023-10-20 19:38:39,9.79833561744211
2023-10-20 19:48:39,9.796282627219414
2023-10-20 19:58:39,9.794444733189302
2023-10-20 20:08:39,9.792770660234462
2023-10-20 20:18:39,9.791187076373157
2023-10-20 20:28:39,9.789622691307898
2023-10-20 20:38:39,9.788028973662756
2023-10-20 20:48:39,9.786390217083117
2023-10-20 20:58:39,9.784720375664358
2023-10-20 21:08:39,9.783049528618715
2023-10-20 21:18:39,9.781406753999107
2023-10-20 21:28:39,9.77980704298785
2023-10-20 21:38:39,9.778247464646318
2023-10-20 21:48:39,9.776713279411355
2023-10-20 21:58:39,9.77519012775323
2023-10-20 22:08:39,9.773675778534013
2023-10-20 22:18:39,9.772185310926417
2023-10-20 22:28:39,9.770746782998687
2023-10-20 22:38:39,9.769388954120286
2023-10-20 22:48:39,9.768126455467842
2023-10-20 22:58:39,9.766949236722395
2023-10-20 23:08:39,9.765821504465922
2023-10-20 23:18:39,9.764691387316585
2023-10-20 23:28:39,9.763507928279045
2023-10-20 23:38:39,9.762238724455786
2023-10-20 23:48:39,9.760881045113345
2023-10-20 23:58:39,9.759461807216386
2023-10-21 00:08:39,9.758026319503854
2023-10-21 00:18:39,9.756620316537996
2023-10-21 00:28:39,9.755272547394053
2023-10-21 00:38:39,9.753984902934432
2023-10-21 00:48:39,9.752733884453631
2023-10-21 00:58:39,9.751482484533947
2023-10-21 01:08:39,9.750197266943402
2023-10-21 01:18:39,9.748863392423706
2023-10-21 01:28:39,9.74749137203119
2023-10-21 01:38:39,9.7461129573329
2023-10-21 01:48:39,9.744768217828927
2023-10-21 01:58:39,9.74348951843987
2023-10-21 02:08:39,9.742289247418014
2023-10-21 02:18:39,9.741156319573596
2023-10-21 02:28:39,9.740062541414538
2023-10-21 02:38:39,9.738975632212375
2023-10-21 02:48:39,9.737872939122287
2023-10-21 02:58:39,9.736749855544552
2023-10-21 03:08:39,9.735619612924639
2023-10-21 03:18:39,9.734505218558377
2023-10-21 03:28:39,9.733427951450611
2023-10-21 03:38:39,9.732398302788035
2023-10-21 03:48:39,9.731413839822189
2023-10-21 03:58:39,9.730464804758322
2023-10-21 04:08:39,9.729544052772367
2023-10-21 04:18:39,9.728655247264795
2023-10-21 04:28:39,9.727813524745953
2023-10-21 04:38:39,9.72703625238624
2023-10-21 04:48:39,9.72632668192658
2023-10-21 04:58:39,9.725657929177087
2023-10-21 05:08:39,9.724966458286824
2023-10-21 05:18:39,9.724161865748199
2023-10-21 05:28:39,9.723153715578098
2023-10-21 05:38:39,9.721888646154643
2023-10-21 05:48:39,9.72038504164495
2023-10-21 05:58:39,9.718751006155184
2023-10-21 06:08:39,9.717175436902131
2023-10-21 06:18:39,9.715890710672035
2023-10-21 06:28:39,9.715115923974878
2023-10-21 06:38:39,9.71499784125755
2023-10-21 06:48:39,9.715569316212123
2023-10-21 06:58:39,9.716740481931947
2023-10-21 07:08:39,9.718327604244253
2023-10-21 07:18:39,9.7201116452824
2023-10-21 07:28:39,9.72190790092542
2023-10-21 07:38:39,9.723623579153573
2023-10-21 07:48:39,9.725283760566503
2023-10-21 07:58:39,9.727016782380717
2023-10-21 08:08:39,9.729004046701892
2023-10-21 08:18:39,9.731411593280518
2023-10-21 08:28:39,9.734327039542505
2023-10-21 08:38:39,9.737723405847355
2023-10-21 08:48:39,9.741461686229416
2023-10-21 08:58:39,9.745330331825526
2023-10-21 09:08:39,9.74910706555651
2023-10-21 09:18:39,9.752621208388858
2023-10-21 09:28:39,9.755795433892247
2023-10-21 09:38:39,9.758654065118503
2023-10-21 09:48:39,9.761297448915803
2023-10-21 09:58:39,9.763853903812729
2023-10-21 10:08:39,9.76642789855277
2023-10-21 10:18:39,9.769063095965276
2023-10-21 10:28:39,9.771732087851548
2023-10-21 10:38:39,9.774353964968826
2023-10-21 10:48:39,9.776830530997517
2023-10-21 10:58:39,9.779085836787683
2023-10-21 11:08:39,9.781093817052358
2023-10-21 11:18:39,9.782884678265452
2023-10-21 11:28:39,9.784529642080358
2023-10-21 11:38:39,9.786111988871797
2023-10-21 11:48:39,9.787696850610343
2023-10-21 11:58:39,9.78931138619761
2023-10-21 12:08:39,9.790941583595083
2023-10-21 12:18:39,9.792544526773993
2023-10-21 12:28:39,9.794068761623896
2023-10-21 12:38:39,9.795472913950256
2023-10-21 12:48:39,9.79673475531342
2023-10-21 12:58:39,9.7978482967509
2023-10-21 13:08:39,9.798812630462853
2023-10-21 13:18:39,9.79962030330161
2023-10-21 13:28:39,9.800253151846793
2023-10-21 13:38:39,9.800689696592075
2023-10-21 13:48:39,9.800922120063033
2023-10-21 13:58:39,9.800975317267067
2023-10-21 14:08:39,9.800918114959961
2023-10-21 14:18:39,9.800858804080228
2023-10-21 14:28:39,9.800923005712516
2023-10-21 14:38:39,9.801219286740885
2023-10-21 14:48:39,9.801803786021676
2023-10-21 14:58:39,9.802656845589961
2023-10-21 15:08:39,9.803681300588254
2023-10-21 15:18:39,9.804724743709643
2023-10-21 15:28:39,9.805619475077846
2023-10-21 15:38:39,9.806227290685493
2023-10-21 15:48:39,9.806474328386171
2023-10-21 15:58:39,9.80636468360167
2023-10-21 16:08:39,9.805969125600862
2023-10-21 16:18:39,9.805394090714431
2023-10-21 16:28:39,9.804742848677945
2023-10-21 16:38:39,9.804082843832981
2023-10-21 16:48:39,9.803430043263182
2023-10-21 16:58:39,9.802754074009382
2023-10-21 17:08:39,9.801999861642262
2023-10-21 17:18:39,9.801115557314489
2023-10-21 17:28:39,9.800074970680118
2023-10-21 17:38:39,9.798885919052571
2023-10-21 17:48:39,9.79758235460622
2023-10-21 17:58:39,9.796205087139992
2023-10-21 18:08:39,9.79478052309669
2023-10-21 18:18:39,9.79330729213365
2023-10-21 18:28:39,9.79175688773334
2023-10-21 18:38:39,9.790088191205689
2023-10-21 18:48:39,9.7882696533076
2023-10-21 18:58:39,9.786299518266969
2023-10-21 19:08:39,9.78421516195466
2023-10-21 19:18:39,9.782087038894593
2023-10-21 19:28:39,9.779999016524673
2023-10-21 19:38:39,9.778022411877336
2023-10-21 19:48:39,9.776193581990452
2023-10-21 19:58:39,9.774503472562767
2023-10-21 20:08:39,9.77290276388768
2023-10-21 20:18:39,9.771320169592814
2023-10-21 20:28:39,9.769686527071354
2023-10-21 20:38:39,9.767955506425158
2023-10-21 20:48:39,9.76611366812551
2023-10-21 20:58:39,9.764177289896509
2023-10-21 21:08:39,9.762178822737807
2023-10-21 21:18:39,9.760149755956242
2023-10-21 21:28:39,9.758107522717996
2023-10-21 21:38:39,9.756051656070564
2023-10-21 21:48:39,9.753969893725598
2023-10-21 21:58:39,9.75185035806273
2023-10-21 22:08:39,9.749693295908529
2023-10-21 22:18:39,9.747516251982608
2023-10-21 22:28:39,9.745349729140294
2023-10-21 22:38:39,9.743224902600568
2023-10-21 22:48:39,9.741158782450945
2023-10-21 22:58:39,9.739143652551615
2023-10-21 23:08:39,9.737146001377653
2023-10-21 23:18:39,9.735116179842922
2023-10-21 23:28:39,9.733005386625267
2023-10-21 23:38:39,9.730783301143235
2023-10-21 23:48:39,9.728449195208427
2023-10-21 23:58:39,9.72603190247578
2023-10-22 00:08:39,9.723578556796028
2023-10-22 00:18:39,9.721136620905522
2023-10-22 00:28:39,9.718736470139719
2023-10-22 00:38:39,9.716381515134268
2023-10-22 00:48:39,9.714049666303978
2023-10-22 00:58:39,9.711705210951223
2023-10-22 01:08:39,9.709315889857596
2023-10-22 01:18:39,9.706867920192686
2023-10-22 01:28:39,9.704372746429817
2023-10-22 01:38:39,9.701862928566005
2023-10-22 01:48:39,9.699379218026111
2023-10-22 01:58:39,9.696954534083218
2023-10-22 02:08:39,9.694601691173652
2023-10-22 02:18:39,9.692309901967391
2023-10-22 02:28:39,9.690051142829722
2023-10-22 02:38:39,9.687793175645515
2023-10-22 02:48:39,9.685513264154325
2023-10-22 02:58:39,9.683206593963803
2023-10-22 03:08:39,9.68088606644242
2023-10-22 03:18:39,9.67857423904045
2023-10-22 03:28:39,9.676291824077358
2023-10-22 03:38:39,9.674048632551308
2023-10-22 03:48:39,9.671841441751544
2023-10-22 03:58:39,9.669659598249364
2023-10-22 04:08:39,9.66749496038664
2023-10-22 04:18:39,9.66535009834578
2023-10-22 04:28:39,9.663238964177927
2023-10-22 04:38:39,9.66117765481531
