time,value_temp,value_hum,value_acid
2023-05-17 04:40:21,18.21012842841548,78.87516536360599,6.39095410651452
2023-05-17 04:50:21,18.22861580367112,78.96303381109536,6.3850295115086775
2023-05-17 05:00:21,18.247763677008944,79.03107981372938,6.379049929283533
2023-05-17 05:10:21,18.26745898889497,79.08043843262026,6.373206125069598
2023-05-17 05:20:21,18.28780457339153,79.11499150067472,6.367662864932587
2023-05-17 05:30:21,18.30909980481916,79.14007529729562,6.36251378642029
2023-05-17 05:40:21,18.331777661726584,79.16096968095565,6.357752314288268
2023-05-17 05:50:21,18.35631357325046,79.18156014766251,6.35326886121779
2023-05-17 06:00:21,18.383125559619128,79.20349426855456,6.348877526205438
2023-05-17 06:10:21,18.41248627750769,79.2260165795206,6.344366798258769
2023-05-17 06:20:21,18.44446569622937,79.24649619517871,6.339561121211164
2023-05-17 06:30:21,18.4789179016326,79.261495405766,6.334376165443676
2023-05-17 06:40:21,18.515516716964388,79.26809760717632,6.328851810826486
2023-05-17 06:50:21,18.553833228743912,79.26514465459537,6.3231530349530765
2023-05-17 07:00:21,18.59343630157048,79.25404343882494,6.3175382795515285
2023-05-17 07:10:21,18.63398849732537,79.2388929179587,6.312304454902334
2023-05-17 07:20:21,18.67530833836225,79.22584336236162,6.3077244150977725
2023-05-17 07:30:21,18.717377768531826,79.22179808432607,6.303994315990405
2023-05-17 07:40:21,18.76028999222557,79.23275752586672,6.301204294559979
2023-05-17 07:50:21,18.804153055027747,79.26223281772445,6.299337828487229
2023-05-17 08:00:21,18.848981599305347,79.3101757585763,6.2982957974251885
2023-05-17 08:10:21,18.89461626275359,79.37276446254938,6.297933917820227
2023-05-17 08:20:21,18.94070321578537,79.4431652800253,6.298099337710504
2023-05-17 08:30:21,18.98674641484397,79.51311647469332,6.298654577037709
2023-05-17 08:40:21,19.03221861043277,79.57492756384465,6.299483559994578
2023-05-17 08:50:21,19.076693647965534,79.62334206522571,6.300482572145556
2023-05-17 09:00:21,19.11995156323365,79.65672643790708,6.301545425423029
2023-05-17 09:10:21,19.162014760164425,79.67723169833145,6.302554429999182
2023-05-17 09:20:21,19.20309692013034,79.68987815441417,6.303386057979708
2023-05-17 09:30:21,19.2434783288512,79.70084551055318,6.303933491530249
2023-05-17 09:40:21,19.28335011094777,79.71550247737215,6.304140187465298
2023-05-17 09:50:21,19.322684011244966,79.73679533090352,6.304032353445419
2023-05-17 10:00:21,19.361177512895093,79.76449960930437,6.303736386499234
2023-05-17 10:10:21,19.398297813235263,79.7955565470883,6.303470836911294
2023-05-17 10:20:21,19.43341180080379,79.82535769188019,6.303510298699817
2023-05-17 10:30:21,19.465956425818028,79.84952764038859,6.30412811490955
2023-05-17 10:40:21,19.495587625864577,79.86559319941964,6.305532560442929
2023-05-17 10:50:21,19.522253142678892,79.87397364063166,6.307814401322614
2023-05-17 11:00:21,19.546163038084007,79.8779653148027,6.310921165137417
2023-05-17 11:10:21,19.56767089155218,79.88274170101907,6.314665854131409
2023-05-17 11:20:21,19.587113387891108,79.89372562894727,6.3187677018211845
2023-05-17 11:30:21,19.604672475306785,79.91489725491807,6.322913278851289
2023-05-17 11:40:21,19.620315580775948,79.94760903493504,6.326820818514747
2023-05-17 11:50:21,19.63383845203975,79.99028832039103,6.330290697130855
2023-05-17 12:00:21,19.644993929563448,80.03909056874521,6.333230298740481
2023-05-17 12:10:21,19.65365461454757,80.08923669709068,6.335650002765786
2023-05-17 12:20:21,19.659942249379625,80.13654376463369,6.337635774981941
2023-05-17 12:30:21,19.664268145521085,80.17861539309541,6.339309951856951
2023-05-17 12:40:21,19.667263111394696,80.21530621942779,6.340793526687804
2023-05-17 12:50:21,19.66961885281273,80.2483532897932,6.342180459516913
2023-05-17 13:00:21,19.671898534810182,80.28037132261466,6.343528692246657
2023-05-17 13:10:21,19.67438772399899,80.31362723512083,6.344866033391091
2023-05-17 13:20:21,19.677042539366692,80.34906643013424,6.3462042591194106
2023-05-17 13:30:21,19.6795548691613,80.38594505671317,6.347553172945562
2023-05-17 13:40:21,19.681509402349636,80.42217954003672,6.348928149574787
2023-05-17 13:50:21,19.682571819804192,80.4552515670215,6.350348749705999
2023-05-17 14:00:21,19.682635918770664,80.48330501967098,6.351830471554004
2023-05-17 14:10:21,19.68187438162453,80.5060120374283,6.353374765495107
2023-05-17 14:20:21,19.68067661578621,80.52488389797773,6.3549629746693785
2023-05-17 14:30:21,19.67950206777832,80.54291545493001,6.356557871827091
2023-05-17 14:40:21,19.678710564221515,80.56369628037959,6.358112953662583
2023-05-17 14:50:21,19.678439211185875,80.59030711335748,6.3595861822594655
2023-05-17 15:00:21,19.678575041041388,80.62438298018792,6.36095286893462
2023-05-17 15:10:21,19.67883231981745,80.66564923954897,6.362212637652407
2023-05-17 15:20:21,19.67889978382877,80.71205969554646,6.363387700006103
2023-05-17 15:30:21,19.678594068332764,80.76045706258705,6.364513025711992
2023-05-17 15:40:21,19.677953275469445,80.80751161525814,6.365622035715207
2023-05-17 15:50:21,19.67723007191162,80.85062731026075,6.366733007724465
2023-05-17 16:00:21,19.676786445974965,80.88854903752282,6.367840938638622
2023-05-17 16:10:21,19.67693449326461,80.92153149677738,6.368917439968906
2023-05-17 16:20:21,19.677791521260858,80.95108449451457,6.369918281665351
2023-05-17 16:30:21,19.679212950643457,80.97943334141327,6.37079561342432
2023-05-17 16:40:21,19.680834426497658,81.0088881767535,6.371510606580766
2023-05-17 16:50:21,19.68220823656349,81.04129599977405,6.372042616024443
2023-05-17 17:00:21,19.682977906164325,81.07767756504197,6.372392634324799
2023-05-17 17:10:21,19.68301643068163,81.11806785986958,6.372580998886686
2023-05-17 17:20:21,19.682466645848383,81.16152044835559,6.372641112991408
2023-05-17 17:30:21,19.68166234359568,81.20622069974648,6.3726117263818605
2023-05-17 17:40:21,19.680959919910556,81.24967457015443,6.372529973353695
2023-05-17 17:50:21,19.680551247575004,81.28897348540559,6.3724262738126605
2023-05-17 18:00:21,19.680341132237917,81.3211531035443,6.372321031898444
2023-05-17 18:10:21,19.679950183888284,81.34364677190968,6.372222429972296
2023-05-17 18:20:21,19.678853673976786,81.35478657872399,6.37212478265278
2023-05-17 18:30:21,19.676608405851788,81.35424909932809,6.372007697148634
2023-05-17 18:40:21,19.67307681517913,81.34331123125175,6.371837139958062
2023-05-17 18:50:21,19.668549381174035,81.3247989758006,6.371569813992027
2023-05-17 19:00:21,19.66369885176851,81.30268347170286,6.371161620745292
2023-05-17 19:10:21,19.659362517077252,81.28138398202316,6.370579489830307
2023-05-17 19:20:21,19.6562187036392,81.26493868241482,6.369814041145892
2023-05-17 19:30:21,19.654473404461434,81.25626004396558,6.368889205958049
2023-05-17 19:40:21,19.653681430949845,81.25667627303443,6.367864801785803
2023-05-17 19:50:21,19.652787510224424,81.26587460159544,6.3668294561055525
2023-05-17 20:00:21,19.65039819026096,81.28223529492108,6.365883940541888
2023-05-17 20:10:21,19.645211326303635,81.30342348950043,6.3651181047619385
2023-05-17 20:20:21,19.63646721076035,81.3270347139973,6.364587112588086
2023-05-17 20:30:21,19.62426829504917,81.35109488779533,6.364293630378057
2023-05-17 20:40:21,19.60965114012652,81.37429215147979,6.36418153495694
2023-05-17 20:50:21,19.59437342710425,81.3959329651552,6.364143810616301
2023-05-17 21:00:21,19.58047349065224,81.41572064486078,6.364043433486035
2023-05-17 21:10:21,19.56973674995998,81.4335082520537,6.3637423838546185
2023-05-17 21:20:21,19.56323539397576,81.4491599928734,6.3631316112802345
2023-05-17 21:30:21,19.56108338975893,81.46257775927052,6.362154496833332
2023-05-17 21:40:21,19.5624769626031,81.47384991105463,6.3608181526882746
2023-05-17 21:50:21,19.56599654342469,81.4834051080448,6.35919017409575
2023-05-17 22:00:21,19.57006265195284,81.49204081869382,6.357382204542389
2023-05-17 22:10:21,19.573393705993062,81.50075226797499,6.355524818329072
2023-05-17 22:20:21,19.575322234151912,81.5103891366134,6.353739966322312
2023-05-17 22:30:21,19.57588225877721,81.52126786125433,6.352117255834375
2023-05-17 22:40:21,19.575662933601617,81.53291794431087,6.350698848241823
2023-05-17 22:50:21,19.575501906404423,81.54411174036404,6.349475340996649
2023-05-17 23:00:21,19.576139273331044,81.55322321832713,6.348392383309258
2023-05-17 23:10:21,19.577954837619647,81.55882108850001,6.347365597027032
2023-05-17 23:20:21,19.580870231239054,81.56028413863328,6.346300031833306
2023-05-17 23:30:21,19.584431110124896,81.55818604774839,6.345109986412071
2023-05-17 23:40:21,19.588018796563585,81.55425956543225,6.343735456790377
2023-05-17 23:50:21,19.59109915327416,81.55090032022717,6.342152489581355
2023-05-18 00:00:21,19.593412308623943,81.55035474043197,6.3403760583376405
2023-05-18 00:10:21,19.59503855711663,81.55388173321492,6.338455511990969
2023-05-18 00:20:21,19.59632860943336,81.56122064357372,6.336463967426475
2023-05-18 00:30:21,19.597738862957662,81.57061161244735,6.334484052893556
2023-05-18 00:40:21,19.599644766540344,81.57942157255913,6.33259298784663
2023-05-18 00:50:21,19.602207005158355,81.58519671137581,6.330849979393991
2023-05-18 01:00:21,19.605337963706592,81.58677784720163,6.329288292357432
2023-05-18 01:10:21,19.60877249566788,81.58505397081377,6.327913218777089
2023-05-18 01:20:21,19.612205458117693,81.58302409291863,6.326705796997726
2023-05-18 01:30:21,19.61543480284727,81.58506412458316,6.325630868532473
2023-05-18 01:40:21,19.61845121225077,81.59557842442011,6.324647255293439
2023-05-18 01:50:21,19.62144072216248,81.6174543831319,6.323717688840402
2023-05-18 02:00:21,19.62470399489563,81.65084366018692,6.3228165990662735
2023-05-18 02:10:21,19.628529564618265,81.69272055948461,6.32193472242776
2023-05-18 02:20:21,19.633075495709623,81.73743386397999,6.3210803516600205
2023-05-18 02:30:21,19.63830871275393,81.7781482101642,6.320277596857533
2023-05-18 02:40:21,19.644026995275144,81.8087718643253,6.319562135195736
2023-05-18 02:50:21,19.649955640755223,81.82579150164356,6.318974728018486
2023-05-18 03:00:21,19.65588214207501,81.82944252068093,6.31855261236348
2023-05-18 03:10:21,19.661778479294068,81.82383496269696,6.318319084855042
2023-05-18 03:20:21,19.667866066617798,81.81596851763504,6.3182723539860985
2023-05-18 03:30:21,19.674599861891096,81.81390428577305,6.318375866004686
2023-05-18 03:40:21,19.682576829978476,81.82461013811883,6.31855329541226
2023-05-18 03:50:21,19.69239915393536,81.85208526435045,6.318691561591412
2023-05-18 04:00:21,19.704535833505577,81.89627612106521,6.318654065877539
2023-05-18 04:10:21,19.719224197224666,81.95305674610897,6.3183037741403965
2023-05-18 04:20:21,19.73643769952656,82.01524035717003,6.317532358815204
2023-05-18 04:30:21,19.755924656554956,82.07431019949615,6.316288464559554
2023-05-18 04:40:21,19.77730205120986,82.12238405875684,6.314596578600689
2023-05-18 04:50:21,19.800175326214298,82.15389895326891,6.312558977774978
2023-05-18 05:00:21,19.824251833706203,82.16661443971664,6.310337024614121
2023-05-18 05:10:21,19.849421302412107,82.1617401325943,6.308113912315182
2023-05-18 05:20:21,19.875787842463964,82.14323028938203,6.306047132029636
2023-05-18 05:30:21,19.903650540375214,82.1164913344408,6.304223367424994
2023-05-18 05:40:21,19.93344047514298,82.08687084614566,6.302629433495022
2023-05-18 05:50:21,19.96562952057651,82.0583194768069,6.301149499397772
2023-05-18 06:00:21,20.000630446081995,82.03254725807845,6.299591807920629
2023-05-18 06:10:21,20.038708926656128,82.00885836556694,6.297739399188262
2023-05-18 06:20:21,20.079926188390644,81.98467861527314,6.29541169429313
2023-05-18 06:30:21,20.12412578654136,81.95662395045937,6.292519784619671
2023-05-18 06:40:21,20.17096920568812,81.92182826956827,6.289099431090354
2023-05-18 06:50:21,20.22001337006602,81.87918068602936,6.285311967365755
2023-05-18 07:00:21,20.270811148208463,81.83013201912566,6.281412679809249
2023-05-18 07:10:21,20.323007267709876,81.77882174876456,6.277695824006545
2023-05-18 07:20:21,20.37640057934256,81.7314371924049,6.274432110665393
2023-05-18 07:30:21,20.43095152519048,81.69491517543239,6.2718160726289085
2023-05-18 07:40:21,20.486729990327547,81.67528606875813,6.269936751783952
2023-05-18 07:50:21,20.543818902198595,81.67608730705409,6.268777064561655
2023-05-18 08:00:21,20.602206011062798,81.69729333567918,6.268237867525307
2023-05-18 08:10:21,20.661703319187826,81.73510123595592,6.268175394879941
2023-05-18 08:20:21,20.721926655107136,81.78269263230989,6.268437854306123
2023-05-18 08:30:21,20.782347969738066,81.8318173654137,6.268889366656513
2023-05-18 08:40:21,20.842406393338287,81.87479283729007,6.2694159960379165
2023-05-18 08:50:21,20.90164059099108,81.90636677239578,6.269916703002641
2023-05-18 09:00:21,20.95979391891312,81.92490618166097,6.270288503984347
2023-05-18 09:10:21,21.016850668539917,81.93255901060593,6.270417435970398
2023-05-18 09:20:21,21.072985047869484,81.93433891419508,6.270184211394183
2023-05-18 09:30:21,21.128436586084657,81.93641541138378,6.269486755872261
2023-05-18 09:40:21,21.18335445095641,81.94414355249421,6.268273760844105
2023-05-18 09:50:21,21.237667318321574,81.96045254457336,6.266577146307951
2023-05-18 10:00:21,21.291028583213382,81.98509752190768,6.264529484397803
2023-05-18 10:10:21,21.34286043363224,82.01499606195232,6.262355946883719
2023-05-18 10:20:21,21.3924839297277,82.0455128910278,6.260338177889461
2023-05-18 10:30:21,21.43928948097589,82.0722427165505,6.258756980087028
2023-05-18 10:40:21,21.48288588234381,82.09267949078873,6.2578284771414845
2023-05-18 10:50:21,21.523173245124305,82.10720677511152,6.257651651407395
2023-05-18 11:00:21,21.56031363054916,82.11908246963274,6.258182591629523
2023-05-18 11:10:21,21.594612367819035,82.13343898363625,6.25924318223995
2023-05-18 11:20:21,21.62635776502055,82.15565558435172,6.260561835155813
2023-05-18 11:30:21,21.65568339269833,82.1896665045833,6.261834569915411
2023-05-18 11:40:21,21.682508426775964,82.23677605168069,6.262789312627283
2023-05-18 11:50:21,21.7065806195649,82.29536134346381,6.263236349001763
2023-05-18 12:00:21,21.72760520204044,82.36152566280714,6.263093161044214
2023-05-18 12:10:21,21.7454076828811,82.43043595832088,6.262380386103583
2023-05-18 12:20:21,21.76006336033444,82.49785367686604,6.261194378753899
2023-05-18 12:30:21,21.77193788153473,82.56132533627732,6.259667965620274
2023-05-18 12:40:21,21.7816173013319,82.62064713251294,6.257932701689083
2023-05-18 12:50:21,21.789749612880765,82.67749648935298,6.256093150169765
2023-05-18 13:00:21,21.796855438235436,82.73442747842545,6.254217867438514
2023-05-18 13:10:21,21.80317909793642,82.79364550315947,6.252345257566247
2023-05-18 13:20:21,21.80863688673104,82.85603374325534,6.250497643213066
2023-05-18 13:30:21,21.812882413027594,82.9207855726293,6.248695295309629
2023-05-18 13:40:21,21.815463749830226,82.98575424599028,6.246963947149687
2023-05-18 13:50:21,21.81601174218258,83.04835803982826,6.245333379772754
2023-05-18 14:00:21,21.81438724406184,83.10667733967857,6.243829144501146
2023-05-18 14:10:21,21.810731995459165,83.1603208542993,6.24246254912492
2023-05-18 14:20:21,21.805406566040567,83.21073664605862,6.241224570638287
2023-05-18 14:30:21,21.7988437681933,83.26085671505618,6.240087364936454
2023-05-18 14:40:21,21.791379091628865,83.31420828534718,6.239013534763899
2023-05-18 14:50:21,21.783127690833226,83.37381039319601,6.23796984564031
2023-05-18 15:00:21,21.77395711409884,83.4412371434476,6.236940085132404
2023-05-18 15:10:21,21.76356468683125,83.51615388630694,6.235932002689404
2023-05-18 15:20:21,21.75162481754806,83.59645545765264,6.234975562171072
2023-05-18 15:30:21,21.737942489303364,83.67892676596573,6.234113091006836
2023-05-18 15:40:21,21.72254688314959,83.76018155950418,6.233384953208688
2023-05-18 15:50:21,21.70568452418034,83.83756865977124,6.232815936083592
2023-05-18 16:00:21,21.68771407944284,83.909779318486,6.232407095194122
2023-05-18 16:10:21,21.66894717685712,83.97701619420754,6.2321356336853135
2023-05-18 16:20:21,21.649503535081603,84.04073874312836,6.231962431462542
2023-05-18 16:30:21,21.62924388229045,84.10312370392543,6.231844253338405
2023-05-18 16:40:21,21.60781207661169,84.16643450318159,6.23174637926797
2023-05-18 16:50:21,21.584771525624376,84.23247336103505,6.231651756176368
2023-05-18 17:00:21,21.55977977409248,84.30221825398229,6.2315644435713065
2023-05-18 17:10:21,21.53272672112252,84.37566345304302,6.231507313781575
2023-05-18 17:20:21,21.50377496672096,84.45182392136752,6.2315157677196
2023-05-18 17:30:21,21.47328089588413,84.52884858908578,6.231630011807731
2023-05-18 17:40:21,21.441626286213737,84.60420917466753,6.231888094058558
2023-05-18 17:50:21,21.40903113240877,84.67496510019166,6.2323208047674825
2023-05-18 18:00:21,21.3754310460802,84.73812227899613,6.232948376408251
2023-05-18 18:10:21,21.340480062907737,84.79108659127006,6.233778280530339
2023-05-18 18:20:21,21.30368942783145,84.8321649466381,6.234803586315674
2023-05-18 18:30:21,21.264654385927145,84.86101103485535,6.236002127040453
2023-05-18 18:40:21,21.223278195814924,84.87888115821347,6.23733757447315
2023-05-18 18:50:21,21.17989444674174,84.88858300395026,6.238763825248952
2023-05-18 19:00:21,21.13522118287861,84.89407166186345,6.240233473804125
2023-05-18 19:10:21,21.090143069026126,84.89975258892811,6.241709654146431
2023-05-18 19:20:21,21.045387770950853,84.90965236879627,6.243178715689897
2023-05-18 19:30:21,21.001212465529207,84.92667405997601,6.244659859395154
2023-05-18 19:40:21,20.95722486696796,84.95213859486518,6.24620772904256
2023-05-18 19:50:21,20.91242419335274,84.98572802383023,6.247905352589271
2023-05-18 20:00:21,20.86547293603702,85.0258194709471,6.249847495248361
2023-05-18 20:10:21,20.81512620558293,85.07007691502095,6.252117613414667
2023-05-18 20:20:21,20.760682717444425,85.11609664848679,6.254764111892869
2023-05-18 20:30:21,20.702304365777145,85.16190720931131,6.257782554405516
2023-05-18 20:40:21,20.6410880226938,85.20620114051144,6.261109394605545
2023-05-18 20:50:21,20.578852394831223,85.24829101336462,6.264629897010611
2023-05-18 21:00:21,20.51769740069337,85.28788788492216,6.268199046100821
2023-05-18 21:10:21,20.459470443267296,85.32485410515703,6.271670584080988
2023-05-18 21:20:21,20.405305936087984,85.35906463082235,6.274927002026137
2023-05-18 21:30:21,20.355380151361967,85.39043347814813,6.277903028731576
2023-05-18 21:40:21,20.308951539482287,85.41906241427411,6.280596957336999
2023-05-18 21:50:21,20.264662516011654,85.44539469649642,6.28306742472172
2023-05-18 22:00:21,20.22099518528255,85.47024348605134,6.285417004328098
2023-05-18 22:10:21,20.17672899109215,85.49462069991837,6.287767116627188
2023-05-18 22:20:21,20.131256772465708,85.5193936128647,6.290230502835236
2023-05-18 22:30:21,20.084671992040136,85.54489705942127,6.292887532768445
2023-05-18 22:40:21,20.037622221418676,85.57067964534359,6.295771130376414
2023-05-18 22:50:21,19.99100235503762,85.59553343538191,6.2988626834773225
2023-05-18 23:00:21,19.945608419131865,85.61785261714866,6.302098686918221
2023-05-18 23:10:21,19.901874689084305,85.6362265303251,6.305385690606512
2023-05-18 23:20:21,19.85977567418495,85.65005490600973,6.308619781424119
2023-05-18 23:30:21,19.818908181093747,85.65993258466577,6.311706430600716
2023-05-18 23:40:21,19.778702829693405,85.6676136013737,6.314576967671908
2023-05-18 23:50:21,19.738672806267868,85.67551490181263,6.317198958701955
2023-05-19 00:00:21,19.698603474224036,85.6859041729058,6.319579106830943
2023-05-19 00:10:21,19.65861816625456,85.70006143398071,6.321758724139234
2023-05-19 00:20:21,19.61910833317529,85.71774691059163,6.323803146718495
2023-05-19 00:30:21,19.58056872026154,85.73722131027873,6.325787499668135
2023-05-19 00:40:21,19.543410645333932,85.75587173928174,6.3277817974702
2023-05-19 00:50:21,19.50782810440197,85.77126408973942,6.32983835993064
2023-05-19 01:00:21,19.47376416444941,85.78225834360056,6.331983900573274
2023-05-19 01:10:21,19.440981669460093,85.78976204581973,6.334217513308434
2023-05-19 01:20:21,19.409200720810237,85.79679208752529,6.336514407451335
2023-05-19 01:30:21,19.378241722763917,85.80774152610657,6.338833979237046
2023-05-19 01:40:21,19.34811498105625,85.82703107650124,6.341130002399191
2023-05-19 01:50:21,19.31902329760644,85.85756364415094,6.343360569394208
2023-05-19 02:00:21,19.291281223958432,85.8995055148429,6.345495890708787
2023-05-19 02:10:21,19.265188296360176,85.94984468798032,6.347522912282517
2023-05-19 02:20:21,19.240910692414555,86.00294267372277,6.349446573011873
2023-05-19 02:30:21,19.218420568749952,86.05197583477472,6.351288072151238
2023-05-19 02:40:21,19.197518072038005,86.09086313466658,6.353080623911124
2023-05-19 02:50:21,19.17792802724232,86.11610089407358,6.354862977972389
2023-05-19 03:00:21,19.159434649151574,86.12793308709199,6.356670812949747
2023-05-19 03:10:21,19.142003876692964,86.13047724757726,6.358526320785719
2023-05-19 03:20:21,19.125848371166104,86.1307394667422,6.360427058058203
2023-05-19 03:30:21,19.11141168505047,86.13678615164399,6.36233626947953
2023-05-19 03:40:21,19.099276792981243,86.1555893868759,6.36417787455074
2023-05-19 03:50:21,19.090029378234533,86.19115148869683,6.365839478970959
2023-05-19 04:00:21,19.084119514223925,86.24342096421961,6.3671856051019615
2023-05-19 04:10:21,19.08176326682516,86.30827284103593,6.3680807666007055
2023-05-19 04:20:21,19.082910588784333,86.37852028570985,6.368418601176719
2023-05-19 04:30:21,19.08728415933125,86.4456454756621,6.368150125735109
2023-05-19 04:40:21,19.0944732994456,86.50176414024908,6.367302594946802
2023-05-19 04:50:21,19.1040538810619,86.5413102853949,6.365981435340943
2023-05-19 05:00:21,19.115701898148917,86.56203953554125,6.364351527320535
2023-05-19 05:10:21,19.129274060648445,86.56515669281454,6.362599934973123
2023-05-19 05:20:21,19.144839930596863,86.55461036553322,6.360888357172991
2023-05-19 05:30:21,19.162662652683476,86.53580053859717,6.359308005007801
2023-05-19 05:40:21,19.18313610959317,86.5140676104517,6.357850522542902
2023-05-19 05:50:21,19.20669386693255,86.49335436510331,6.35640519078379
2023-05-19 06:00:21,19.23370941931893,86.47536233283775,6.354785627498304
2023-05-19 06:10:21,19.264408347993086,86.45938661211437,6.352780490582742
2023-05-19 06:20:21,19.298811115709885,86.44284342544807,6.3502150407285525
2023-05-19 06:30:21,19.33671999553093,86.42233866765403,6.347006409223028
2023-05-19 06:40:21,19.37775482231701,86.39499579680171,6.343196575205084
2023-05-19 06:50:21,19.421430654732852,86.35969315828967,6.338953246473065
2023-05-19 07:00:21,19.467258431428128,86.31787054096803,6.334538216701646
2023-05-19 07:10:21,19.514841036167343,86.2736561983867,6.330252359029163
2023-05-19 07:20:21,19.563935711488583,86.23322609227799,6.32637308878145
2023-05-19 07:30:21,19.61446167422131,86.20350563006377,6.323101707269887
2023-05-19 07:40:21,19.666448112464785,86.19051376956281,6.320534065441839
2023-05-19 07:50:21,19.719937927330715,86.19777660403999,6.318659906202955
2023-05-19 08:00:21,19.77487965269572,86.22525737550701,6.317386906942343
2023-05-19 08:10:21,19.83104701962778,86.26914216559771,6.316578094219669
2023-05-19 08:20:21,19.88801866211991,86.32260186737211,6.316088417036777
2023-05-19 08:30:21,19.94523053977848,86.3773759216943,6.315788664357867
2023-05-19 08:40:21,20.0020871162791,86.42577172427144,6.315571473424881
2023-05-19 08:50:21,20.058093831133547,86.46252744685724,6.315342261700617
2023-05-19 09:00:21,20.112962366253477,86.48600105947128,6.315004365609214
2023-05-19 09:10:21,20.16664699416767,86.49833203451648,6.314449985156632
2023-05-19 09:20:21,20.219293656953628,86.50452617524908,6.313565819463261
2023-05-19 09:30:21,20.271115461644868,86.51074582135516,6.3122555858880105
2023-05-19 09:40:21,20.32223708108944,86.52233956466816,6.3104735548843
2023-05-19 09:50:21,20.37256469971248,86.54223091974652,6.308256995789574
2023-05-19 10:00:21,20.421731293197084,86.57017013664745,6.305743584396037
2023-05-19 10:10:21,20.469140762711543,86.60307075580069,6.3031633353985645
2023-05-19 10:20:21,20.5140980668454,86.63629434917632,6.300802461056134
2023-05-19 10:30:21,20.5559797430652,86.66543338443418,6.2989460443858265
2023-05-19 10:40:21,20.5943829798706,86.68798051709494,6.297814189687284
2023-05-19 10:50:21,20.62919857520517,86.70431897926343,6.297509549425785
2023-05-19 11:00:21,20.66058158912512,86.71770732990902,6.297991562268927
2023-05-19 11:10:21,20.68883267220199,86.73327964208465,6.299085133877249
2023-05-19 11:20:21,20.714237778402907,86.75641786438595,6.300521361396763
2023-05-19 11:30:21,20.736930441963533,86.79105993737755,6.301998607466988
2023-05-19 11:40:21,20.75683210511666,86.83851490706027,6.303246794282962
2023-05-19 11:50:21,20.773695065504768,86.8971656614785,6.30407785294476
2023-05-19 12:00:21,20.787231346498228,86.96312228167302,6.304410557700438
2023-05-19 12:10:21,20.79727545609533,87.03155953473218,6.304266483766765
2023-05-19 12:20:21,20.803913850651856,87.09824769451869,6.303742569210862
2023-05-19 12:30:21,20.80752543821124,87.16074309893588,6.302971870977236
2023-05-19 12:40:21,20.80871157374325,87.21885273705581,6.302085823610231
2023-05-19 12:50:21,20.808137518725463,87.27426577565014,6.301188522700944
2023-05-19 13:00:21,20.80634305374454,87.32954895143274,6.300347714591222
2023-05-19 13:10:21,20.80359346319192,87.38692122423333,6.299600656786989
2023-05-19 13:20:21,20.79982771965105,87.44728018658975,6.298968195858446
2023-05-19 13:30:21,20.794723725864632,87.50983444365038,6.298468805203165
2023-05-19 13:40:21,20.78785536243295,87.57245325808333,6.298126108270888
2023-05-19 13:50:21,20.77888068663781,87.63257164635878,6.297967474075602
2023-05-19 14:00:21,20.76768905563228,87.68828741830647,6.298015750837242
2023-05-19 14:10:21,20.75445188537088,87.73922734052488,6.298279264186612
2023-05-19 14:20:21,20.739560471871066,87.78685811337412,6.298745742806547
2023-05-19 14:30:21,20.72347927820561,87.83413089929334,6.299383841844364
2023-05-19 14:40:21,20.70657623979468,87.88459255071407,6.300152425367373
2023-05-19 14:50:21,20.688999619814965,87.9412821379522,6.301014297499302
2023-05-19 15:00:21,20.67065060383393,88.00579414337324,6.301949077579861
2023-05-19 15:10:21,20.651260546926554,88.0778145741951,6.302960156487076
2023-05-19 15:20:21,20.63053814225336,88.15525913721831,6.304072966196904
2023-05-19 15:30:21,20.608322774045035,88.23493375940966,6.305325146462048
2023-05-19 15:40:21,20.58467800253853,88.31347328700318,6.3067522357696815
2023-05-19 15:50:21,20.559884571425687,88.38824765078671,6.308374076356327
2023-05-19 16:00:21,20.534335068058983,88.45796915385944,6.310186677763104
2023-05-19 16:10:21,20.50837460557124,88.52286137921608,6.312162114992197
2023-05-19 16:20:21,20.48215581787941,88.5844045108082,6.314256076684068
2023-05-19 16:30:21,20.4555716453812,88.64479574965006,6.316420092357165
2023-05-19 16:40:21,20.428297325185103,88.7063186502322,6.318614181782995
2023-05-19 16:50:21,20.399926683372044,88.77079515811343,6.320816025907087
2023-05-19 17:00:21,20.370146598859677,88.83922250574838,6.323024431490336
2023-05-19 17:10:21,20.33887510083246,88.91161368450219,6.325257050193496
2023-05-19 17:20:21,20.306301599767195,88.98700177770341,6.327544112994185
2023-05-19 17:30:21,20.272807860908728,89.06355317242452,6.329920725456534
2023-05-19 17:40:21,20.238799506235488,89.13875631982184,6.332419921853695
2023-05-19 17:50:21,20.20451873907016,89.20968659098097,6.335067583474822
2023-05-19 18:00:21,20.1699216495892,89.2733650080729,6.337879155701394
2023-05-19 18:10:21,20.13468093414195,89.32721166521958,6.340857461569749
2023-05-19 18:20:21,20.09832459894839,89.36954673955138,6.3439910764289325
2023-05-19 18:30:21,20.06046267632019,89.40003619290172,6.3472535098999945
2023-05-19 18:40:21,20.021011170419293,89.41994755842624,6.350604295109902
2023-05-19 18:50:21,19.98031431403352,89.43209867027856,6.35399338919954
2023-05-19 19:00:21,19.93909863996336,89.44045364193576,6.3573696596350535
2023-05-19 19:10:21,19.89825510144176,89.44942579501402,6.360692738588344
2023-05-19 19:20:21,19.85851541523127,89.4630483866611,6.363945710531709
2023-05-19 19:30:21,19.820138542092955,89.48422992910467,6.367144759302166
2023-05-19 19:40:21,19.7827316916318,89.51429556444502,6.370341769403236
2023-05-19 19:50:21,19.745291275517577,89.55293028791063,6.373617276460536
2023-05-19 20:00:21,19.706474671501933,89.59851288725147,6.377063828475181
2023-05-19 20:10:21,19.665029572372863,89.64870771132043,6.380762946950785
2023-05-19 20:20:21,19.62024498253904,89.70111012085023,6.384761390353414
2023-05-19 20:30:21,19.572270811031185,89.75374641635105,6.389053369829108
2023-05-19 20:40:21,19.52218969768343,89.8053055980089,6.393574284454417
2023-05-19 20:50:21,19.471803904861748,89.85509539350211,6.398208645360532
2023-05-19 21:00:21,19.42319473730809,89.90282072444917,6.402810987023963
2023-05-19 21:10:21,19.37818886519267,89.94833652684302,6.407234906195848
2023-05-19 21:20:21,19.33789790786089,89.99150908224033,6.411363053186307
2023-05-19 21:30:21,19.302473346893496,90.03224249228114,6.415130619850264
2023-05-19 21:40:21,19.27114691746256,90.07062739592138,6.418536664344272
2023-05-19 21:50:21,19.242532473982493,90.10709473875768,6.421640887652704
2023-05-19 22:00:21,19.21508179870875,90.14244422071144,6.424547222575147
2023-05-19 22:10:21,19.18754234345019,90.17767318593602,6.427378739396048
2023-05-19 22:20:21,19.159273382415275,90.2136332664824,6.430250113860495
2023-05-19 22:30:21,19.130333342836995,90.2506426299401,6.433243928387379
2023-05-19 22:40:21,19.101333397887952,90.2882322399059,6.4363955900626175
2023-05-19 22:50:21,19.07313079263321,90.32517559630476,6.439689231987561
2023-05-19 23:00:21,19.04648276942973,90.35984745510584,6.443064347228434
2023-05-19 23:10:21,19.021783805715984,90.39081691643564,6.446430726835956
2023-05-19 23:20:21,18.998967722602632,90.41746272582488,6.449687931011219
2023-05-19 23:30:21,18.97758987523542,90.4403580568509,6.452745124997074
2023-05-19 23:40:21,18.957038797971084,90.4612346635451,6.455537540919232
2023-05-19 23:50:21,18.936785089502063,90.48248666601718,6.45803684320464
2023-05-20 00:00:21,18.91657115655858,90.5063584527614,6.460254015803622
2023-05-20 00:10:21,18.89647714093191,90.53410634550784,6.462234820140251
2023-05-20 00:20:21,18.876851203456845,90.56546654830836,6.464049195811802
2023-05-20 00:30:21,18.85814483609176,90.5986755001788,6.46577701074509
2023-05-20 00:40:21,18.84072627536328,90.63109586978136,6.467493146364927
2023-05-20 00:50:21,18.824746742979197,90.66026902164027,6.469254897972019
2023-05-20 01:00:21,18.810106972352493,90.68503039971444,6.471094047276141
2023-05-20 01:10:21,18.796528046720887,90.70626308086968,6.473014832991979
2023-05-20 01:20:21,18.78368900998596,90.72695963831688,6.474997669565304
2023-05-20 01:30:21,18.771370039863704,90.75148904215072,6.4770072022907526
2023-05-20 01:40:21,18.759542171506997,90.78424823061124,6.479002481396054
2023-05-20 01:50:21,18.748370013834723,90.82811672258411,6.480946886745556
2023-05-20 02:00:21,18.738131121083583,90.88323788605668,6.48281591064676
2023-05-20 02:10:21,18.729089341703634,90.9465773489727,6.484601758860116
2023-05-20 02:20:21,18.721376584673163,91.01247487263578,6.486314591785893
2023-05-20 02:30:21,18.7149322617483,91.07408576798731,6.4879807757545205
2023-05-20 02:40:21,18.709525398052204,91.1253087170024,6.489638621719879
2023-05-20 02:50:21,18.7048514145296,91.16262059932372,6.491331890133479
2023-05-20 03:00:21,18.700666927694314,91.18624685727526,6.493101169103799
2023-05-20 03:10:21,18.696912166399933,91.2002874678493,6.494973443827046
2023-05-20 03:20:21,18.693776045924267,91.21173200336057,6.496950933358976
2023-05-20 03:30:21,18.69168040642337,91.22863144989635,6.499001399999155
2023-05-20 03:40:21,18.69118860652396,91.25794362596052,6.501053122343731
2023-05-20 03:50:21,18.69286886571048,91.30365778988856,6.5029978936065245
2023-05-20 04:00:21,18.69715599453385,91.36571064875562,6.504704239545386
2023-05-20 04:10:21,18.7042530384656,91.43996673392142,6.506040481170202
2023-05-20 04:20:21,18.714099206437663,91.51923006168346,6.506903856205172
2023-05-20 04:30:21,18.72640873731877,91.59497504274256,6.507248763560549
2023-05-20 04:40:21,18.740764834422738,91.65931105699104,6.507105611959745
2023-05-20 04:50:21,18.75673958652686,91.706667207166,6.50658274476464
2023-05-20 05:00:21,18.774007543224997,91.7347956853556,6.505847713468659
2023-05-20 05:10:21,18.792426305761424,91.74489935200066,6.505089999727118
2023-05-20 05:20:21,18.812068652422333,91.7409263795983,6.50447345946201
2023-05-20 05:30:21,18.833203251160636,91.72827783325688,6.5040911940557065
2023-05-20 05:40:21,18.85623178966421,91.71229671305116,6.5039364656919805
2023-05-20 05:50:21,18.881597887916044,91.69692992629092,6.503899896686392
2023-05-20 06:00:21,18.90968730483631,91.68388464363906,6.503796165501795
2023-05-20 06:10:21,18.94074004975455,91.672463111161,6.503414707110754
2023-05-20 06:20:21,18.974793124395788,91.66009019153604,6.502581273487761
2023-05-20 06:30:21,19.0116673924618,91.64338189231609,6.501213200042365
2023-05-20 06:40:21,19.051003265622555,91.61947323211278,6.49935238233276
2023-05-20 06:50:21,19.09233829431112,91.58725553451718,6.497166157122682
2023-05-20 07:00:21,19.135207746751192,91.54818294965852,6.494915660673668
2023-05-20 07:10:21,19.17924059187502,91.50639943544746,6.492900824164591
2023-05-20 07:20:21,19.224221825606435,91.4680979564602,6.491397839056309
2023-05-20 07:30:21,19.270099994202656,91.44022217235052,6.49060650427638
2023-05-20 07:40:21,19.31693509488518,91.42881048844755,6.49062089400972
2023-05-20 07:50:21,19.36480221718552,91.437409582387,6.491428704865131
2023-05-20 08:00:21,19.41368335843177,91.4660043547811,6.492935303990403
2023-05-20 08:10:21,19.46338688099545,91.5108035529928,6.495001149988445
2023-05-20 08:20:21,19.51352710764894,91.56500167203214,6.497478373116507
2023-05-20 08:30:21,19.56357663166193,91.62036261601853,6.5002347003227925
2023-05-20 08:40:21,19.612977380350895,91.66921902669888,6.503159471716106
2023-05-20 08:50:21,19.66127297042616,91.70633502274272,6.506154581216857
2023-05-20 09:00:21,19.70821385667493,91.73009513662286,6.509119624557288
2023-05-20 09:10:21,19.753793561671,91.74266593052884,6.511942853669719
2023-05-20 09:20:21,19.798197635612254,91.74908073381071,6.514506822459598
2023-05-20 09:30:21,19.841679032456508,91.75552975497452,6.516710916617911
2023-05-20 09:40:21,19.88440239215757,91.76738970153193,6.518504899568682
2023-05-20 09:50:21,19.92631386829214,91.7876123526496,6.519921369736195
2023-05-20 10:00:21,19.967086290941342,91.81597627238456,6.52109317990512
2023-05-20 10:10:21,20.006163185455765,91.84942326342374,6.522245381773157
2023-05-20 10:20:21,20.042888791171737,91.88334300595916,6.523659096975709
2023-05-20 10:30:21,20.076678471487256,91.91335581874414,6.525614202858132
2023-05-20 10:40:21,20.107167677681357,91.93698184737094,6.528325495779588
2023-05-20 10:50:21,20.13428480179349,91.95463134905366,6.531890230903179
2023-05-20 11:00:21,20.15822172705578,91.96958933884908,6.53626237325992
2023-05-20 11:10:21,20.179315057786106,91.9870156730504,6.54126129164026
2023-05-20 11:20:21,20.19788573764775,92.0123173076689,6.546612496222933
2023-05-20 11:30:21,20.21410123613897,92.04945631253848,6.552008725707871
2023-05-20 11:40:21,20.227915790421207,92.099764883918,6.557174254467611
2023-05-20 11:50:21,20.23911327160282,92.16164798162468,6.561915354925539
2023-05-20 12:00:21,20.247435978816835,92.23123658240058,6.566145144696795
2023-05-20 12:10:21,20.252747327177826,92.30372507758466,6.569879557188698
2023-05-20 12:20:21,20.255161245854296,92.37490200079696,6.573209916055133
2023-05-20 12:30:21,20.2550826212832,92.4423404949267,6.576263703621012
2023-05-20 12:40:21,20.25313723800725,92.50586281205572,6.579166831734527
2023-05-20 12:50:21,20.250013189629037,92.56717175592712,6.58201793710213
2023-05-20 13:00:21,20.24627144871539,92.62884599398691,6.584879382551927
2023-05-20 13:10:21,20.242196814763997,92.69311463373997,6.58778312870754
2023-05-20 13:20:21,20.23774606792067,92.7608835601178,6.590744822786092
2023-05-20 13:30:21,20.23261318635089,92.83136774703505,6.593777846883338
2023-05-20 13:40:21,20.226386375413416,92.9024408388968,6.596900851329777
2023-05-20 13:50:21,20.21873625405396,92.97154018798906,6.600136359899492
2023-05-20 14:00:21,20.2095629716114,93.03676384032718,6.603502512729207
2023-05-20 14:10:21,20.199046966317283,93.09773665041894,6.607003073321904
2023-05-20 14:20:21,20.18758679210808,93.15592121519396,6.610621362532497
2023-05-20 14:30:21,20.17565241688373,93.21426236465008,6.6143217898148166
2023-05-20 14:40:21,20.163615544890188,93.2762983577786,6.618059143016177
2023-05-20 14:50:21,20.151626494595067,93.34505738466557,6.621792326354619
2023-05-20 15:00:21,20.13958682138441,93.42212074035918,6.62549724186006
2023-05-20 15:10:21,20.127226597815486,93.50715892403238,6.629173751487334
2023-05-20 15:20:21,20.114251620411952,93.59806980572291,6.632843951879643
2023-05-20 15:30:21,20.100496805709028,93.69163914572506,6.636542345751082
2023-05-20 15:40:21,20.08601972278704,93.78447929845002,6.640301536962688
2023-05-20 15:50:21,20.07109365270172,93.87393538911238,6.644138639139377
2023-05-20 16:00:21,20.056102304709384,93.95869261923522,6.648047142244158
2023-05-20 16:10:21,20.041380558361656,94.0389451982804,6.651996813226767
2023-05-20 16:20:21,20.027069521832477,94.11614169546236,6.655941246136535
2023-05-20 16:30:21,20.01304938437507,94.19244549278451,6.659830090764106
2023-05-20 16:40:21,19.99898147620379,94.27010416471916,6.663621702871742
2023-05-20 16:50:21,19.984444632920077,94.35090156569692,6.667292315450408
2023-05-20 17:00:21,19.96910973413105,94.4357947815856,6.670839503168287
2023-05-20 17:10:21,19.952877877480365,94.52475466375688,6.674279900757803
2023-05-20 17:20:21,19.935920687991587,94.61677023021926,6.677642936229399
2023-05-20 17:30:21,19.918601371152853,94.7099619513869,6.680963124464874
2023-05-20 17:40:21,19.90130629578568,94.80177058974884,6.6842731191601015
2023-05-20 17:50:21,19.884257799894275,94.889222141276,6.687598628528961
2023-05-20 18:00:21,19.867391578150546,94.96928665691792,6.690955129297128
2023-05-20 18:10:21,19.85035948298076,95.03933175950168,6.694345676783311
2023-05-20 18:20:21,19.832668309934977,95.09762375529408,6.697759275635431
2023-05-20 18:30:21,19.81390659483235,95.14377344150822,6.701170057503238
2023-05-20 18:40:21,19.79396863978705,95.17899200273396,6.704538365581277
2023-05-20 18:50:21,19.773176848830424,95.20603985516529,6.707815150097894
2023-05-20 19:00:21,19.752235876692765,95.22882274303458,6.710950449251553
2023-05-20 19:10:21,19.73201482503836,95.2516947895992,6.713905237897135
2023-05-20 19:20:21,19.713223659045276,95.2786293498184,6.71666410917207
2023-05-20 19:30:21,19.696099759154382,95.31247445875086,6.719244915301966
2023-05-20 19:40:21,19.68022899480754,95.35449433737236,6.721701362380149
2023-05-20 19:50:21,19.66458674337816,95.404312749931,6.724115954096982
2023-05-20 20:00:21,19.64780971717565,95.46024707927847,6.726583346034715
2023-05-20 20:10:21,19.62862537208056,95.51990023324949,6.7291872996472994
2023-05-20 20:20:21,19.60630296035109,95.58080623465302,6.73197693840995
2023-05-20 20:30:21,19.58097317608409,95.64093028976536,6.734948956100962
2023-05-20 20:40:21,19.553700030448105,95.69890068918262,6.738041344445376
2023-05-20 20:50:21,19.526267788157224,95.7539649772955,6.741141309582477
2023-05-20 21:00:21,19.500740428253245,95.80576856026924,6.744106175585276
2023-05-20 21:10:21,19.47892800396976,95.85410766779268,6.746792415556147
2023-05-20 21:20:21,19.46192625891686,95.89879082469604,6.749085635062516
2023-05-20 21:30:21,19.449871568259816,95.9396654651406,6.750924052240307
2023-05-20 21:40:21,19.441981354086217,95.97676678769665,6.752309814656096
2023-05-20 21:50:21,19.436855970410765,96.01047166106278,6.753305767984371
2023-05-20 22:00:21,19.43293452680532,96.04152720579404,6.754019037162214
2023-05-20 22:10:21,19.428952640796805,96.07087981585578,6.754575924297982
2023-05-20 22:20:21,19.42425859708416,96.09933193083518,6.755094368945341
2023-05-20 22:30:21,19.418900679912127,96.12715440932531,6.75566024172849
2023-05-20 22:40:21,19.413480763880045,96.15383291115972,6.75631225483406
2023-05-20 22:50:21,19.40884763326056,96.17809775592018,6.757037855992227
2023-05-20 23:00:21,19.40575089680886,96.1982827564629,6.757779855200916
2023-05-20 23:10:21,19.40457821093417,96.21291841646732,6.758451355676675
2023-05-20 23:20:21,19.4052573699103,96.22134733614004,6.7589552180945285
2023-05-20 23:30:21,19.407338473928803,96.22410909440173,6.759203889784099
2023-05-20 23:40:21,19.41020554868357,96.22290449530352,6.759135860012819
2023-05-20 23:50:21,19.413325401181392,96.22009944210396,6.758726019098165
2023-05-21 00:00:21,19.416437331284385,96.2179129220824,6.757988539505388
2023-05-21 00:10:21,19.41961902328268,96.21757874781062,6.756972327921575
2023-05-21 00:20:21,19.423216791759145,96.21881357633606,6.755750420304167
2023-05-21 00:30:21,19.427680852880243,96.21983732535249,6.754405726638595
2023-05-21 00:40:21,19.433378694836435,96.21799922461338,6.753016110950146
2023-05-21 00:50:21,19.44046127317762,96.21083033205927,6.7516417867841625
2023-05-21 01:00:21,19.44882949021706,96.19715896028622,6.750317385124971
2023-05-21 01:10:21,19.458204984501773,96.17786426562404,6.749049920625203
2023-05-21 01:20:21,19.46826769144488,96.15593814000697,6.747822506257618
2023-05-21 01:30:21,19.478798965309437,96.1357521324474,6.746602404633173
2023-05-21 01:40:21,19.4897712507897,96.12170903377606,6.74535119855733
2023-05-21 01:50:21,19.501350746535145,96.11669749538456,6.74403471252304
2023-05-21 02:00:21,19.513816723754434,96.12087329587212,6.742630792565752
2023-05-21 02:10:21,19.527434822034945,96.13121774304956,6.741133904618833
2023-05-21 02:20:21,19.54233876274883,96.1420895304618,6.739556373345405
2023-05-21 02:30:21,19.55846973877378,96.14666612987727,6.737926631360337
2023-05-21 02:40:21,19.57559847343612,96.1388715806214,6.73628495613893
2023-05-21 02:50:21,19.593421952056385,96.1152112775867,6.734676973409034
2023-05-21 03:00:21,19.611698172149143,96.07594228955806,6.733145034101197
2023-05-21 03:10:21,19.630368511988465,96.02519927780313,6.7317177828662365
2023-05-21 03:20:21,19.649622758150628,95.97000949606166,6.730398994216286
2023-05-21 03:30:21,19.66988329928024,95.91846454157717,6.7291578815554285
2023-05-21 03:40:21,19.69171367716481,95.87756569903524,6.727924070155116
2023-05-21 03:50:21,19.715681888820868,95.85134846739544,6.726590595661044
2023-05-21 04:00:21,19.742222078810176,95.83979848141924,6.725027122502249
2023-05-21 04:10:21,19.771536148005755,95.83883179380348,6.72310300730559
2023-05-21 04:20:21,19.803561649720592,95.84130643629474,6.7207164213467445
2023-05-21 04:30:21,19.838010626723587,95.83875322452552,6.717822596258083
2023-05-21 04:40:21,19.87446351955256,95.82334022188304,6.714452674121871
2023-05-21 04:50:21,19.912489064213723,95.7895573781838,6.71071563402535
2023-05-21 05:00:21,19.951757847896488,95.7352197755808,6.706779567495604
2023-05-21 05:10:21,19.99212288330905,95.66159508288256,6.7028344026973405
2023-05-21 05:20:21,20.033651721217822,95.57269807009148,6.699044350926432
2023-05-21 05:30:21,20.076607153545776,95.4739980566831,6.695502780409536
2023-05-21 05:40:21,20.121384337758467,95.37090781708496,6.692203134428207
2023-05-21 05:50:21,20.16841970703372,95.26744541420256,6.689036133654797
2023-05-21 06:00:21,20.2180911784466,95.16539041291652,6.6858164753263045
2023-05-21 06:10:21,20.270630269271656,95.06411854789188,6.682333536961799
2023-05-21 06:20:21,20.326064847574145,94.96112911836806,6.678412940371212
2023-05-21 06:30:21,20.38420601378661,94.85311336826508,6.673971821757109
2023-05-21 06:40:21,20.444683802370253,94.737282202972,6.669051812243958
2023-05-21 06:50:21,20.50702479141341,94.6126033332383,6.663819922884593
2023-05-21 07:00:21,20.5707527039463,94.4806076462786,6.6585369070539935
2023-05-21 07:10:21,20.63548441637768,94.34551603628006,6.653502260044898
2023-05-21 07:20:21,20.700992313205354,94.21359845326047,6.648991688761753
2023-05-21 07:30:21,20.76721184195343,94.09187544202398,6.645204463297791
2023-05-21 07:40:21,20.83418944812345,93.98646204424642,6.642234089215832
2023-05-21 07:50:21,20.901986253474416,93.9009811786874,6.64006765929553
2023-05-21 08:00:21,20.97056991099636,93.8354934470705,6.638609906273911
2023-05-21 08:10:21,21.039734103950572,93.78628261530956,6.637720628455986
2023-05-21 08:20:21,21.10907818515953,93.74661737450168,6.637251274640386
2023-05-21 08:30:21,21.17805953276341,93.7083348659986,6.63706887393299
2023-05-21 08:40:21,21.246104661534574,93.66383987640972,6.637062057003592
2023-05-21 08:50:21,21.312741627045224,93.60796744735566,6.637132001536566
2023-05-21 09:00:21,21.377705224800916,93.53917168700887,6.6371775850373895
2023-05-21 09:10:21,21.44097327120628,93.45968726473194,6.637086344011139
2023-05-21 09:20:21,21.50271561562654,93.37461403241686,6.636740124506173
2023-05-21 09:30:21,21.563169569186623,93.29020702509666,6.636037616670428
2023-05-21 09:40:21,21.62248424019952,93.211905974672,6.634927905391169
2023-05-21 09:50:21,21.680590414895065,93.14272378212534,6.633442932199298
2023-05-21 10:00:21,21.737145773246592,93.08249813619108,6.6317149192144855
2023-05-21 10:10:21,21.79157896066908,93.02822787822352,6.6299683181882845
2023-05-21 10:20:21,21.843219658429263,92.97535755889304,6.62848368594876
2023-05-21 10:30:21,21.89146904510377,92.91956012315336,6.627540374485172
2023-05-21 10:40:21,21.93594881046618,92.8584060290232,6.627352698452786
2023-05-21 10:50:21,21.97657405706999,92.79235346998504,6.628017479055321
2023-05-21 11:00:21,22.013523897903923,92.72473296534052,6.629488299069781
2023-05-21 11:10:21,22.047122731842485,92.66074739489942,6.631584200551456
2023-05-21 11:20:21,22.07767990532641,92.60584421569884,6.634030426126705
2023-05-21 11:30:21,22.10535194022244,92.56402344193808,6.636519509641299
2023-05-21 11:40:21,22.130082814689978,92.53665262999526,6.638775586657435
2023-05-21 11:50:21,22.15164686584798,92.52216949567632,6.640604859976017
2023-05-21 12:00:21,22.16977761771501,92.51673515476809,6.641920449765659
2023-05-21 12:10:21,22.18433050000753,92.51557151501244,6.642738366930243
2023-05-21 12:20:21,22.195412274137443,92.51449200557276,6.643150090145095
2023-05-21 12:30:21,22.203421501214702,92.51109205258288,6.643283336627452
2023-05-21 12:40:21,22.208978504386508,92.5052135949186,6.643264335139549
2023-05-21 12:50:21,22.2127667980179,92.49857654914535,6.64319212321731
2023-05-21 13:00:21,22.21534367227406,92.49377415129328,6.643129550118327
2023-05-21 13:10:21,22.216991152336707,92.49304756923576,6.643109149924531
2023-05-21 13:20:21,22.217664159757,92.49731228256292,6.6431472315160285
2023-05-21 13:30:21,22.217055733874705,92.50579044329386,6.643257927795516
2023-05-21 13:40:21,22.21475406136559,92.51636051211344,6.643460729699588
2023-05-21 13:50:21,22.21043065935247,92.52646235699976,6.643779091830525
2023-05-21 14:00:21,22.203987485371247,92.53419430534196,6.644232175492923
2023-05-21 14:10:21,22.19560768525347,92.5391793308031,6.644824855584655
2023-05-21 14:20:21,22.18569340585607,92.54287606408596,6.645541654151549
2023-05-21 14:30:21,22.17471907568448,92.54822336558586,6.646348270967799
2023-05-21 14:40:21,22.163061706116125,92.55875160756833,6.647200872363279
2023-05-21 14:50:21,22.15087774479088,92.57747926675069,6.648059827952217
2023-05-21 15:00:21,22.1380756705454,92.60597619276082,6.648902590560921
2023-05-21 15:10:21,22.12439324272484,92.64389980490712,6.649730656531624
2023-05-21 15:20:21,22.109544673961583,92.6891333603755,6.650567838418369
2023-05-21 15:30:21,22.093373989428432,92.73844657715256,6.651450434005291
2023-05-21 15:40:21,22.075948519683887,92.78843444455052,6.652412918763412
2023-05-21 15:50:21,22.057551917992644,92.83642350797317,6.6534743515593
2023-05-21 16:00:21,22.038578831976164,92.88107928479852,6.654630238075958
2023-05-21 16:10:21,22.019375598968228,92.92257530720124,6.655852428028223
2023-05-21 16:20:21,22.00009525553658,92.9623385864298,6.657096661605646
2023-05-21 16:30:21,21.980630339511997,93.00251017842764,6.658314794172618
2023-05-21 16:40:21,21.96065489770991,93.04531467668922,6.659467442331575
2023-05-21 16:50:21,21.93976079692449,93.0925124122712,6.660533150786213
2023-05-21 17:00:21,21.917632208117283,93.14503651740348,6.66151185214067
2023-05-21 17:10:21,21.89418372495333,93.20283357052652,6.662422580458853
2023-05-21 17:20:21,21.86960061724498,93.26486810695076,6.663297199413985
2023-05-21 17:30:21,21.844259827609378,93.3292360124437,6.664172690646329
2023-05-21 17:40:21,21.818561497917344,93.3933534686039,6.66508420027423
2023-05-21 17:50:21,21.792741718766823,93.45422199725286,6.666059949000619
2023-05-21 18:00:21,21.76674986108323,93.50878738225116,6.667117940349603
2023-05-21 18:10:21,21.740251321849417,93.55439328334784,6.6682637648502014
2023-05-21 18:20:21,21.712766255101265,93.5892824413594,6.66948896475167
2023-05-21 18:30:21,21.68389631588793,93.6130425750432,6.670770205546357
2023-05-21 18:40:21,21.653548634350727,93.62686236337532,6.672070354278518
2023-05-21 18:50:21,21.62205810115015,93.63348037040282,6.67334286870815
2023-05-21 19:00:21,21.590141467915167,93.6367812182792,6.674540271862545
2023-05-21 19:10:21,21.55867949720756,93.6410987094337,6.6756259942857605
2023-05-21 19:20:21,21.528393335086093,93.65038674545178,6.676587049200904
2023-05-21 19:30:21,21.4995310215618,93.66747483601732,6.677443666830419
2023-05-21 19:40:21,21.47168852549585,93.69360966003858,6.678251882702103
2023-05-21 19:50:21,21.44385072779666,93.72839847208898,6.679096474931026
2023-05-21 20:00:21,21.41466321579564,93.77014322107128,6.680074312097928
2023-05-21 20:10:21,21.382861662350216,93.81643249382788,6.681271300891573
2023-05-21 20:20:21,21.347722852697125,93.86478713607222,6.682738635977324
2023-05-21 20:30:21,21.309384307419883,93.91316034558837,6.684475002118053
2023-05-21 20:40:21,21.26891613893228,93.96016959129132,6.686420295767329
2023-05-21 20:50:21,21.22810797289864,94.0050527946545,6.688463535619758
2023-05-21 21:00:21,21.189028397996697,94.04744694301202,6.690463760371338
2023-05-21 21:10:21,21.15349131856786,94.0871410501029,6.692279054239563
2023-05-21 21:20:21,21.12259556763876,94.1239376205261,6.693796525003834
2023-05-21 21:30:21,21.09647984917464,94.15767924958894,6.694955778931565
2023-05-21 21:40:21,21.074363158383857,94.18839745847986,6.695760232695475
2023-05-21 21:50:21,21.05484667586815,94.21646657331809,6.696273877339394
2023-05-21 22:00:21,21.03636960454957,94.24263227434064,6.6966048550091575
2023-05-21 22:10:21,21.01766693943652,94.2678405787465,6.696880352687775
2023-05-21 22:20:21,20.998085648039844,94.29289456868592,6.697219058617567
2023-05-21 22:30:21,20.977672028276157,94.318066714265,6.697707452365474
2023-05-21 22:40:21,20.957025328360714,94.34284520040256,6.698384712090904
2023-05-21 22:50:21,20.93699109924399,94.36596372450624,6.699238605640426
2023-05-21 23:00:21,20.918315146119863,94.38576026409288,6.700212114728297
2023-05-21 23:10:21,20.9013807919106,94.40077020392036,6.701218363716404
2023-05-21 23:20:21,20.88611101115512,94.4103416665956,6.702160082057804
2023-05-21 23:30:21,20.872050645067095,94.41502031559988,6.702949432065142
2023-05-21 23:40:21,20.858578071216662,94.41651351867988,6.703524463176651
2023-05-21 23:50:21,20.845154112242422,94.41719413529248,6.703859470442439
2023-05-22 00:00:21,20.83151180314168,94.41928841168615,6.7039678754013385
2023-05-22 00:10:21,20.81772234088881,94.42403762951,6.703897678354219
2023-05-22 00:20:21,20.804125390814303,94.43116602993648,6.703720854015576
2023-05-22 00:30:21,20.79116442023309,94.43890113250134,6.703519097304393
2023-05-22 00:40:21,20.779200133110614,94.44459968778575,6.7033689048015255
2023-05-22 00:50:21,20.768376731063505,94.44580009312,6.703328972108033
2023-05-22 01:00:21,20.7585884597286,94.44133771796412,6.7034322640429815
2023-05-22 01:10:21,20.749550466108488,94.43209839123196,6.703683983588996
2023-05-22 01:20:21,20.74093642780289,94.42108019134068,6.704065289661868
2023-05-22 01:30:21,20.73252174394483,94.41266026629523,6.704541351958166
2023-05-22 01:40:21,20.72427327584047,94.4112463175588,6.705071525449684
2023-05-22 01:50:21,20.71635207946692,94.41973111905872,6.705619276194719
2023-05-22 02:00:21,20.709032792399604,94.43827368591108,6.7061599659130495
2023-05-22 02:10:21,20.702576997280413,94.46385758010068,6.706685455428041
2023-05-22 02:20:21,20.697115001723848,94.49084267338158,6.707205348950503
2023-05-22 02:30:21,20.69258529326852,94.51240644857766,6.70774524909902
2023-05-22 02:40:21,20.6887566617262,94.52247170119122,6.708342499955199
2023-05-22 02:50:21,20.685324992330912,94.517541242926,6.70903969690418
2023-05-22 03:00:21,20.682048075156548,94.4978681398272,6.709876070356278
2023-05-22 03:10:21,20.67886803046682,94.46758155448512,6.710877061311095
2023-05-22 03:20:21,20.675976390240898,94.4337016748027,6.712043164813126
2023-05-22 03:30:21,20.67379834284396,94.4043113981436,6.713340246548338
2023-05-22 03:40:21,20.672901331711014,94.38640161447032,6.714694523601559
2023-05-22 03:50:21,20.673858401458205,94.383995677141,6.715995570972736
2023-05-22 04:00:21,20.67710993053776,94.39706527488713,6.717109548141341
2023-05-22 04:10:21,20.682865276215352,94.4215106703402,6.717902270823254
2023-05-22 04:20:21,20.691070702807828,94.45017222396469,6.71826834188362
2023-05-22 04:30:21,20.701448246403174,94.47456116817251,6.718159405617496
2023-05-22 04:40:21,20.71358964615956,94.48682404785023,6.71760300650141
2023-05-22 04:50:21,20.727076260566676,94.481427341967,6.716704524449017
2023-05-22 05:00:21,20.741592636594422,94.45616070020596,6.71562845898885
2023-05-22 05:10:21,20.75700709248997,94.4122643952117,6.714561162211335
2023-05-22 05:20:21,20.77340383374034,94.35372384244756,6.713663293973103
2023-05-22 05:30:21,20.79106365454428,94.28597706101972,6.713024704350714
2023-05-22 05:40:21,20.810401054948542,94.2144036001662,6.712635360366528
2023-05-22 05:50:21,20.83187313883465,94.1429864004161,6.712382556780994
2023-05-22 06:00:21,20.855879804297064,94.07346804317191,6.712077623622542
2023-05-22 06:10:21,20.88267583697309,94.00518546183238,6.711506638075052
2023-05-22 06:20:21,20.912313632202803,93.93559738762384,6.710491996478058
2023-05-22 06:30:21,20.944630042993,93.86135278818608,6.708947692194092
2023-05-22 06:40:21,20.97928204255929,93.77961865063033,6.70691230367975
2023-05-22 06:50:21,21.015824289863183,93.68931719860376,6.704549886757232
2023-05-22 07:00:21,21.05380968170441,93.59193234378252,6.702118343963658
2023-05-22 07:10:21,21.092885306775894,93.49163660423795,6.699914430823733
2023-05-22 07:20:21,21.1328547413178,93.39465024745112,6.698211231848439
2023-05-22 07:30:21,21.17368554026413,93.30794293005724,6.697205518065458
2023-05-22 07:40:21,21.21545710365133,93.23757770748423,6.69698842489227
2023-05-22 07:50:21,21.25826428221433,93.18712452747845,6.697544809033617
2023-05-22 08:00:21,21.3021091555102,93.1565901547298,6.698777305985531
2023-05-22 08:10:21,21.34682044995029,93.14220377710328,6.70054375995216
2023-05-22 08:20:21,21.39203309358473,93.137178896094,6.702693812635138
2023-05-22 08:30:21,21.437240483833044,93.13329698632523,6.705092836428009
2023-05-22 08:40:21,21.48190550752672,93.1229068294332,6.707627958587464
2023-05-22 08:50:21,21.52559285103168,93.10078726663068,6.710199009081332
2023-05-22 09:00:21,21.56807410255153,93.065336156486,6.712703675320437
2023-05-22 09:10:21,21.60936393405453,93.0187320192529,6.715028462714537
2023-05-22 09:20:21,21.649669012230685,92.9660188103092,6.7170543460996015
2023-05-22 09:30:21,21.689263324740267,92.91339607502276,6.718679304640869
2023-05-22 09:40:21,21.72833241130559,92.86624861897728,6.719851872294152
2023-05-22 09:50:21,21.766843139588637,92.82753513738706,6.720603599007826
2023-05-22 10:00:21,21.804488815228453,92.79703999213056,6.721066473421516
2023-05-22 10:10:21,21.8407331475169,92.77170973513373,6.721464870155082
2023-05-22 10:20:21,21.874940213855428,92.74693782336225,6.722079422962692
2023-05-22 10:30:21,21.90654481575483,92.71834746135742,6.723189712015452
2023-05-22 10:40:21,21.935201387814217,92.68346087648048,6.725010428101463
2023-05-22 10:50:21,21.96085679580027,92.6426896958998,6.727638912682519
2023-05-22 11:00:21,21.98372083216362,92.59931968912716,6.731029408634357
2023-05-22 11:10:21,22.00414739114232,92.55851095262491,6.735001753163231
2023-05-22 11:20:21,22.02247403239653,92.5256702725372,6.73928211387812
2023-05-22 11:30:21,22.03888411337741,92.50475924725102,6.743564073746138
2023-05-22 11:40:21,22.0533469774517,92.49710941076576,6.747572935494183
2023-05-22 11:50:21,22.06566076720975,92.50112498337072,6.751116180618512
2023-05-22 12:00:21,22.075581166484262,92.51293624052488,6.754108312618026
2023-05-22 12:10:21,22.082984037093038,92.52773702742044,6.756566823112038
2023-05-22 12:20:21,22.08799476694572,92.5413156049172,6.758584761275062
2023-05-22 12:30:21,22.09102866462661,92.55124523496424,6.760291496711414
2023-05-22 12:40:21,22.09272085297565,92.5573487993321,6.761814984260253
2023-05-22 12:50:21,22.09376763450807,92.56133036003588,6.763256052794946
2023-05-22 13:00:21,22.094737017473072,92.56577058889566,6.764679399480045
2023-05-22 13:10:21,22.09591962197828,92.5729014594728,6.7661194540186695
2023-05-22 13:20:21,22.09727679389992,92.58363269831938,6.767594459586464
2023-05-22 13:30:21,22.09850578476753,92.59718420782544,6.769120512883319
2023-05-22 13:40:21,22.099196745707243,92.61143575606695,6.770719088883111
2023-05-22 13:50:21,22.099020881275173,92.62383211928196,6.7724156371109645
2023-05-22 14:00:21,22.097877536266285,92.63248016853976,6.774231315321408
2023-05-22 14:10:21,22.095944927088095,92.637015081275,6.77617298699904
2023-05-22 14:20:21,22.09361794430736,92.63891136683976,6.77822714558539
2023-05-22 14:30:21,22.09136142983611,92.64112744378788,6.780361435766906
2023-05-22 14:40:21,22.08954048124302,92.64721691653337,6.782533933138918
2023-05-22 14:50:21,22.08829731501656,92.66022515207416,6.784706871886911
2023-05-22 15:00:21,22.087523877907465,92.6817525221449,6.78685951584947
2023-05-22 15:10:21,22.08693911945675,92.71149056345342,6.788995110144882
2023-05-22 15:20:21,22.08623619447896,92.74736019881009,6.791139145442675
2023-05-22 15:30:21,22.085235858647263,92.78617230266843,6.793329518799517
2023-05-22 15:40:21,22.08398000412901,92.8245664439962,6.795602218259122
2023-05-22 15:50:21,22.08272472606903,92.8599170932212,6.79797772101209
2023-05-22 16:00:21,22.081835049577,92.89094095008426,6.800452849633425
2023-05-22 16:10:21,22.081625686597448,92.91786588877804,6.803000662502762
2023-05-22 16:20:21,22.08221611285056,92.94217631456084,6.805577993857095
2023-05-22 16:30:21,22.083463442928583,92.96607361246858,6.808137672548912
2023-05-22 16:40:21,22.08500451674814,92.9918455138788,6.810641162627937
2023-05-22 16:50:21,22.086392294452207,93.02131816141224,6.813067725192427
2023-05-22 17:00:21,22.087270429567678,93.05549302860804,6.815417873718499
2023-05-22 17:10:21,22.08751148138085,93.09438741303796,6.8177110836318136
2023-05-22 17:20:21,22.087257266709532,93.13703878679512,6.819979517055928
2023-05-22 17:30:21,22.086839959046237,93.18161802265216,6.822260308283083
2023-05-22 17:40:21,22.08661372139125,93.22561816475712,6.824588608013423
2023-05-22 17:50:21,22.086767565862143,93.26611929177616,6.826992491740879
2023-05-22 18:00:21,22.08720279845421,93.30014725113249,6.829489666886679
2023-05-22 18:10:21,22.087535881086968,93.3251270797566,6.832085276459069
2023-05-22 18:20:21,22.08723728125408,93.33938401091302,6.834770263869924
2023-05-22 18:30:21,22.08585833693181,93.34258916808616,6.837520545146632
2023-05-22 18:40:21,22.083255353476268,93.33601533994184,6.840298088569035
2023-05-22 18:50:21,22.07971201325653,93.3224856946726,6.843055305735994
2023-05-22 19:00:21,22.075893601453323,93.3059697392977,6.845743528644599
2023-05-22 19:10:21,22.07262928183943,93.29088622573826,6.8483248550681965
2023-05-22 19:20:21,22.07058859582701,93.2812738519872,6.850784827415288
2023-05-22 19:30:21,22.069968098948294,93.28004655193864,6.853142071344761
2023-05-22 19:40:21,22.07031252162337,93.28853483685144,6.855450888932596
2023-05-22 19:50:21,22.070555877097195,93.30642898240356,6.857794201350722
2023-05-22 20:00:21,22.06929337950646,93.3321129284206,6.860266902688506
2023-05-22 20:10:21,22.06521094494417,93.36325600493976,6.862952814049494
2023-05-22 20:20:21,22.057536338406223,93.397458337541,6.865900940369529
2023-05-22 20:30:21,22.04635891438345,93.43275072736786,6.86910767994346
2023-05-22 20:40:21,22.03270158825947,93.4678263604502,6.872510553895768
2023-05-22 20:50:21,22.018307869799443,93.50199678277347,6.875996124990667
2023-05-22 21:00:21,22.00520142124647,93.53497031197216,6.879420904071047
2023-05-22 21:10:21,21.99515251494062,93.56660480107858,6.882640384595276
2023-05-22 21:20:21,21.98921774707716,93.59676891162816,6.885539030032173
2023-05-22 21:30:21,21.9874950763888,93.6253685285754,6.888053758417217
2023-05-22 21:40:21,21.989164336371672,93.65249541690038,6.890185264178849
2023-05-22 21:50:21,21.992789216493023,93.6785809294474,6.891994792217041
2023-05-22 22:00:21,21.99677318090928,93.70442439273351,6.893587724932816
2023-05-22 22:10:21,21.999817314809487,93.731021934438,6.895088486413662
2023-05-22 22:20:21,22.00123657586295,93.75922306481188,6.896613009411472
2023-05-22 22:30:21,22.001047217281503,93.78934286234316,6.898245036023418
2023-05-22 22:40:21,21.999820467102897,93.82090817274133,6.90002103560591
2023-05-22 22:50:21,21.99837593373388,93.8526872887118,6.901926106504477
2023-05-22 23:00:21,21.99743560454765,93.88304861021652,6.903900610808551
2023-05-22 23:10:21,21.99736114998425,93.9105536746192,6.905855113609779
2023-05-22 23:20:21,21.99805609175112,93.93457240161966,6.907689855793893
2023-05-22 23:30:21,21.999048045568344,93.95566782168687,6.909314591968602
2023-05-22 23:40:21,21.99970041210928,93.97556017649272,6.9106650546791775
2023-05-22 23:50:21,21.999461300384795,93.99663065512296,6.911713322582648
2023-05-23 00:00:21,21.998053303072123,94.02110924992644,6.912470710714698
2023-05-23 00:10:21,21.99553944771613,94.05023637788584,6.912983231821015
2023-05-23 00:20:21,21.99225349810155,94.08373078976418,6.913321000684536
2023-05-23 00:30:21,21.988635276492804,94.1198098862892,6.9135639881932365
2023-05-23 00:40:21,21.985044080445604,94.15581568031917,6.913787110621355
2023-05-23 00:50:21,21.98162491983129,94.1892672347493,6.914047634337472
2023-05-23 01:00:21,21.9782750329398,94.21897602190954,6.914377252837842
2023-05-23 01:10:21,21.974714707632653,94.2457994575813,6.914780061990461
2023-05-23 01:20:21,21.97062486855165,94.27270274971154,6.915236283527514
2023-05-23 01:30:21,21.965790220346733,94.30402578899404,6.91571032502622
2023-05-23 01:40:21,21.96018893517508,94.34413471550243,6.916160958903218
2023-05-23 01:50:21,21.953995326771317,94.39587653170469,6.91655125209651
2023-05-23 02:00:21,21.94749917398497,94.459360376707,6.916856353836356
2023-05-23 02:10:21,21.94097901608108,94.53151594874755,6.917068101595695
2023-05-23 02:20:21,21.934583859932868,94.60664539549114,6.917196267199452
2023-05-23 02:30:21,21.9282725581179,94.67786475328734,6.917266812942725
2023-05-23 02:40:21,21.92183585037716,94.7390317968862,6.917317635028203
2023-05-23 02:50:21,21.914993072277884,94.7865809008539,6.917392073058386
2023-05-23 03:00:21,21.907526876847548,94.8206934445666,6.9175302926705005
2023-05-23 03:10:21,21.89940556903044,94.84542383062052,6.917758859277519
2023-05-23 03:20:21,21.89084809370226,94.867714597544,6.918079578956363
2023-05-23 03:30:21,21.88230818447597,94.89556829627496,6.91845981174455
2023-05-23 03:40:21,21.87438286443673,94.9358929725318,6.918827448376723
2023-05-23 03:50:21,21.86767569265428,94.99262684400745,6.9190739120325615
2023-05-23 04:00:21,21.862658395950408,95.0656543844345,6.919067379448817
2023-05-23 04:10:21,21.85957241191444,95.15078678019016,6.918675846514351
2023-05-23 04:20:21,21.858396714613797,95.24077367719342,6.917796252332807
2023-05-23 04:30:21,21.85888657642698,95.32703418219798,6.91638272601004
2023-05-23 04:40:21,21.86066739653069,95.40162153455783,6.914465437255796
2023-05-23 04:50:21,21.86335451476539,95.45890796180652,6.912152522881931
2023-05-23 05:00:21,21.866666679040307,95.49658815285834,6.909611361638288
2023-05-23 05:10:21,21.870506527525688,95.51580694855564,6.907031297248673
2023-05-23 05:20:21,21.874992605300864,95.5204541010853,6.904576083182522
2023-05-23 05:30:21,21.88043996827723,95.51587197452564,6.902338754185951
2023-05-23 05:40:21,21.887297204762863,95.50734471094276,6.90031254162149
2023-05-23 05:50:21,21.896055240156368,95.4987603302624,6.898388072458114
2023-05-23 06:00:21,21.907147436639345,95.4917672170282,6.896380064621018
2023-05-23 06:10:21,21.9208615986283,95.48560906640508,6.894078026352678
2023-05-23 06:20:21,21.93728261031044,95.47765256172822,6.891307815403846
2023-05-23 06:30:21,21.95627920212692,95.46445604181396,6.887986903842359
2023-05-23 06:40:21,21.977539535696064,95.44309750797204,6.88415735284667
2023-05-23 06:50:21,22.000648695304044,95.41241206069743,6.879986691559072
2023-05-23 07:00:21,22.02518917016223,95.37379856496533,6.87573627290206
2023-05-23 07:10:21,22.050836742624647,95.33134677666928,6.871706266269577
2023-05-23 07:20:21,22.07742272271836,95.29119668682608,6.868173119906321
2023-05-23 07:30:21,22.104941382209056,95.26024035578168,6.8653369049085535
2023-05-23 07:40:21,22.13349776903714,95.2444661093263,6.863291979601077
2023-05-23 07:50:21,22.163211265441635,95.24737221032534,6.862026333136052
2023-05-23 08:00:21,22.194107323557574,95.26889695335596,6.861445629846764
2023-05-23 08:10:21,22.226036845869388,95.30520443111816,6.86141062629175
2023-05-23 08:20:21,22.258655707385607,95.34944657616175,6.861773747437014
2023-05-23 08:30:21,22.29147699588887,95.39334696114445,6.862403007607663
2023-05-23 08:40:21,22.32398200937329,95.42920026344169,6.86318802279019
2023-05-23 08:50:21,22.355752548866043,95.4517351375583,6.864030947065822
2023-05-23 09:00:21,22.386576008200127,95.45930328201293,6.8648316163959135
2023-05-23 09:10:21,22.416481548673328,95.45404118119264,6.865478498774435
2023-05-23 09:20:21,22.44568900755113,95.44095496498004,6.865854335817689
2023-05-23 09:30:21,22.474484226710533,95.42621063804371,6.86585866844818
2023-05-23 09:40:21,22.50306329106923,95.41516381258512,6.865441378790118
2023-05-23 09:50:21,22.531402316250155,95.41074838828555,6.864635143493594
2023-05-23 10:00:21,22.559202575273712,95.4127283675014,6.863572849296623
2023-05-23 10:10:21,22.58593448496424,95.41803440504408,6.862479533928827
2023-05-23 10:20:21,22.61096759574169,95.42204853681288,6.861636253670525
2023-05-23 10:30:21,22.633740976789856,95.42038702419585,6.861322765875028
2023-05-23 10:40:21,22.65391215828089,95.41056961873622,6.861753689235957
2023-05-23 10:50:21,22.671429966357984,95.39300991641922,6.863026040807443
2023-05-23 11:00:21,22.686505059118925,95.37100006574688,6.865093484566067
2023-05-23 11:10:21,22.699491145421717,95.34971090577706,6.867775023085223
2023-05-23 11:20:21,22.710724595357156,95.3345642708526,6.870795733260314
2023-05-23 11:30:21,22.720386622263018,95.32954104349888,6.873847851876587
2023-05-23 11:40:21,22.72844352309405,95.3359961972136,6.876655081524962
2023-05-23 11:50:21,22.73468954630992,95.35236145546668,6.879023052108685
2023-05-23 12:00:21,22.73887569055308,95.3747985583609,6.880864167485467
2023-05-23 12:10:21,22.740872399885717,95.39853666486694,6.882193575951152
2023-05-23 12:20:21,22.740798971932005,95.41940307637368,6.883101744970056
2023-05-23 12:30:21,22.739064013769877,95.4350136904715,6.88371523027672
2023-05-23 12:40:21,22.736295397852608,95.4452374788415,6.884158947814951
2023-05-23 12:50:21,22.733181690489403,95.45182789855176,6.884530470561885
2023-05-23 13:00:21,22.73028274142976,95.45741816400113,6.884891031710961
2023-05-23 13:10:21,22.727880653748425,95.4642957741437,6.885271398669755
2023-05-23 13:20:21,22.7259279613944,95.47342879151212,6.885685964597791
2023-05-23 13:30:21,22.72411287237865,95.48409808673424,6.8861467998509
2023-05-23 13:40:21,22.72201632549309,95.4942468437622,6.886671188889075
2023-05-23 13:50:21,22.71930020596935,95.50138551267447,6.887280239459016
2023-05-23 14:00:21,22.715854493093094,95.50368870157132,6.887990629854618
2023-05-23 14:10:21,22.711848051010783,95.50086118946612,6.888804620666741
2023-05-23 14:20:21,22.7076664891535,95.4944487493761,6.8897039938641225
2023-05-23 14:30:21,22.703765495446355,95.4874825203513,6.890651589507597
2023-05-23 14:40:21,22.70050119474412,95.48359007646604,6.891600601348564
2023-05-23 14:50:21,22.698007063915227,95.48589179430384,6.892508320915816
2023-05-23 15:00:21,22.696166592637063,95.4960638846282,6.893349025399832
2023-05-23 15:10:21,22.69469060279257,95.51387434175965,6.894120946456932
2023-05-23 15:20:21,22.6932644951004,95.5373209542897,6.894844551962663
2023-05-23 15:30:21,22.691701685887047,95.56329166071644,6.895552724582132
2023-05-23 15:40:21,22.690037180932176,95.58850308392783,6.896276464280572
2023-05-23 15:50:21,22.68852067698832,95.61040653184328,6.897031304525158
2023-05-23 16:00:21,22.68751132048012,95.62779512180622,6.897809186644712
2023-05-23 16:10:21,22.68731849277131,95.64097252515911,6.898578368352919
2023-05-23 16:20:21,22.6880569120391,95.65149812736082,6.89929098186664
2023-05-23 16:30:21,22.689579529764945,95.66164728461249,6.899895270600135
2023-05-23 16:40:21,22.69151963505548,95.6737805030326,6.9003482475011415
2023-05-23 16:50:21,22.693427263777107,95.68979532192876,6.900624874422901
2023-05-23 17:00:21,22.69494378235748,95.71076305766228,6.9007215346507
2023-05-23 17:10:21,22.69594010717412,95.7367691272575,6.900653759322777
2023-05-23 17:20:21,22.69655705967421,95.7669172366912,6.900449968577751
2023-05-23 17:30:21,22.6971264654713,95.79944245174256,6.900143772959089
2023-05-23 17:40:21,22.6980027833353,95.83189982154856,6.899767033030183
2023-05-23 17:50:21,22.699375957661253,95.86142910243042,6.8993447825353735
2023-05-23 18:00:21,22.701148852632866,95.88511336164584,6.898891949653874
2023-05-23 18:10:21,22.70294010033584,95.90043227605524,6.898411174062261
2023-05-23 18:20:21,22.70422293324421,95.90576302647057,6.897891184405679
2023-05-23 18:30:21,22.704552028896572,95.9008258880847,6.897305982344012
2023-05-23 18:40:21,22.70378758351284,95.88693991191806,6.896615933160695
2023-05-23 18:50:21,22.702217695564386,95.86697155510018,6.895772166913241
2023-05-23 19:00:21,22.700512562646427,95.84493056656278,6.894725064654358
2023-05-23 19:10:21,22.69950672603689,95.82527282927616,6.893436111952308
2023-05-23 19:20:21,22.69987553594788,95.81207100794134,6.891890584905606
2023-05-23 19:30:21,22.701821751994053,95.80826979580196,6.8901071948477215
2023-05-23 19:40:21,22.704896666047304,95.81522722332176,6.888140686526544
2023-05-23 19:50:21,22.70804117035704,95.8326578226841,6.886074784720753
2023-05-23 20:00:21,22.709857634111167,95.8589665155313,6.88400555084689
2023-05-23 20:10:21,22.70903936166905,95.8918403371286,6.88201833872707
2023-05-23 20:20:21,22.70482169538004,95.92889385009238,6.880164051901513
2023-05-23 20:30:21,22.697301711018607,95.96816904267278,6.878441352524858
2023-05-23 20:40:21,22.68751014328617,96.00836706634765,6.876790388993525
2023-05-23 20:50:21,22.677198372704563,96.0488042488006,6.875100711780679
2023-05-23 21:00:21,22.668397936849587,96.0891905530599,6.873232175707769
2023-05-23 21:10:21,22.662886940930985,96.12938239770212,6.871043969156066
2023-05-23 21:20:21,22.66172972450861,96.16924399556706,6.8684245949925256
2023-05-23 21:30:21,22.66503185340473,96.2086738427404,6.865315347518322
2023-05-23 21:40:21,22.671980585739707,96.24775345764957,6.861721625549681
2023-05-23 21:50:21,22.681146807510352,96.2869011791867,6.857709696664476
2023-05-23 22:00:21,22.69094090662267,96.32690065040892,6.85339027334016
2023-05-23 22:10:21,22.700070575657453,96.36872975110786,6.848893405171647
2023-05-23 22:20:21,22.70785702095643,96.41321729094103,6.844340932897522
2023-05-23 22:30:21,22.714322344809943,96.46065531306976,6.83982277514916
2023-05-23 22:40:21,22.720043185504117,96.51054541705264,6.835381831475949
2023-05-23 22:50:21,22.725844085426647,96.56162856765944,6.831009868344898
2023-05-23 23:00:21,22.73245145415379,96.61224388911576,6.82665413727718
2023-05-23 23:10:21,22.740230839191483,96.66092183367849,6.822232296713684
2023-05-23 23:20:21,22.749089063066243,96.70699956851908,6.817651866655496
2023-05-23 23:30:21,22.758556437261188,96.7510058495578,6.81283004780965
2023-05-23 23:40:21,22.767998426939226,96.79462527014422,6.807710166315157
2023-05-23 23:50:21,22.77686455061827,96.84020214745549,6.802272021939369
2023-05-24 00:00:21,22.784878134551253,96.88992853039196,6.796534757808042
2023-05-24 00:10:21,22.79210224573548,96.94500597407097,6.790552300788212
2023-05-24 00:20:21,22.79886997783103,97.00511360261632,6.784402744503706
2023-05-24 00:30:21,22.80561976103491,97.06842857893903,6.778174081770724
2023-05-24 00:40:21,22.812708769263025,97.13225222030051,6.7719492720175
2023-05-24 00:50:21,22.82027915062953,97.19406258807948,6.765793623972646
2023-05-24 01:00:21,22.82822453998442,97.25262999787296,6.759746850596812
2023-05-24 01:10:21,22.83626087941516,97.30877070182626,6.7538210221896415
2023-05-24 01:20:21,22.8440640078522,97.365408883198,6.74800426781532
2023-05-24 01:30:21,22.851412809610213,97.42684368969644,6.7422688133297015
2023-05-24 01:40:21,22.85827891012192,97.49740093917994,6.736581138632726
2023-05-24 01:50:21,22.8648293611067,97.57988786764284,6.730911885885809
2023-05-24 02:00:21,22.871345978064955,97.67437453415096,6.7252436261359545
2023-05-24 02:10:21,22.87809865215628,97.77775236879184,6.719575444571201
2023-05-24 02:20:21,22.88522707680577,97.8842861834308,6.7139241663742375
2023-05-24 02:30:21,22.892680147563944,97.98705572513238,6.708322593200025
2023-05-24 02:40:21,22.9002380279494,98.07988363469865,6.702815227521528
2023-05-24 02:50:21,22.907608884758808,98.15917040958615,6.697451763775202
2023-05-24 03:00:21,22.914563638559287,98.22506490442838,6.692278453357383
2023-05-24 03:10:21,22.92105832914647,98.28159043734829,6.687327661546085
