time,value_acid
2023-10-15 06:08:39,3.3444772538010743
2023-10-15 06:18:39,3.3443137422638785
2023-10-15 06:28:39,3.3441373950121163
2023-10-15 06:38:39,3.343952395097237
2023-10-15 06:48:39,3.3437673107210335
2023-10-15 06:58:39,3.3435938703292987
2023-10-15 07:08:39,3.343444220342871
2023-10-15 07:18:39,3.34332704397114
2023-10-15 07:28:39,3.343243481891989
2023-10-15 07:38:39,3.3431842135132253
2023-10-15 07:48:39,3.3431290903071225
2023-10-15 07:58:39,3.343050211470712
2023-10-15 08:08:39,3.3429183384463226
2023-10-15 08:18:39,3.3427113236251107
2023-10-15 08:28:39,3.342422206801955
2023-10-15 08:38:39,3.3420642529224764
2023-10-15 08:48:39,3.3416707422127225
2023-10-15 08:58:39,3.3412887444617105
2023-10-15 09:08:39,3.340968029922336
2023-10-15 09:18:39,3.340748056583059
2023-10-15 09:28:39,3.340646956873491
2023-10-15 09:38:39,3.3406561735168583
2023-10-15 09:48:39,3.3407428284523095
2023-10-15 09:58:39,3.340859489164134
2023-10-15 10:08:39,3.340958515662028
2023-10-15 10:18:39,3.341006507227928
2023-10-15 10:28:39,3.340994163503754
2023-10-15 10:38:39,3.3409382806212062
2023-10-15 10:48:39,3.3408751934692478
2023-10-15 10:58:39,3.3408478732372666
2023-10-15 11:08:39,3.3408910720939295
2023-10-15 11:18:39,3.3410195779320304
2023-10-15 11:28:39,3.3412235347380523
2023-10-15 11:38:39,3.341472275518792
2023-10-15 11:48:39,3.341725101486292
2023-10-15 11:58:39,3.34194501607118
2023-10-15 12:08:39,3.3421104692726202
2023-10-15 12:18:39,3.342221028772328
2023-10-15 12:28:39,3.3422952354993627
2023-10-15 12:38:39,3.3423618354251734
2023-10-15 12:48:39,3.3424479985060658
2023-10-15 12:58:39,3.3425691327236327
2023-10-15 13:08:39,3.3427241163358525
2023-10-15 13:18:39,3.3428975307503674
2023-10-15 13:28:39,3.3430676660409153
2023-10-15 13:38:39,3.3432167942954854
2023-10-15 13:48:39,3.3433393541339482
2023-10-15 13:58:39,3.3434445938771304
2023-10-15 14:08:39,3.3435525201949847
2023-10-15 14:18:39,3.343684779416125
2023-10-15 14:28:39,3.343854248911869
2023-10-15 14:38:39,3.344057764472476
2023-10-15 14:48:39,3.344275270525341
2023-10-15 14:58:39,3.344476172890101
2023-10-15 15:08:39,3.344630767187784
2023-10-15 15:18:39,3.344722454847994
2023-10-15 15:28:39,3.3447559173680075
2023-10-15 15:38:39,3.3447577563449036
2023-10-15 15:48:39,3.344768853720968
2023-10-15 15:58:39,3.34483084010832
2023-10-15 16:08:39,3.344971387374187
2023-10-15 16:18:39,3.345193661027038
2023-10-15 16:28:39,3.3454739109583014
2023-10-15 16:38:39,3.3457683219060144
2023-10-15 16:48:39,3.346026931407444
2023-10-15 16:58:39,3.346209872473032
2023-10-15 17:08:39,3.3463003482236116
2023-10-15 17:18:39,3.346309902152518
2023-10-15 17:28:39,3.346274275553902
2023-10-15 17:38:39,3.346241436897621
2023-10-15 17:48:39,3.3462560306130626
2023-10-15 17:58:39,3.3463455846877257
2023-10-15 18:08:39,3.3465129941820906
2023-10-15 18:18:39,3.346737424628597
2023-10-15 18:28:39,3.346982769368275
2023-10-15 18:38:39,3.3472102563844794
2023-10-15 18:48:39,3.347390618907753
2023-10-15 18:58:39,3.3475117658518205
2023-10-15 19:08:39,3.3475798164039703
2023-10-15 19:18:39,3.3476139016647775
2023-10-15 19:28:39,3.34763731326971
2023-10-15 19:38:39,3.3476686207523207
2023-10-15 19:48:39,3.3477159897970714
2023-10-15 19:58:39,3.347776376047144
2023-10-15 20:08:39,3.3478392310585385
2023-10-15 20:18:39,3.3478926582407733
2023-10-15 20:28:39,3.3479292247859775
2023-10-15 20:38:39,3.347949074916764
2023-10-15 20:48:39,3.347959329584402
2023-10-15 20:58:39,3.3479703904785745
2023-10-15 21:08:39,3.3479910105770294
2023-10-15 21:18:39,3.348024371388166
2023-10-15 21:28:39,3.3480668234169313
2023-10-15 21:38:39,3.348109704682832
2023-10-15 21:48:39,3.3481433080704406
2023-10-15 21:58:39,3.3481611888185467
2023-10-15 22:08:39,3.3481629332426426
2023-10-15 22:18:39,3.3481542401654427
2023-10-15 22:28:39,3.348144355534489
2023-10-15 22:38:39,3.3481420294774242
2023-10-15 22:48:39,3.348151760671596
2023-10-15 22:58:39,3.348171923214955
2023-10-15 23:08:39,3.3481955324554087
2023-10-15 23:18:39,3.348213271432639
2023-10-15 23:28:39,3.3482174537056038
2023-10-15 23:38:39,3.3482052327806247
2023-10-15 23:48:39,3.348179720813122
2023-10-15 23:58:39,3.348148583994456
2023-10-16 00:08:39,3.348120747559083
2023-10-16 00:18:39,3.348102621477154
2023-10-16 00:28:39,3.348095431428418
2023-10-16 00:38:39,3.3480947504073337
2023-10-16 00:48:39,3.348092392335925
2023-10-16 00:58:39,3.348079847127413
2023-10-16 01:08:39,3.348051813553266
2023-10-16 01:18:39,3.348008370802835
2023-10-16 01:28:39,3.3479549143014173
2023-10-16 01:38:39,3.3478999124917808
2023-10-16 01:48:39,3.34785142992106
2023-10-16 01:58:39,3.3478138469590415
2023-10-16 02:08:39,3.347786101097944
2023-10-16 02:18:39,3.347762137400114
2023-10-16 02:28:39,3.347733357943779
2023-10-16 02:38:39,3.347692069649
2023-10-16 02:48:39,3.3476345581754905
2023-10-16 02:58:39,3.34756259502671
2023-10-16 03:08:39,3.3474828233326086
2023-10-16 03:18:39,3.3474042955301537
2023-10-16 03:28:39,3.3473351228697035
2023-10-16 03:38:39,3.347279485520907
2023-10-16 03:48:39,3.347236056923933
2023-10-16 03:58:39,3.3471983240929113
2023-10-16 04:08:39,3.3471565808052595
2023-10-16 04:18:39,3.347100806936608
2023-10-16 04:28:39,3.347023418528185
2023-10-16 04:38:39,3.3469210256101007
2023-10-16 04:48:39,3.3467947652050487
2023-10-16 04:58:39,3.3466492920174766
2023-10-16 05:08:39,3.346490914269493
2023-10-16 05:18:39,3.3463255379485015
2023-10-16 05:28:39,3.346157020075618
2023-10-16 05:38:39,3.3459863120891424
2023-10-16 05:48:39,3.3458115146966914
2023-10-16 05:58:39,3.3456287558677444
2023-10-16 06:08:39,3.3454336724022276
2023-10-16 06:18:39,3.3452231950905995
2023-10-16 06:28:39,3.3449972641338936
2023-10-16 06:38:39,3.344760023400301
2023-10-16 06:48:39,3.34452000471457
2023-10-16 06:58:39,3.344288903203232
2023-10-16 07:08:39,3.344078835262973
2023-10-16 07:18:39,3.3438984575943635
2023-10-16 07:28:39,3.343748888086888
2023-10-16 07:38:39,3.343620787267621
2023-10-16 07:48:39,3.34349399180472
2023-10-16 07:58:39,3.343340590318509
2023-10-16 08:08:39,3.3431313380337557
2023-10-16 08:18:39,3.3428440855953645
2023-10-16 08:28:39,3.3424718756152156
2023-10-16 08:38:39,3.342027980492423
2023-10-16 08:48:39,3.341545692594293
2023-10-16 08:58:39,3.341072098570818
2023-10-16 09:08:39,3.340656990267726
2023-10-16 09:18:39,3.3403398519889596
2023-10-16 09:28:39,3.340138847174026
2023-10-16 09:38:39,3.340045454202506
2023-10-16 09:48:39,3.34002683524805
2023-10-16 09:58:39,3.3400356025219544
2023-10-16 10:08:39,3.3400241651478786
2023-10-16 10:18:39,3.3399591757865212
2023-10-16 10:28:39,3.3398313915830524
2023-10-16 10:38:39,3.3396576701409346
2023-10-16 10:48:39,3.339474411617585
2023-10-16 10:58:39,3.33932465608042
2023-10-16 11:08:39,3.339243227985628
2023-10-16 11:18:39,3.339244990709104
2023-10-16 11:28:39,3.3393201666912042
2023-10-16 11:38:39,3.339438170126448
2023-10-16 11:48:39,3.339558385903363
2023-10-16 11:58:39,3.33964390336214
2023-10-16 12:08:39,3.339673260384015
2023-10-16 12:18:39,3.3396461142356992
2023-10-16 12:28:39,3.339581096861666
2023-10-16 12:38:39,3.3395070464017302
2023-10-16 12:48:39,3.339451225853572
2023-10-16 12:58:39,3.3394291368325075
2023-10-16 13:08:39,3.3394397515406746
2023-10-16 13:18:39,3.339467745360659
2023-10-16 13:28:39,3.339491502093232
2023-10-16 13:38:39,3.339493387031627
2023-10-16 13:48:39,3.339467931208968
2023-10-16 13:58:39,3.3394244743031996
2023-10-16 14:08:39,3.3393831130281466
2023-10-16 14:18:39,3.3393655821934094
2023-10-16 14:28:39,3.3393848458488375
2023-10-16 14:38:39,3.339437824429352
2023-10-16 14:48:39,3.339504544754647
2023-10-16 14:58:39,3.3395544925756604
2023-10-16 15:08:39,3.339558040789662
2023-10-16 15:18:39,3.339498665264462
2023-10-16 15:28:39,3.3393811189309726
2023-10-16 15:38:39,3.339232071661541
2023-10-16 15:48:39,3.3390924703774516
2023-10-16 15:58:39,3.339004007252344
2023-10-16 16:08:39,3.338994412190595
2023-10-16 16:18:39,3.3390669051249366
2023-10-16 16:28:39,3.339197786684429
2023-10-16 16:38:39,3.3393432886037693
2023-10-16 16:48:39,3.3394534916358465
2023-10-16 16:58:39,3.339488568205497
2023-10-16 17:08:39,3.339431757041086
2023-10-16 17:18:39,3.3392946334498084
2023-10-16 17:28:39,3.3391129667752497
2023-10-16 17:38:39,3.338934749817289
2023-10-16 17:48:39,3.338804647678747
2023-10-16 17:58:39,3.3387502054405487
2023-10-16 18:08:39,3.3387743317702596
2023-10-16 18:18:39,3.33885620242793
2023-10-16 18:28:39,3.338959717724772
2023-10-16 18:38:39,3.3390461094913944
2023-10-16 18:48:39,3.3390861118305333
2023-10-16 18:58:39,3.3390676317127403
2023-10-16 19:08:39,3.338996783737121
2023-10-16 19:18:39,3.3388926919515294
2023-10-16 19:28:39,3.3387786386640337
2023-10-16 19:38:39,3.338673182004809
2023-10-16 19:48:39,3.338584474383298
2023-10-16 19:58:39,3.3385094565083375
2023-10-16 20:08:39,3.3384375635585295
2023-10-16 20:18:39,3.338356881343187
2023-10-16 20:28:39,3.3382599584556183
2023-10-16 20:38:39,3.338146919746029
2023-10-16 20:48:39,3.3380248662457843
2023-10-16 20:58:39,3.337904179402621
2023-10-16 21:08:39,3.337793591854706
2023-10-16 21:18:39,3.337696264894453
2023-10-16 21:28:39,3.3376085291522504
2023-10-16 21:38:39,3.337521703327126
2023-10-16 21:48:39,3.337426061744557
2023-10-16 21:58:39,3.3373151420455343
2023-10-16 22:08:39,3.3371885141013458
2023-10-16 22:18:39,3.337051861627873
2023-10-16 22:28:39,3.336914416976132
2023-10-16 22:38:39,3.3367849183514555
2023-10-16 22:48:39,3.3366678543345403
2023-10-16 22:58:39,3.3365615908916255
2023-10-16 23:08:39,3.3364591373308072
2023-10-16 23:18:39,3.3363511728566166
2023-10-16 23:28:39,3.336230009497167
2023-10-16 23:38:39,3.3360928016162243
2023-10-16 23:48:39,3.335942664684497
2023-10-16 23:58:39,3.3357872707201355
2023-10-17 00:08:39,3.3356355533348343
2023-10-17 00:18:39,3.335493933447803
2023-10-17 00:28:39,3.3353636502667174
2023-10-17 00:38:39,3.335240292882116
2023-10-17 00:48:39,3.3351156938542585
2023-10-17 00:58:39,3.3349813642347383
2023-10-17 01:08:39,3.334832026374666
2023-10-17 01:18:39,3.334667785410777
2023-10-17 01:28:39,3.3344940649937467
2023-10-17 01:38:39,3.3343193639652156
2023-10-17 01:48:39,3.3341517793255213
2023-10-17 01:58:39,3.3339957258189843
2023-10-17 02:08:39,3.3338501770865845
2023-10-17 02:18:39,3.3337091159541754
2023-10-17 02:28:39,3.3335639837069135
2023-10-17 02:38:39,3.3334071277314368
2023-10-17 02:48:39,3.333234875220635
2023-10-17 02:58:39,3.3330490400742643
2023-10-17 03:08:39,3.3328563084700717
2023-10-17 03:18:39,3.3326657763242626
2023-10-17 03:28:39,3.3324855985723
2023-10-17 03:38:39,3.3323199990421513
2023-10-17 03:48:39,3.332167694569581
2023-10-17 03:58:39,3.33202221506211
2023-10-17 04:08:39,3.3318738964460075
2023-10-17 04:18:39,3.3317127597582226
2023-10-17 04:28:39,3.3315312609710284
2023-10-17 04:38:39,3.331326048574095
2023-10-17 04:48:39,3.3310982963385807
2023-10-17 04:58:39,3.3308526937717726
2023-10-17 05:08:39,3.330595581722069
2023-10-17 05:18:39,3.330332896402606
2023-10-17 05:28:39,3.3300685224429927
2023-10-17 05:38:39,3.3298034360637376
2023-10-17 05:48:39,3.329535759729675
2023-10-17 05:58:39,3.329261639953676
2023-10-17 06:08:39,3.3289767286889336
2023-10-17 06:18:39,3.3286779683239662
2023-10-17 06:28:39,3.3283653069529042
2023-10-17 06:38:39,3.3280428924951155
2023-10-17 06:48:39,3.3277192568639458
2023-10-17 06:58:39,3.327406091207592
2023-10-17 07:08:39,3.327115503788759
2023-10-17 07:18:39,3.3268561389483997
2023-10-17 07:28:39,3.326629097937676
2023-10-17 07:38:39,3.3264250203337764
2023-10-17 07:48:39,3.326223717527358
2023-10-17 07:58:39,3.3259972485391858
2023-10-17 08:08:39,3.3257163346957497
2023-10-17 08:18:39,3.3253587884890305
2023-10-17 08:28:39,3.324917610187764
2023-10-17 08:38:39,3.32440602574122
2023-10-17 08:48:39,3.323857277063618
2023-10-17 08:58:39,3.323318396472851
2023-10-17 09:08:39,3.32283911774686
2023-10-17 09:18:39,3.322458863547316
2023-10-17 09:28:39,3.3221957322797566
2023-10-17 09:38:39,3.322041134096508
2023-10-17 09:48:39,3.321962159968586
2023-10-17 09:58:39,3.321911348163949
2023-10-17 10:08:39,3.3218410313727835
2023-10-17 10:18:39,3.3217177835994525
2023-10-17 10:28:39,3.321532281390525
2023-10-17 10:38:39,3.321301300104659
2023-10-17 10:48:39,3.3210611563155314
2023-10-17 10:58:39,3.3208548054883553
2023-10-17 11:08:39,3.3207169867885096
2023-10-17 11:18:39,3.3206624779524048
2023-10-17 11:28:39,3.3206814157803968
2023-10-17 11:38:39,3.3207431291811202
2023-10-17 11:48:39,3.320806918472052
2023-10-17 11:58:39,3.3208357895016287
2023-10-17 12:08:39,3.3208081981057305
2023-10-17 12:18:39,3.320723721321621
2023-10-17 12:28:39,3.320600913048654
2023-10-17 12:38:39,3.3204685359330317
2023-10-17 12:48:39,3.320353780394528
2023-10-17 12:58:39,3.3202720787463864
2023-10-17 13:08:39,3.320222337518125
2023-10-17 13:18:39,3.320189170395733
2023-10-17 13:28:39,3.3201509037970314
2023-10-17 13:38:39,3.3200898502735434
2023-10-17 13:48:39,3.3200004930732745
2023-10-17 13:58:39,3.319892129348959
2023-10-17 14:08:39,3.3197848188367836
2023-10-17 14:18:39,3.319700265189566
2023-10-17 14:28:39,3.3196514073767474
2023-10-17 14:38:39,3.319635147067056
2023-10-17 14:48:39,3.3196314988466735
2023-10-17 14:58:39,3.319609942963786
2023-10-17 15:08:39,3.319540853720797
2023-10-17 15:18:39,3.3194077154533814
2023-10-17 15:28:39,3.319215296754198
2023-10-17 15:38:39,3.318990290459515
2023-10-17 15:48:39,3.3187736738395177
2023-10-17 15:58:39,3.3186071768601004
2023-10-17 16:08:39,3.318518574693594
2023-10-17 16:18:39,3.3185111400228107
2023-10-17 16:28:39,3.3185612336887944
2023-10-17 16:38:39,3.3186251550533425
2023-10-17 16:48:39,3.31865305983808
2023-10-17 16:58:39,3.3186052026782025
2023-10-17 17:08:39,3.318464911626555
2023-10-17 17:18:39,3.3182438582752254
2023-10-17 17:28:39,3.3179779150330013
2023-10-17 17:38:39,3.317715184339816
2023-10-17 17:48:39,3.3175004472810175
2023-10-17 17:58:39,3.3173613710065317
2023-10-17 18:08:39,3.317300992058239
2023-10-17 18:18:39,3.317298619572103
2023-10-17 18:28:39,3.317318292408889
2023-10-17 18:38:39,3.317321385774155
2023-10-17 18:48:39,3.3172787816008027
2023-10-17 18:58:39,3.317178538756221
2023-10-17 19:08:39,3.3170269273944677
2023-10-17 19:18:39,3.3168432303521063
2023-10-17 19:28:39,3.3166508915180914
2023-10-17 19:38:39,3.316468632940652
2023-10-17 19:48:39,3.316304772816201
2023-10-17 19:58:39,3.316156419028883
2023-10-17 20:08:39,3.3160131748315034
2023-10-17 20:18:39,3.315863294507833
2023-10-17 20:28:39,3.3156994950209624
2023-10-17 20:38:39,3.3155220689761378
2023-10-17 20:48:39,3.3153382840318537
2023-10-17 20:58:39,3.315158686620147
2023-10-17 21:08:39,3.314992172205457
2023-10-17 21:18:39,3.3148420622364494
2023-10-17 21:28:39,3.3147048443200835
2023-10-17 21:38:39,3.3145719904491946
2023-10-17 21:48:39,3.314433924063567
2023-10-17 21:58:39,3.3142843272520373
2023-10-17 22:08:39,3.31412290919052
2023-10-17 22:18:39,3.31395548729213
2023-10-17 22:28:39,3.3137914215470743
2023-10-17 22:38:39,3.313639571307803
2023-10-17 22:48:39,3.313504539392475
2023-10-17 22:58:39,3.3133847986963247
2023-10-17 23:08:39,3.3132734577697414
2023-10-17 23:18:39,3.313161287015415
2023-10-17 23:28:39,3.3130406812820175
2023-10-17 23:38:39,3.3129088690655983
2023-10-17 23:48:39,3.31276903099664
2023-10-17 23:58:39,3.312628895022091
2023-10-18 00:08:39,3.3124974412197643
2023-10-18 00:18:39,3.312381127310356
2023-10-18 00:28:39,3.312281219464046
2023-10-18 00:38:39,3.3121933237506664
2023-10-18 00:48:39,3.312109279613302
2023-10-18 00:58:39,3.3120205948063273
2023-10-18 01:08:39,3.311921978152268
2023-10-18 01:18:39,3.311813511007409
2023-10-18 01:28:39,3.3117005830016755
2023-10-18 01:38:39,3.3115916487586423
2023-10-18 01:48:39,3.311494750938412
2023-10-18 01:58:39,3.3114142399286206
2023-10-18 02:08:39,3.3113490151354923
2023-10-18 02:18:39,3.3112929754399136
2023-10-18 02:28:39,3.3112374686710693
2023-10-18 02:38:39,3.311174739476911
2023-10-18 02:48:39,3.3111010032874093
2023-10-18 02:58:39,3.3110179535004285
2023-10-18 03:08:39,3.310932147366905
2023-10-18 03:18:39,3.3108525437908103
2023-10-18 03:28:39,3.310787152975231
2023-10-18 03:38:39,3.3107400466851074
2023-10-18 03:48:39,3.310709782774847
2023-10-18 03:58:39,3.310689725685094
2023-10-18 04:08:39,3.3106700398446924
2023-10-18 04:18:39,3.3106405692341667
2023-10-18 04:28:39,3.310593587700575
2023-10-18 04:38:39,3.3105255570433925
2023-10-18 04:48:39,3.31043746029853
2023-10-18 04:58:39,3.3103337927224636
2023-10-18 05:08:39,3.3102206979391924
2023-10-18 05:18:39,3.310103912512486
2023-10-18 05:28:39,3.3099871195542017
2023-10-18 05:38:39,3.30987109245901
2023-10-18 05:48:39,3.3097537501223515
2023-10-18 05:58:39,3.3096310353083056
2023-10-18 06:08:39,3.3094983966058686
2023-10-18 06:18:39,3.3093525739858727
2023-10-18 06:28:39,3.3091933146272297
2023-10-18 06:38:39,3.30902456758704
2023-10-18 06:48:39,3.308854668511784
2023-10-18 06:58:39,3.3086951154093747
2023-10-18 07:08:39,3.308557827049453
2023-10-18 07:18:39,3.3084512624340148
2023-10-18 07:28:39,3.308376342120759
2023-10-18 07:38:39,3.30832353011307
2023-10-18 07:48:39,3.3082724678049305
2023-10-18 07:58:39,3.308195050233154
2023-10-18 08:08:39,3.3080618411692027
2023-10-18 08:18:39,3.30785050237171
2023-10-18 08:28:39,3.3075538905669966
2023-10-18 08:38:39,3.3071850956963105
2023-10-18 08:48:39,3.306777231520109
2023-10-18 08:58:39,3.306377210346715
2023-10-18 09:08:39,3.3060346543525667
2023-10-18 09:18:39,3.3057888832410063
2023-10-18 09:28:39,3.3056579013079834
2023-10-18 09:38:39,3.3056330336203663
2023-10-18 09:48:39,3.305681295234048
2023-10-18 09:58:39,3.3057551577863453
2023-10-18 10:08:39,3.3058068967057475
2023-10-18 10:18:39,3.3058030381562746
2023-10-18 10:28:39,3.3057342202884072
2023-10-18 10:38:39,3.3056171894989514
2023-10-18 10:48:39,3.305488242795064
2023-10-18 10:58:39,3.305390325400245
2023-10-18 11:08:39,3.3053581754632995
2023-10-18 11:18:39,3.305406578799677
2023-10-18 11:28:39,3.305525689225791
2023-10-18 11:38:39,3.305684861417584
2023-10-18 11:48:39,3.305843429996973
2023-10-18 11:58:39,3.3059644434144584
2023-10-18 12:08:39,3.3060264081404593
2023-10-18 12:18:39,3.30602895958996
2023-10-18 12:28:39,3.305990717470644
2023-10-18 12:38:39,3.305940517333926
2023-10-18 12:48:39,3.3059056292475373
2023-10-18 12:58:39,3.3059015715415305
2023-10-18 13:08:39,3.3059273427407954
2023-10-18 13:18:39,3.3059676540982923
2023-10-18 13:28:39,3.3060009347494956
2023-10-18 13:38:39,3.3060096046800003
2023-10-18 13:48:39,3.3059882588441414
2023-10-18 13:58:39,3.3059463099180255
2023-10-18 14:08:39,3.3059039365172107
2023-10-18 14:18:39,3.3058829640613516
2023-10-18 14:28:39,3.305896455702728
2023-10-18 14:38:39,3.3059414392340387
2023-10-18 14:48:39,3.3059980568321885
2023-10-18 14:58:39,3.306035917328443
2023-10-18 15:08:39,3.3060255241299425
2023-10-18 15:18:39,3.3059504907322133
2023-10-18 15:28:39,3.3058157144830544
2023-10-18 15:38:39,3.305648016116618
2023-10-18 15:48:39,3.305488499501573
2023-10-18 15:58:39,3.3053790194713253
2023-10-18 16:08:39,3.3053474739157847
2023-10-18 16:18:39,3.3053972556809916
2023-10-18 16:28:39,3.3055048428281206
2023-10-18 16:38:39,3.3056266486228982
2023-10-18 16:48:39,3.305712939022081
2023-10-18 16:58:39,3.3057240748910415
2023-10-18 17:08:39,3.3056434861946866
2023-10-18 17:18:39,3.3054829418256246
2023-10-18 17:28:39,3.305278406611852
2023-10-18 17:38:39,3.305078070283505
2023-10-18 17:48:39,3.304926795864217
2023-10-18 17:58:39,3.3048523268919814
2023-10-18 18:08:39,3.3048577705730815
2023-10-18 18:18:39,3.3049225008363705
2023-10-18 18:28:39,3.3050106153422636
2023-10-18 18:38:39,3.305083542007741
2023-10-18 18:48:39,3.30511220931913
2023-10-18 18:58:39,3.3050847164968946
2023-10-18 19:08:39,3.3050073678310095
2023-10-18 19:18:39,3.304899474086546
2023-10-18 19:28:39,3.304784500909374
2023-10-18 19:38:39,3.304681185993749
2023-10-18 19:48:39,3.304597857156784
2023-10-18 19:58:39,3.304531625989099
2023-10-18 20:08:39,3.3044720936690792
2023-10-18 20:18:39,3.3044075067827654
2023-10-18 20:28:39,3.304330569150886
2023-10-18 20:38:39,3.3042415549924624
2023-10-18 20:48:39,3.304147708555698
2023-10-18 20:58:39,3.304059548078234
2023-10-18 21:08:39,3.3039859363034743
2023-10-18 21:18:39,3.303930157705938
2023-10-18 21:28:39,3.3038886589551346
2023-10-18 21:38:39,3.303852867446326
2023-10-18 21:48:39,3.3038131586777895
2023-10-18 21:58:39,3.303763163779701
2023-10-18 22:08:39,3.3037025382891945
2023-10-18 22:18:39,3.3036370436452254
2023-10-18 22:28:39,3.3035759818803374
2023-10-18 22:38:39,3.3035281527619795
2023-10-18 22:48:39,3.303498098256009
2023-10-18 22:58:39,3.303484229499904
2023-10-18 23:08:39,3.3034795927429195
2023-10-18 23:18:39,3.30347489590431
2023-10-18 23:28:39,3.3034624715239964
2023-10-18 23:38:39,3.3034394863180867
2023-10-18 23:48:39,3.30340906001272
2023-10-18 23:58:39,3.303378860866438
2023-10-19 00:08:39,3.303357810814981
2023-10-19 00:18:39,3.3033523113039154
2023-10-19 00:28:39,3.3033635744035563
2023-10-19 00:38:39,3.303387154555107
2023-10-19 00:48:39,3.3034148423250165
2023-10-19 00:58:39,3.303438099608542
2023-10-19 01:08:39,3.3034515926354775
2023-10-19 01:18:39,3.303455363666508
2023-10-19 01:28:39,3.3034547669454772
2023-10-19 01:38:39,3.3034582256115272
2023-10-19 01:48:39,3.303473754914233
2023-10-19 01:58:39,3.3035056820550652
2023-10-19 02:08:39,3.303552887606945
2023-10-19 02:18:39,3.3036092560772166
2023-10-19 02:28:39,3.3036661254639292
2023-10-19 02:38:39,3.3037157351867323
2023-10-19 02:48:39,3.3037543000864797
2023-10-19 02:58:39,3.3037835176242636
2023-10-19 03:08:39,3.3038099537546968
2023-10-19 03:18:39,3.3038425806920184
2023-10-19 03:28:39,3.3038894264974914
2023-10-19 03:38:39,3.3039545852600343
2023-10-19 03:48:39,3.3040366415195814
2023-10-19 03:58:39,3.3041289906363502
2023-10-19 04:08:39,3.3042218320425216
2023-10-19 04:18:39,3.304305048635568
2023-10-19 04:28:39,3.3043709569011526
2023-10-19 04:38:39,3.3044160647869365
2023-10-19 04:48:39,3.3044414047556603
2023-10-19 04:58:39,3.304451524520645
2023-10-19 05:08:39,3.304452622925813
2023-10-19 05:18:39,3.30445049423682
2023-10-19 05:28:39,3.3044488814511714
2023-10-19 05:38:39,3.3044486197232796
2023-10-19 05:48:39,3.3044476912584746
2023-10-19 05:58:39,3.304442103347918
2023-10-19 06:08:39,3.304427369980816
2023-10-19 06:18:39,3.3044002970495683
2023-10-19 06:28:39,3.3043606978180335
2023-10-19 06:38:39,3.304312587228353
2023-10-19 06:48:39,3.3042643662445026
2023-10-19 06:58:39,3.304227597255485
2023-10-19 07:08:39,3.3042142621058734
2023-10-19 07:18:39,3.304232881197507
2023-10-19 07:28:39,3.3042844344473523
2023-10-19 07:38:39,3.304359442814922
2023-10-19 07:48:39,3.3044376018907955
2023-10-19 07:58:39,3.304490857800537
2023-10-19 08:08:39,3.30448982195509
2023-10-19 08:18:39,3.304412199974141
2023-10-19 08:28:39,3.3042508883467168
2023-10-19 08:38:39,3.3040190123739577
2023-10-19 08:48:39,3.3037497164807657
2023-10-19 08:58:39,3.303489938669656
2023-10-19 09:08:39,3.303289321580804
2023-10-19 09:18:39,3.303187199911024
2023-10-19 09:28:39,3.3032015872555287
2023-10-19 09:38:39,3.3033238120857003
2023-10-19 09:48:39,3.303520886785181
2023-10-19 09:58:39,3.3037452740826017
2023-10-19 10:08:39,3.303949234125181
2023-10-19 10:18:39,3.304099271308933
2023-10-19 10:28:39,3.3041859954398727
2023-10-19 10:38:39,3.304226117928524
2023-10-19 10:48:39,3.3042558941127202
2023-10-19 10:58:39,3.3043182208483426
2023-10-19 11:08:39,3.304447781227024
2023-10-19 11:18:39,3.3046592993529487
2023-10-19 11:28:39,3.3049428607362437
2023-10-19 11:38:39,3.3052677452374146
2023-10-19 11:48:39,3.3055932062633717
2023-10-19 11:58:39,3.3058822047857115
2023-10-19 12:08:39,3.306113153690356
2023-10-19 12:18:39,3.306285588885387
2023-10-19 12:28:39,3.306418024856
2023-10-19 12:38:39,3.3065391864431892
2023-10-19 12:48:39,3.306676227767846
2023-10-19 12:58:39,3.306844546247528
2023-10-19 13:08:39,3.3070430148205916
2023-10-19 13:18:39,3.307256214789708
2023-10-19 13:28:39,3.3074624413045854
2023-10-19 13:38:39,3.307643976674581
2023-10-19 13:48:39,3.307795274847029
2023-10-19 13:58:39,3.307925604535714
2023-10-19 14:08:39,3.30805499782489
2023-10-19 14:18:39,3.308205131433919
2023-10-19 14:28:39,3.3083889180527746
2023-10-19 14:38:39,3.30860323366855
2023-10-19 14:48:39,3.308828067731948
2023-10-19 14:58:39,3.309032875858202
2023-10-19 15:08:39,3.3091880081807963
2023-10-19 15:18:39,3.3092769252995478
2023-10-19 15:28:39,3.3093043724807756
2023-10-19 15:38:39,3.3092970196263556
2023-10-19 15:48:39,3.309295821454271
2023-10-19 15:58:39,3.309342485756658
2023-10-19 16:08:39,3.3094647659143894
2023-10-19 16:18:39,3.3096659132112602
2023-10-19 16:28:39,3.3099222674994233
2023-10-19 16:38:39,3.3101901075847486
2023-10-19 16:48:39,3.310419569096207
2023-10-19 16:58:39,3.3105708870750092
2023-10-19 17:08:39,3.310627370520872
2023-10-19 17:18:39,3.310600672560835
2023-10-19 17:28:39,3.310526647778763
2023-10-19 17:38:39,3.310453381487314
2023-10-19 17:48:39,3.3104256384040203
2023-10-19 17:58:39,3.3104710701365674
2023-10-19 18:08:39,3.310592698579547
2023-10-19 18:18:39,3.3107698191893813
2023-10-19 18:28:39,3.3109664581911304
2023-10-19 18:38:39,3.311143979276528
2023-10-19 18:48:39,3.311273254066858
2023-10-19 18:58:39,3.3113423324008266
2023-10-19 19:08:39,3.3113574767701053
2023-10-19 19:18:39,3.3113379637973486
2023-10-19 19:28:39,3.31130723268978
2023-10-19 19:38:39,3.3112840024279686
2023-10-19 19:48:39,3.3112765898358383
2023-10-19 19:58:39,3.3112821032007136
2023-10-19 20:08:39,3.3112901480314765
2023-10-19 20:18:39,3.3112889827969423
2023-10-19 20:28:39,3.3112713306460124
2023-10-19 20:38:39,3.3112374924401884
2023-10-19 20:48:39,3.3111947462293614
2023-10-19 20:58:39,3.3111536510335133
2023-10-19 21:08:39,3.311123117158004
2023-10-19 21:18:39,3.311106483196289
2023-10-19 21:28:39,3.311100256250383
2023-10-19 21:38:39,3.311095930198464
2023-10-19 21:48:39,3.311083952790283
2023-10-19 21:58:39,3.3110580328768973
2023-10-19 22:08:39,3.311017908870027
2023-10-19 22:18:39,3.310969429906359
2023-10-19 22:28:39,3.310921990195731
2023-10-19 22:38:39,3.3108844858054667
2023-10-19 22:48:39,3.3108615587570127
2023-10-19 22:58:39,3.310851723623112
2023-10-19 23:08:39,3.3108481330831485
2023-10-19 23:18:39,3.310841604091482
2023-10-19 23:28:39,3.3108245804329215
2023-10-19 23:38:39,3.3107943418800176
2023-10-19 23:48:39,3.3107541226274195
2023-10-19 23:58:39,3.310711706414334
2023-10-20 00:08:39,3.310676131271953
2023-10-20 00:18:39,3.310653914961233
2023-10-20 00:28:39,3.31064638569812
2023-10-20 00:38:39,3.3106492135159504
2023-10-20 00:48:39,3.3106543036447924
2023-10-20 00:58:39,3.3106532313481494
2023-10-20 01:08:39,3.3106407745737383
2023-10-20 01:18:39,3.31061708530635
2023-10-20 01:28:39,3.3105876251901134
2023-10-20 01:38:39,3.3105609221257715
2023-10-20 01:48:39,3.3105450931863754
2023-10-20 01:58:39,3.310544564176792
2023-10-20 02:08:39,3.3105583107895473
2023-10-20 02:18:39,3.310580308922599
2023-10-20 02:28:39,3.3106019840110767
2023-10-20 02:38:39,3.3106156587544677
2023-10-20 02:48:39,3.310617626933553
2023-10-20 02:58:39,3.3106096604493214
2023-10-20 03:08:39,3.3105983950596714
2023-10-20 03:18:39,3.3105928680304713
2023-10-20 03:28:39,3.3106011676329814
2023-10-20 03:38:39,3.310627443257827
2023-10-20 03:48:39,3.310670329795208
2023-10-20 03:58:39,3.3107232679854937
2023-10-20 04:08:39,3.3107764976766685
2023-10-20 04:18:39,3.310819937245913
2023-10-20 04:28:39,3.310845933775192
2023-10-20 04:38:39,3.31085102100078
2023-10-20 04:48:39,3.310836252464799
2023-10-20 04:58:39,3.3108061923707264
2023-10-20 05:08:39,3.3107670516060534
2023-10-20 05:18:39,3.310724632195238
2023-10-20 05:28:39,3.3106826807929908
2023-10-20 05:38:39,3.3106420323104504
2023-10-20 05:48:39,3.3106006650289217
2023-10-20 05:58:39,3.310554578870942
2023-10-20 06:08:39,3.3104992772645314
2023-10-20 06:18:39,3.3104315526148635
2023-10-20 06:28:39,3.3103512020521917
2023-10-20 06:38:39,3.310262222029805
2023-10-20 06:48:39,3.3101729929703714
2023-10-20 06:58:39,3.3100950549788264
2023-10-20 07:08:39,3.3100403661922355
2023-10-20 07:18:39,3.310017422205156
2023-10-20 07:28:39,3.3100271773558774
2023-10-20 07:38:39,3.31006012658572
2023-10-20 07:48:39,3.3100959393598735
2023-10-20 07:58:39,3.3101065359028925
2023-10-20 08:08:39,3.3100625022798345
2023-10-20 08:18:39,3.309941519645037
2023-10-20 08:28:39,3.3097364612242526
2023-10-20 08:38:39,3.3094604305713724
2023-10-20 08:48:39,3.309146552185251
2023-10-20 08:58:39,3.308841746259858
2023-10-20 09:08:39,3.3085956400280963
2023-10-20 09:18:39,3.308447555451491
2023-10-20 09:28:39,3.3084154963198418
2023-10-20 09:38:39,3.308490784468981
2023-10-20 09:48:39,3.3086404290416564
2023-10-20 09:58:39,3.308816893126365
2023-10-20 10:08:39,3.3089724410165084
2023-10-20 10:18:39,3.309073585207859
2023-10-20 10:28:39,3.309110947703663
2023-10-20 10:38:39,3.3091012563317146
2023-10-20 10:48:39,3.3090807871666494
2023-10-20 10:58:39,3.309092462195623
2023-10-20 11:08:39,3.309170994086969
2023-10-20 11:18:39,3.309331140992983
2023-10-20 11:28:39,3.3095630269439202
2023-10-20 11:38:39,3.3098359747664046
2023-10-20 11:48:39,3.310109285229593
2023-10-20 11:58:39,3.310345970984933
2023-10-20 12:08:39,3.310524500813469
2023-10-20 12:18:39,3.310644470604384
2023-10-20 12:28:39,3.3107244587553364
2023-10-20 12:38:39,3.310793257771518
2023-10-20 12:48:39,3.3108780929849253
2023-10-20 12:58:39,3.310994436342306
2023-10-20 13:08:39,3.311141238377016
2023-10-20 13:18:39,3.3113031607774372
2023-10-20 13:28:39,3.3114585815730053
2023-10-20 13:38:39,3.311589868128601
2023-10-20 13:48:39,3.3116915612861226
2023-10-20 13:58:39,3.311773018136369
2023-10-20 14:08:39,3.311854360250075
2023-10-20 14:18:39,3.311957354552926
2023-10-20 14:28:39,3.3120950042581683
2023-10-20 14:38:39,3.3122642757753193
2023-10-20 14:48:39,3.312445248449543
2023-10-20 14:58:39,3.312607466823963
2023-10-20 15:08:39,3.3127213685481167
2023-10-20 15:18:39,3.3127704998735705
2023-10-20 15:28:39,3.312759689397602
2023-10-20 15:38:39,3.3127156875725245
2023-10-20 15:48:39,3.3126795264266344
2023-10-20 15:58:39,3.3126929873628588
2023-10-20 16:08:39,3.312783893217518
2023-10-20 16:18:39,3.312955560123325
2023-10-20 16:28:39,3.3131843877305696
2023-10-20 16:38:39,3.313426709157002
2023-10-20 16:48:39,3.313632708432084
2023-10-20 16:58:39,3.313762662674137
2023-10-20 17:08:39,3.313799916238016
2023-10-20 17:18:39,3.313756150502511
2023-10-20 17:28:39,3.3136672408357537
2023-10-20 17:38:39,3.3135812855228632
2023-10-20 17:48:39,3.313543054119
2023-10-20 17:58:39,3.3135801946344654
2023-10-20 18:08:39,3.313695716656278
2023-10-20 18:18:39,3.313868894372401
2023-10-20 18:28:39,3.3140637235571075
2023-10-20 18:38:39,3.3142415280736923
2023-10-20 18:48:39,3.3143731301741313
2023-10-20 18:58:39,3.31444652065263
2023-10-20 19:08:39,3.31446789317957
2023-10-20 19:18:39,3.314456445710237
2023-10-20 19:28:39,3.3144355289024827
2023-10-20 19:38:39,3.3144237633036226
2023-10-20 19:48:39,3.314429357452855
2023-10-20 19:58:39,3.3144493015693315
2023-10-20 20:08:39,3.3144730734124246
2023-10-20 20:18:39,3.314488794158368
2023-10-20 20:28:39,3.31448904029379
2023-10-20 20:38:39,3.314473956856633
2023-10-20 20:48:39,3.3144506571552386
2023-10-20 20:58:39,3.314429526828529
2023-10-20 21:08:39,3.3144192944730544
2023-10-20 21:18:39,3.314423108991352
2023-10-20 21:28:39,3.314437280190759
2023-10-20 21:38:39,3.314453097460713
2023-10-20 21:48:39,3.314460797309167
2023-10-20 21:58:39,3.3144538710626064
2023-10-20 22:08:39,3.3144318338242265
2023-10-20 22:18:39,3.314400306163968
2023-10-20 22:28:39,3.3143684490180405
2023-10-20 22:38:39,3.3143449210487446
2023-10-20 22:48:39,3.3143341233384986
2023-10-20 22:58:39,3.3143343266053313
2023-10-20 23:08:39,3.3143384373951803
2023-10-20 23:18:39,3.3143370249036646
2023-10-20 23:28:39,3.3143222841998545
2023-10-20 23:38:39,3.3142912460650766
2023-10-20 23:48:39,3.3142468961182563
2023-10-20 23:58:39,3.3141967706385835
2023-10-21 00:08:39,3.314149662019091
2023-10-21 00:18:39,3.3141118449137856
2023-10-21 00:28:39,3.314084407674709
2023-10-21 00:38:39,3.314062784424815
2023-10-21 00:48:39,3.3140386491443903
2023-10-21 00:58:39,3.314003351210129
2023-10-21 01:08:39,3.3139514487397386
2023-10-21 01:18:39,3.3138828806285834
2023-10-21 01:28:39,3.3138029028437224
2023-10-21 01:38:39,3.3137198456775794
2023-10-21 01:48:39,3.31364163730335
2023-10-21 01:58:39,3.313572523955022
2023-10-21 02:08:39,3.3135113116820802
2023-10-21 02:18:39,3.3134518172429024
2023-10-21 02:28:39,3.313385317986734
2023-10-21 02:38:39,3.3133040001033938
2023-10-21 02:48:39,3.3132040329335335
2023-10-21 02:58:39,3.313087076469939
2023-10-21 03:08:39,3.312959667523297
2023-10-21 03:18:39,3.3128307577692704
2023-10-21 03:28:39,3.312708363604405
2023-10-21 03:38:39,3.3125965765827363
2023-10-21 03:48:39,3.3124939880794386
2023-10-21 03:58:39,3.3123940098863733
2023-10-21 04:08:39,3.312286867672335
2023-10-21 04:18:39,3.312162480568223
2023-10-21 04:28:39,3.312013211461712
2023-10-21 04:38:39,3.3118356250257563
2023-10-21 04:48:39,3.311630820903814
2023-10-21 04:58:39,3.311403424557681
2023-10-21 05:08:39,3.311159723236815
2023-10-21 05:18:39,3.310905610336477
2023-10-21 05:28:39,3.3106449387518233
2023-10-21 05:38:39,3.3103786643216933
2023-10-21 05:48:39,3.3101049007179637
2023-10-21 05:58:39,3.3098197974493844
2023-10-21 06:08:39,3.3095190214183945
2023-10-21 06:18:39,3.309199542043675
2023-10-21 06:28:39,3.3088613466205876
2023-10-21 06:38:39,3.308508634492557
2023-10-21 06:48:39,3.308150001233475
2023-10-21 06:58:39,3.307797213863289
2023-10-21 07:08:39,3.3074624686629415
2023-10-21 07:18:39,3.3071545100356867
2023-10-21 07:28:39,3.3068745511954147
2023-10-21 07:38:39,3.3066133554024955
2023-10-21 07:48:39,3.306350869230985
2023-10-21 07:58:39,3.30605929812849
2023-10-21 08:08:39,3.305709520796292
2023-10-21 08:18:39,3.3052795177184975
2023-10-21 08:28:39,3.304762467405804
2023-10-21 08:38:39,3.304171783897233
2023-10-21 08:48:39,3.3035409066098516
2023-10-21 08:58:39,3.3029170743086667
2023-10-21 09:08:39,3.3023502356645174
2023-10-21 09:18:39,3.3018800361485083
2023-10-21 09:28:39,3.301524804335885
2023-10-21 09:38:39,3.301276187325196
2023-10-21 09:48:39,3.301101519202254
2023-10-21 09:58:39,3.30095358688757
2023-10-21 10:08:39,3.3007849766095845
2023-10-21 10:18:39,3.300562520125222
2023-10-21 10:28:39,3.300277155260394
2023-10-21 10:38:39,3.299945921477248
2023-10-21 10:48:39,3.2996054015611156
2023-10-21 10:58:39,3.299298818571841
2023-10-21 11:08:39,3.2990611799177527
2023-10-21 11:18:39,3.2989075314872687
2023-10-21 11:28:39,3.2988282773981004
2023-10-21 11:38:39,3.2987930122974234
2023-10-21 11:48:39,3.2987612999188727
2023-10-21 11:58:39,3.2986964064648983
2023-10-21 12:08:39,3.298577044329976
2023-10-21 12:18:39,3.2984030425886424
2023-10-21 12:28:39,3.2981932019415736
2023-10-21 12:38:39,3.297976525898117
2023-10-21 12:48:39,3.2977804391168237
2023-10-21 12:58:39,3.2976206008557334
2023-10-21 13:08:39,3.2974961366453592
2023-10-21 13:18:39,3.297391870601432
2023-10-21 13:28:39,3.2972863303952655
2023-10-21 13:38:39,3.2971620200775917
2023-10-21 13:48:39,3.2970136040906035
2023-10-21 13:58:39,3.296850549954317
2023-10-21 14:08:39,3.2966930764553437
2023-10-21 14:18:39,3.2965630345223897
2023-10-21 14:28:39,3.2964734982030817
2023-10-21 14:38:39,3.296421491659207
2023-10-21 14:48:39,3.2963871390343127
2023-10-21 14:58:39,3.2963400168859778
2023-10-21 15:08:39,3.2962505823048445
2023-10-21 15:18:39,3.2961023886607603
2023-10-21 15:28:39,3.2959002596347506
2023-10-21 15:38:39,3.2956709290551394
2023-10-21 15:48:39,3.2954554009797463
2023-10-21 15:58:39,3.295295417892255
2023-10-21 16:08:39,3.2952187531899573
2023-10-21 16:18:39,3.29522866350828
2023-10-21 16:28:39,3.295301479431688
2023-10-21 16:38:39,3.2953934559620226
2023-10-21 16:48:39,3.2954546905066717
2023-10-21 16:58:39,3.2954453656220406
2023-10-21 17:08:39,3.295348723750153
2023-10-21 17:18:39,3.2951763376134413
2023-10-21 17:28:39,3.2949639678047586
2023-10-21 17:38:39,3.294759592353813
2023-10-21 17:48:39,3.2946078557313356
2023-10-21 17:58:39,3.2945362766948745
2023-10-21 18:08:39,3.2945477320785566
2023-10-21 18:18:39,3.294621360490419
2023-10-21 18:28:39,3.294721019972445
2023-10-21 18:38:39,3.29480789517902
2023-10-21 18:48:39,3.2948526683483506
2023-10-21 18:58:39,3.2948431901245194
2023-10-21 19:08:39,3.2947855145505587
2023-10-21 19:18:39,3.294698701127841
2023-10-21 19:28:39,3.294605963871619
2023-10-21 19:38:39,3.294525789121517
2023-10-21 19:48:39,3.294466254250917
2023-10-21 19:58:39,3.2944242219427773
2023-10-21 20:08:39,3.29438904661709
2023-10-21 20:18:39,3.2943487308515587
2023-10-21 20:28:39,3.2942957377943793
2023-10-21 20:38:39,3.2942301048973923
2023-10-21 20:48:39,3.294158844099646
2023-10-21 20:58:39,3.294092246321123
2023-10-21 21:08:39,3.294038952492773
2023-10-21 21:18:39,3.2940020312740357
2023-10-21 21:28:39,3.293977719987317
2023-10-21 21:38:39,3.2939572435954667
2023-10-21 21:48:39,3.2939307825018536
2023-10-21 21:58:39,3.293891780477318
2023-10-21 22:08:39,3.2938397138069995
2023-10-21 22:18:39,3.2937801731310317
2023-10-21 22:28:39,3.2937222984553496
2023-10-21 22:38:39,3.2936747365840326
2023-10-21 22:48:39,3.2936418858463923
2023-10-21 22:58:39,3.293622023306131
2023-10-21 23:08:39,3.293608070907991
2023-10-21 23:18:39,3.2935906222153486
2023-10-21 23:28:39,3.293561905511089
2023-10-21 23:38:39,3.2935189934753732
2023-10-21 23:48:39,3.293464922113053
2023-10-21 23:58:39,3.293407286342098
2023-10-22 00:08:39,3.2933549451767647
2023-10-22 00:18:39,3.2933142475710655
2023-10-22 00:28:39,3.2932863635181246
2023-10-22 00:38:39,3.2932668157541167
2023-10-22 00:48:39,3.2932473734451513
2023-10-22 00:58:39,3.293219487298087
2023-10-22 01:08:39,3.2931778224498216
2023-10-22 01:18:39,3.293122430023256
2023-10-22 01:28:39,3.2930586829169313
2023-10-22 01:38:39,3.292995032532949
2023-10-22 01:48:39,3.2929395317869257
2023-10-22 01:58:39,3.292896554724947
2023-10-22 02:08:39,3.292865037699955
2023-10-22 02:18:39,3.292838929673624
2023-10-22 02:28:39,3.2928096414954493
2023-10-22 02:38:39,3.2927694935413094
2023-10-22 02:48:39,3.2927147894058355
2023-10-22 02:58:39,3.292647322781829
2023-10-22 03:08:39,3.2925737630021605
2023-10-22 03:18:39,3.2925031924634274
2023-10-22 03:28:39,3.2924437558613806
2023-10-22 03:38:39,3.2923996700122293
2023-10-22 03:48:39,3.2923696479081315
2023-10-22 03:58:39,3.2923472187141067
2023-10-22 04:08:39,3.2923227206419066
2023-10-22 04:18:39,3.2922861799620433
2023-10-22 04:28:39,3.292230060742444
2023-10-22 04:38:39,3.2921510223377144
