time,value_hum
2023-10-15 06:08:39,36.07386088546234
2023-10-15 06:18:39,36.06150966892769
2023-10-15 06:28:39,36.04165719893451
2023-10-15 06:38:39,36.01572889640621
2023-10-15 06:48:39,35.985989556702215
2023-10-15 06:58:39,35.95452997537283
2023-10-15 07:08:39,35.922420489167635
2023-10-15 07:18:39,35.88939410608574
2023-10-15 07:28:39,35.85419375356632
2023-10-15 07:38:39,35.8154321113314
2023-10-15 07:48:39,35.772588679992225
2023-10-15 07:58:39,35.7267020513901
2023-10-15 08:08:39,35.68043536364149
2023-10-15 08:18:39,35.63745099666441
2023-10-15 08:28:39,35.60131963932657
2023-10-15 08:38:39,35.57438798683371
2023-10-15 08:48:39,35.55705434559231
2023-10-15 08:58:39,35.547740569005285
2023-10-15 09:08:39,35.543568097889086
2023-10-15 09:18:39,35.5414620573044
2023-10-15 09:28:39,35.53923876489009
2023-10-15 09:38:39,35.536248915361625
2023-10-15 09:48:39,35.53334335251787
2023-10-15 09:58:39,35.532217772756646
2023-10-15 10:08:39,35.53445357616697
2023-10-15 10:18:39,35.5406929482055
2023-10-15 10:28:39,35.550315339873144
2023-10-15 10:38:39,35.56175055391368
2023-10-15 10:48:39,35.57327164480714
2023-10-15 10:58:39,35.58388742634701
2023-10-15 11:08:39,35.59390038711865
2023-10-15 11:18:39,35.60483966845634
2023-10-15 11:28:39,35.618762049790405
2023-10-15 11:38:39,35.63721417890011
2023-10-15 11:48:39,35.66033145180111
2023-10-15 11:58:39,35.68652390281841
2023-10-15 12:08:39,35.71296530508487
2023-10-15 12:18:39,35.73674893889748
2023-10-15 12:28:39,35.756250742154926
2023-10-15 12:38:39,35.77209341961791
2023-10-15 12:48:39,35.78721320261102
2023-10-15 12:58:39,35.80586970750589
2023-10-15 13:08:39,35.83188352944687
2023-10-15 13:18:39,35.86675620667999
2023-10-15 13:28:39,35.908460523481125
2023-10-15 13:38:39,35.95150899568479
2023-10-15 13:48:39,35.98846086832101
2023-10-15 13:58:39,36.01247104457512
2023-10-15 14:08:39,36.02003115254814
2023-10-15 14:18:39,36.01288973480152
2023-10-15 14:28:39,35.99834960133957
2023-10-15 14:38:39,35.98766968148369
2023-10-15 14:48:39,35.99296501258839
2023-10-15 14:58:39,36.02355988164733
2023-10-15 15:08:39,36.08299315329221
2023-10-15 15:18:39,36.16770012857399
2023-10-15 15:28:39,36.26785284654934
2023-10-15 15:38:39,36.370118058080635
2023-10-15 15:48:39,36.46144547759833
2023-10-15 15:58:39,36.532659111723305
2023-10-15 16:08:39,36.580711250969635
2023-10-15 16:18:39,36.608936876462224
2023-10-15 16:28:39,36.625339593311864
2023-10-15 16:38:39,36.63959803743472
2023-10-15 16:48:39,36.659872191343645
2023-10-15 16:58:39,36.69048399272911
2023-10-15 17:08:39,36.73116579203251
2023-10-15 17:18:39,36.77796927522248
2023-10-15 17:28:39,36.825335473630744
2023-10-15 17:38:39,36.86845791458973
2023-10-15 17:48:39,36.90504643358827
2023-10-15 17:58:39,36.93590465420952
2023-10-15 18:08:39,36.96423295237825
2023-10-15 18:18:39,36.994059603041975
2023-10-15 18:28:39,37.02850004974174
2023-10-15 18:38:39,37.06854798361797
2023-10-15 18:48:39,37.112831845930685
2023-10-15 18:58:39,37.15835127752237
2023-10-15 19:08:39,37.2018151202445
2023-10-15 19:18:39,37.24098968128804
2023-10-15 19:28:39,37.275505988415965
2023-10-15 19:38:39,37.30683511806172
2023-10-15 19:48:39,37.33750216533017
2023-10-15 19:58:39,37.36991881542173
2023-10-15 20:08:39,37.40534828797613
2023-10-15 20:18:39,37.44342958306535
2023-10-15 20:28:39,37.48242834319676
2023-10-15 20:38:39,37.52006600761172
2023-10-15 20:48:39,37.5545416403523
2023-10-15 20:58:39,37.585297505605304
2023-10-15 21:08:39,37.61320901554139
2023-10-15 21:18:39,37.64013942663369
2023-10-15 21:28:39,37.66807472638884
2023-10-15 21:38:39,37.6982274392408
2023-10-15 21:48:39,37.730499511454454
2023-10-15 21:58:39,37.76352889026812
2023-10-15 22:08:39,37.795287342742846
2023-10-15 22:18:39,37.82396055902982
2023-10-15 22:28:39,37.84872597433582
2023-10-15 22:38:39,37.870095406228835
2023-10-15 22:48:39,37.88968264935446
2023-10-15 22:58:39,37.90950511248489
2023-10-15 23:08:39,37.931125969299856
2023-10-15 23:18:39,37.95500583639103
2023-10-15 23:28:39,37.9803365298661
2023-10-15 23:38:39,38.00541812974703
2023-10-15 23:48:39,38.02840681554544
2023-10-15 23:58:39,38.04810518794625
2023-10-16 00:08:39,38.06445454175782
2023-10-16 00:18:39,38.078522844387656
2023-10-16 00:28:39,38.0920031721117
2023-10-16 00:38:39,38.10644880185497
2023-10-16 00:48:39,38.1225820603404
2023-10-16 00:58:39,38.13997768038829
2023-10-16 01:08:39,38.157255013794355
2023-10-16 01:18:39,38.172690184647905
2023-10-16 01:28:39,38.18497637406267
2023-10-16 01:38:39,38.19379712096524
2023-10-16 01:48:39,38.19996087460752
2023-10-16 01:58:39,38.205038419758175
2023-10-16 02:08:39,38.210663823935036
2023-10-16 02:18:39,38.21780858820985
2023-10-16 02:28:39,38.22635224712216
2023-10-16 02:38:39,38.235143949575644
2023-10-16 02:48:39,38.24253368916218
2023-10-16 02:58:39,38.24714245128169
2023-10-16 03:08:39,38.24852945547802
2023-10-16 03:18:39,38.247452151487956
2023-10-16 03:28:39,38.24558705349168
2023-10-16 03:38:39,38.24481436848064
2023-10-16 03:48:39,38.24636573267015
2023-10-16 03:58:39,38.25020588533015
2023-10-16 04:08:39,38.254931516730686
2023-10-16 04:18:39,38.25825732341984
2023-10-16 04:28:39,38.25790869792823
2023-10-16 04:38:39,38.252558754122674
2023-10-16 04:48:39,38.24241393881575
2023-10-16 04:58:39,38.229185518625364
2023-10-16 05:08:39,38.21543188409533
2023-10-16 05:18:39,38.20351753815606
2023-10-16 05:28:39,38.19459988018257
2023-10-16 05:38:39,38.18805361380121
2023-10-16 05:48:39,38.181572405985136
2023-10-16 05:58:39,38.17191637897295
2023-10-16 06:08:39,38.15601311203194
2023-10-16 06:18:39,38.13197709387612
2023-10-16 06:28:39,38.099647904721245
2023-10-16 06:38:39,38.06044711085074
2023-10-16 06:48:39,38.016635669682685
2023-10-16 06:58:39,37.97030057434874
2023-10-16 07:08:39,37.922508413906584
2023-10-16 07:18:39,37.8729885226908
2023-10-16 07:28:39,37.82048024835482
2023-10-16 07:38:39,37.763592804474335
2023-10-16 07:48:39,37.70180235933739
2023-10-16 07:58:39,37.63614432633168
2023-10-16 08:08:39,37.56927883948047
2023-10-16 08:18:39,37.504865469097275
2023-10-16 08:28:39,37.44647230933226
2023-10-16 08:38:39,37.39644369602541
2023-10-16 08:48:39,37.355175831700194
2023-10-16 08:58:39,37.32108874156821
2023-10-16 09:08:39,37.291302334130876
2023-10-16 09:18:39,37.26274051792914
2023-10-16 09:28:39,37.23321872959679
2023-10-16 09:38:39,37.20208713809584
2023-10-16 09:48:39,37.170196435998335
2023-10-16 09:58:39,37.139242562225135
2023-10-16 10:08:39,37.1108075721014
2023-10-16 10:18:39,37.08553473757773
2023-10-16 10:28:39,37.062805045759944
2023-10-16 10:38:39,37.041050303174174
2023-10-16 10:48:39,37.01854605349929
2023-10-16 10:58:39,36.99430410240496
2023-10-16 11:08:39,36.96863045008568
2023-10-16 11:18:39,36.94305828575941
2023-10-16 11:28:39,36.919648989300626
2023-10-16 11:38:39,36.89995437719754
2023-10-16 11:48:39,36.88411559787846
2023-10-16 11:58:39,36.870549036566956
2023-10-16 12:08:39,36.856435430336106
2023-10-16 12:18:39,36.838875650303166
2023-10-16 12:28:39,36.81625386557031
2023-10-16 12:38:39,36.78920166536965
2023-10-16 12:48:39,36.760664831037936
2023-10-16 12:58:39,36.734913206417076
2023-10-16 13:08:39,36.715778302651394
2023-10-16 13:18:39,36.70477327319276
2023-10-16 13:28:39,36.69988322650754
2023-10-16 13:38:39,36.695633720999375
2023-10-16 13:48:39,36.68459777118905
2023-10-16 13:58:39,36.659944784423715
2023-10-16 14:08:39,36.618181634842195
2023-10-16 14:18:39,36.561072859075594
2023-10-16 14:28:39,36.4959380149374
2023-10-16 14:38:39,36.43405353766737
2023-10-16 14:48:39,36.387552732697486
2023-10-16 14:58:39,36.36577891978972
2023-10-16 15:08:39,36.37229076326209
2023-10-16 15:18:39,36.40354413135505
2023-10-16 15:28:39,36.44973239808445
2023-10-16 15:38:39,36.497544415474806
2023-10-16 15:48:39,36.53395276328193
2023-10-16 15:58:39,36.54980507430307
2023-10-16 16:08:39,36.54207802132251
2023-10-16 16:18:39,36.51413171822969
2023-10-16 16:28:39,36.47399564624331
2023-10-16 16:38:39,36.43137505257063
2023-10-16 16:48:39,36.394457256594954
2023-10-16 16:58:39,36.36759224748553
2023-10-16 17:08:39,36.35054112954103
2023-10-16 17:18:39,36.339385031055464
2023-10-16 17:28:39,36.328595099331665
2023-10-16 17:38:39,36.31339563445832
2023-10-16 17:48:39,36.29152788349598
2023-10-16 17:58:39,36.26382750069707
2023-10-16 18:08:39,36.233527490819284
2023-10-16 18:18:39,36.204689332980536
2023-10-16 18:28:39,36.18046222610894
2023-10-16 18:38:39,36.161874142124354
2023-10-16 18:48:39,36.14758830100858
2023-10-16 18:58:39,36.13463959156686
2023-10-16 19:08:39,36.11977254220738
2023-10-16 19:18:39,36.10078955321406
2023-10-16 19:28:39,36.07735811834806
2023-10-16 19:38:39,36.05098611793579
2023-10-16 19:48:39,36.02423575207657
2023-10-16 19:58:39,35.99955607395255
2023-10-16 20:08:39,35.97824789457795
2023-10-16 20:18:39,35.959987987659545
2023-10-16 20:28:39,35.94307990932982
2023-10-16 20:38:39,35.925283108606756
2023-10-16 20:48:39,35.904834710390965
2023-10-16 20:58:39,35.88121504453604
2023-10-16 21:08:39,35.85533754634039
2023-10-16 21:18:39,35.8291034042401
2023-10-16 21:28:39,35.80453639701787
2023-10-16 21:38:39,35.782886649199384
2023-10-16 21:48:39,35.76409346455064
2023-10-16 21:58:39,35.7468318531418
2023-10-16 22:08:39,35.72911029737892
2023-10-16 22:18:39,35.709150801877584
2023-10-16 22:28:39,35.686166661470736
2023-10-16 22:38:39,35.66070504449822
2023-10-16 22:48:39,35.63441453286229
2023-10-16 22:58:39,35.60934670455849
2023-10-16 23:08:39,35.587098229825585
2023-10-16 23:18:39,35.56816249453865
2023-10-16 23:28:39,35.55176330269389
2023-10-16 23:38:39,35.53623188680797
2023-10-16 23:48:39,35.519754690094
2023-10-16 23:58:39,35.50116363532772
2023-10-17 00:08:39,35.48042834592511
2023-10-17 00:18:39,35.45864407320839
2023-10-17 00:28:39,35.437530082696576
2023-10-17 00:38:39,35.41866469701067
2023-10-17 00:48:39,35.40279409745605
2023-10-17 00:58:39,35.389515634346076
2023-10-17 01:08:39,35.37746999536545
2023-10-17 01:18:39,35.364953316182586
2023-10-17 01:28:39,35.350677424316835
2023-10-17 01:38:39,35.33434310113336
2023-10-17 01:48:39,35.31677459760269
2023-10-17 01:58:39,35.299557025103134
2023-10-17 02:08:39,35.28433727055801
2023-10-17 02:18:39,35.27209811768817
2023-10-17 02:28:39,35.26272882001907
2023-10-17 02:38:39,35.25508665753225
2023-10-17 02:48:39,35.247528145608136
2023-10-17 02:58:39,35.23867916365203
2023-10-17 03:08:39,35.228102182025616
2023-10-17 03:18:39,35.216556245670155
2023-10-17 03:28:39,35.20571779918357
2023-10-17 03:38:39,35.19746530923333
2023-10-17 03:48:39,35.19302699826942
2023-10-17 03:58:39,35.19236251905811
2023-10-17 04:08:39,35.194061806671755
2023-10-17 04:18:39,35.19583114125426
2023-10-17 04:28:39,35.195385848633855
2023-10-17 04:38:39,35.191387340067074
2023-10-17 04:48:39,35.18402874170341
2023-10-17 04:58:39,35.175006402696184
2023-10-17 05:08:39,35.16686222408636
2023-10-17 05:18:39,35.16194267539979
2023-10-17 05:28:39,35.16138561022494
2023-10-17 05:38:39,35.164544708849675
2023-10-17 05:48:39,35.169091175468296
2023-10-17 05:58:39,35.17176127151148
2023-10-17 06:08:39,35.169457361690505
2023-10-17 06:18:39,35.160267414051205
2023-10-17 06:28:39,35.14400323237608
2023-10-17 06:38:39,35.122057404026826
2023-10-17 06:48:39,35.0966607610033
2023-10-17 06:58:39,35.06986908307813
2023-10-17 07:08:39,35.04271671898088
2023-10-17 07:18:39,35.01489979915299
2023-10-17 07:28:39,34.985123569186285
2023-10-17 07:38:39,34.95196231002108
2023-10-17 07:48:39,34.914856495908246
2023-10-17 07:58:39,34.874805155883074
2023-10-17 08:08:39,34.834431421684734
2023-10-17 08:18:39,34.797357317122575
2023-10-17 08:28:39,34.76711292047876
2023-10-17 08:38:39,34.74600415801484
2023-10-17 08:48:39,34.734388505401576
2023-10-17 08:58:39,34.73064702065143
2023-10-17 09:08:39,34.73186048181289
2023-10-17 09:18:39,34.73491358097255
2023-10-17 09:28:39,34.73758252944921
2023-10-17 09:38:39,34.739178338634716
2023-10-17 09:48:39,34.740512687600685
2023-10-17 09:58:39,34.743242721019875
2023-10-17 10:08:39,34.74891199366672
2023-10-17 10:18:39,34.758125643711864
2023-10-17 10:28:39,34.77022696313266
2023-10-17 10:38:39,34.783610571858055
2023-10-17 10:48:39,34.79651540386005
2023-10-17 10:58:39,34.80791729819713
2023-10-17 11:08:39,34.81808699557188
2023-10-17 11:18:39,34.82852319441375
2023-10-17 11:28:39,34.84125361156142
2023-10-17 11:38:39,34.857797284379096
2023-10-17 11:48:39,34.87826351949036
2023-10-17 11:58:39,34.90103784789811
2023-10-17 12:08:39,34.923271187027005
2023-10-17 12:18:39,34.94203566657688
2023-10-17 12:28:39,34.95568783266857
2023-10-17 12:38:39,34.964832806515815
2023-10-17 12:48:39,34.972391089375506
2023-10-17 12:58:39,34.982608461831056
2023-10-17 13:08:39,34.999293613913174
2023-10-17 13:18:39,35.02393814122034
2023-10-17 13:28:39,35.0545068749376
2023-10-17 13:38:39,35.08550638978738
2023-10-17 13:48:39,35.10949201934912
2023-10-17 13:58:39,35.11961679775708
2023-10-17 14:08:39,35.11237253442623
2023-10-17 14:18:39,35.08951000666505
2023-10-17 14:28:39,35.05833631083896
2023-10-17 14:38:39,35.03011670751257
2023-10-17 14:48:39,35.01697459862615
2023-10-17 14:58:39,35.02824465260891
2023-10-17 15:08:39,35.06747811132506
2023-10-17 15:18:39,35.131124622647036
2023-10-17 15:28:39,35.20937251177831
2023-10-17 15:38:39,35.28890671942816
2023-10-17 15:48:39,35.356697014132585
2023-10-17 15:58:39,35.40358927674261
2023-10-17 16:08:39,35.42655944347261
2023-10-17 16:18:39,35.428967860355726
2023-10-17 16:28:39,35.418845159755236
2023-10-17 16:38:39,35.40589860683714
2023-10-17 16:48:39,35.39831835111503
2023-10-17 16:58:39,35.400457967273326
2023-10-17 17:08:39,35.412082841597226
2023-10-17 17:18:39,35.42927902033856
2023-10-17 17:28:39,35.44652314235363
2023-10-17 17:38:39,35.45904550946089
2023-10-17 17:48:39,35.46459381590364
2023-10-17 17:58:39,35.464010543134506
2023-10-17 18:08:39,35.46053583688762
2023-10-17 18:18:39,35.45823856454126
2023-10-17 18:28:39,35.46027549384807
2023-10-17 18:38:39,35.46768227956673
2023-10-17 18:48:39,35.479129872304426
2023-10-17 18:58:39,35.491660873628746
2023-10-17 19:08:39,35.50202744200593
2023-10-17 19:18:39,35.50803946139777
2023-10-17 19:28:39,35.509371700488906
2023-10-17 19:38:39,35.50753904485732
2023-10-17 19:48:39,35.50511037105529
2023-10-17 19:58:39,35.5045410229968
2023-10-17 20:08:39,35.507137661697016
2023-10-17 20:18:39,35.512582417795045
2023-10-17 20:28:39,35.5191836613572
2023-10-17 20:38:39,35.52470506544151
2023-10-17 20:48:39,35.5273873449908
2023-10-17 20:58:39,35.52671374518966
2023-10-17 21:08:39,35.52359990429028
2023-10-17 21:18:39,35.51994846735644
2023-10-17 21:28:39,35.51778389293995
2023-10-17 21:38:39,35.51835618186743
2023-10-17 21:48:39,35.52160368786451
2023-10-17 21:58:39,35.526199625568466
2023-10-17 22:08:39,35.53014982176413
2023-10-17 22:18:39,35.53167275433566
2023-10-17 22:28:39,35.52997731366792
2023-10-17 22:38:39,35.52560538329073
2023-10-17 22:48:39,35.520199381686616
2023-10-17 22:58:39,35.51580385065333
2023-10-17 23:08:39,35.5140075615251
2023-10-17 23:18:39,35.515295152773945
2023-10-17 23:28:39,35.51888085084632
2023-10-17 23:38:39,35.52308550302383
2023-10-17 23:48:39,35.52608438597161
2023-10-17 23:58:39,35.52669750502243
2023-10-18 00:08:39,35.524881849319605
2023-10-18 00:18:39,35.52171935702543
2023-10-18 00:28:39,35.51891534300949
2023-10-18 00:38:39,35.518033586640406
2023-10-18 00:48:39,35.51980518150537
2023-10-18 00:58:39,35.52381189697983
2023-10-18 01:08:39,35.528678400791094
2023-10-18 01:18:39,35.5326844264677
2023-10-18 01:28:39,35.534525076779424
2023-10-18 01:38:39,35.533884147401466
2023-10-18 01:48:39,35.531568706572465
2023-10-18 01:58:39,35.529146551591126
2023-10-18 02:08:39,35.52824719137758
2023-10-18 02:18:39,35.52983603640277
2023-10-18 02:28:39,35.53378504157618
2023-10-18 02:38:39,35.5389343336396
2023-10-18 02:48:39,35.543623491448564
2023-10-18 02:58:39,35.5464617463162
2023-10-18 03:08:39,35.54699528067786
2023-10-18 03:18:39,35.54596728328666
2023-10-18 03:28:39,35.54503884542925
2023-10-18 03:38:39,35.54607365369701
2023-10-18 03:48:39,35.55028579311803
2023-10-18 03:58:39,35.55762148968587
2023-10-18 04:08:39,35.566658029101255
2023-10-18 04:18:39,35.575089884172776
2023-10-18 04:28:39,35.58062147830664
2023-10-18 04:38:39,35.58190428564309
2023-10-18 04:48:39,35.579122518505244
2023-10-18 04:58:39,35.57396469066525
2023-10-18 05:08:39,35.56896599848302
2023-10-18 05:18:39,35.56646738644536
2023-10-18 05:28:39,35.5676024084328
2023-10-18 05:38:39,35.571721712335226
2023-10-18 05:48:39,35.57649477556586
2023-10-18 05:58:39,35.57865747263285
2023-10-18 06:08:39,35.57511315157068
2023-10-18 06:18:39,35.56395215990166
2023-10-18 06:28:39,35.54499009874233
2023-10-18 06:38:39,35.51962478785428
2023-10-18 06:48:39,35.490093739388364
2023-10-18 06:58:39,35.45846086901902
2023-10-18 07:08:39,35.42577012042469
2023-10-18 07:18:39,35.39172867673698
2023-10-18 07:28:39,35.35505428774246
2023-10-18 07:38:39,35.314335179047596
2023-10-18 07:48:39,35.26902719446784
2023-10-18 07:58:39,35.220146136945
2023-10-18 08:08:39,35.170333291186104
2023-10-18 08:18:39,35.12323018327437
2023-10-18 08:28:39,35.08238770865544
2023-10-18 08:38:39,35.05013388653625
2023-10-18 08:48:39,35.02684951818211
2023-10-18 08:58:39,35.010940172078904
2023-10-18 09:08:39,34.99951226999297
2023-10-18 09:18:39,34.98947722520125
2023-10-18 09:28:39,34.97863898818529
2023-10-18 09:38:39,34.96633726426279
2023-10-18 09:48:39,34.95341331460897
2023-10-18 09:58:39,34.9415546843737
2023-10-18 10:08:39,34.93233607424513
2023-10-18 10:18:39,34.92639443820649
2023-10-18 10:28:39,34.923105475663235
2023-10-18 10:38:39,34.92089672523331
2023-10-18 10:48:39,34.918040468263925
2023-10-18 10:58:39,34.9135462356624
2023-10-18 11:08:39,34.90771871866877
2023-10-18 11:18:39,34.90209073801613
2023-10-18 11:28:39,34.898724216719366
2023-10-18 11:38:39,34.89917239372802
2023-10-18 11:48:39,34.90357868381325
2023-10-18 11:58:39,34.91036254372796
2023-10-18 12:08:39,34.91670854575268
2023-10-18 12:18:39,34.91972211538414
2023-10-18 12:28:39,34.917792648296825
2023-10-18 12:38:39,34.91155758291313
2023-10-18 12:48:39,34.9039691206638
2023-10-18 12:58:39,34.899304042376535
2023-10-18 13:08:39,34.901401257411244
2023-10-18 13:18:39,34.91178172107776
2023-10-18 13:28:39,34.92843868851453
2023-10-18 13:38:39,34.94590614929373
2023-10-18 13:48:39,34.956765772387946
2023-10-18 13:58:39,34.954195780792446
2023-10-18 14:08:39,34.93471196277544
2023-10-18 14:18:39,34.900087804561785
2023-10-18 14:28:39,34.857651785714495
2023-10-18 14:38:39,34.81868917240068
2023-10-18 14:48:39,34.79534194709509
2023-10-18 14:58:39,34.79696189061143
2023-10-18 15:08:39,34.82711585061351
2023-10-18 15:18:39,34.88226754050574
2023-10-18 15:28:39,34.952617781681965
2023-10-18 15:38:39,35.02486241796491
2023-10-18 15:48:39,35.08598050876249
2023-10-18 15:58:39,35.12682559974541
2023-10-18 16:08:39,35.1443796571912
2023-10-18 16:18:39,35.14200741871076
2023-10-18 16:28:39,35.127742271346634
2023-10-18 16:38:39,35.111292604693766
2023-10-18 16:48:39,35.10084807417803
2023-10-18 16:58:39,35.10076015880484
2023-10-18 17:08:39,35.11079056936244
2023-10-18 17:18:39,35.12702012357323
2023-10-18 17:28:39,35.14391871030281
2023-10-18 17:38:39,35.15670839623306
2023-10-18 17:48:39,35.16312719616389
2023-10-18 17:58:39,35.16400651310299
2023-10-18 18:08:39,35.16257406484746
2023-10-18 18:18:39,35.16288499499961
2023-10-18 18:28:39,35.16808110921345
2023-10-18 18:38:39,35.17918192298596
2023-10-18 18:48:39,35.19484113518648
2023-10-18 18:58:39,35.21208305101212
2023-10-18 19:08:39,35.22764055879509
2023-10-18 19:18:39,35.239303372217684
2023-10-18 19:28:39,35.246725265515494
2023-10-18 19:38:39,35.25139938397006
2023-10-18 19:48:39,35.25587219810201
2023-10-18 19:58:39,35.26257606184806
2023-10-18 20:08:39,35.27279414540036
2023-10-18 20:18:39,35.28618467189331
2023-10-18 20:28:39,35.30103177212191
2023-10-18 20:38:39,35.31507463337377
2023-10-18 20:48:39,35.326529323792414
2023-10-18 20:58:39,35.33485436602813
2023-10-18 21:08:39,35.340940684860186
2023-10-18 21:18:39,35.34666630493824
2023-10-18 21:28:39,35.354031240478584
2023-10-18 21:38:39,35.36426130556151
2023-10-18 21:48:39,35.37727100472619
2023-10-18 21:58:39,35.391710118992584
2023-10-18 22:08:39,35.40556153282372
2023-10-18 22:18:39,35.41702134647175
2023-10-18 22:28:39,35.42527670787772
2023-10-18 22:38:39,35.430848460954245
2023-10-18 22:48:39,35.435358751792506
2023-10-18 22:58:39,35.4408326779432
2023-10-18 23:08:39,35.4488404519776
2023-10-18 23:18:39,35.45984909258802
2023-10-18 23:28:39,35.47305619480308
2023-10-18 23:38:39,35.48676700816525
2023-10-18 23:48:39,35.49914228619441
2023-10-18 23:58:39,35.508988622151776
2023-10-19 00:08:39,35.51625073601194
2023-10-19 00:18:39,35.52199946688033
2023-10-19 00:28:39,35.52793022307059
2023-10-19 00:38:39,35.53559808748886
2023-10-19 00:48:39,35.54572668002435
2023-10-19 00:58:39,35.55789152692671
2023-10-19 01:08:39,35.57071228616692
2023-10-19 01:18:39,35.58246491290311
2023-10-19 01:28:39,35.591841955951544
2023-10-19 01:38:39,35.598525869611905
2023-10-19 01:48:39,35.60332357686644
2023-10-19 01:58:39,35.607803904530776
2023-10-19 02:08:39,35.61359854001164
2023-10-19 02:18:39,35.62167619085446
2023-10-19 02:28:39,35.63191319301303
2023-10-19 02:38:39,35.64315509926912
2023-10-19 02:48:39,35.6537479166766
2023-10-19 02:58:39,35.662308260068855
2023-10-19 03:08:39,35.668390600278826
2023-10-19 03:18:39,35.672747265466064
2023-10-19 03:28:39,35.67704928023766
2023-10-19 03:38:39,35.68317099817542
2023-10-19 03:48:39,35.69233784222518
2023-10-19 03:58:39,35.70450798178965
2023-10-19 04:08:39,35.71827118378177
2023-10-19 04:18:39,35.731334870523035
2023-10-19 04:28:39,35.74141681197225
2023-10-19 04:38:39,35.74718215313652
2023-10-19 04:48:39,35.7488290277504
2023-10-19 04:58:39,35.748060047009766
2023-10-19 05:08:39,35.74742460554058
2023-10-19 05:18:39,35.749277871661725
2023-10-19 05:28:39,35.75476757341915
2023-10-19 05:38:39,35.76325840836591
2023-10-19 05:48:39,35.77243370489144
2023-10-19 05:58:39,35.77904291665067
2023-10-19 06:08:39,35.78000262714447
2023-10-19 06:18:39,35.773416005236
2023-10-19 06:28:39,35.759110990885226
2023-10-19 06:38:39,35.73849719382793
2023-10-19 06:48:39,35.71382330328421
2023-10-19 06:58:39,35.68716373779474
2023-10-19 07:08:39,35.65957221132398
2023-10-19 07:18:39,35.630764889308736
2023-10-19 07:28:39,35.5994676639659
2023-10-19 07:38:39,35.5642760151239
2023-10-19 07:48:39,35.52465210787712
2023-10-19 07:58:39,35.48161709289153
2023-10-19 08:08:39,35.43781659252006
2023-10-19 08:18:39,35.39689542812737
2023-10-19 08:28:39,35.36240672011061
2023-10-19 08:38:39,35.33667961907588
2023-10-19 08:48:39,35.320094945298564
2023-10-19 08:58:39,35.311057159972144
2023-10-19 09:08:39,35.306670441953564
2023-10-19 09:18:39,35.303842821701465
2023-10-19 09:28:39,35.30037372728545
2023-10-19 09:38:39,35.29559720751802
2023-10-19 09:48:39,35.29034774299183
2023-10-19 09:58:39,35.28630498931918
2023-10-19 10:08:39,35.285034668486006
2023-10-19 10:18:39,35.28716369113616
2023-10-19 10:28:39,35.29205667785837
2023-10-19 10:38:39,35.29812908671177
2023-10-19 10:48:39,35.30364015486855
2023-10-19 10:58:39,35.30758544788326
2023-10-19 11:08:39,35.31025481699723
2023-10-19 11:18:39,35.31316541888668
2023-10-19 11:28:39,35.318362742662046
2023-10-19 11:38:39,35.32738288151985
2023-10-19 11:48:39,35.34035145378079
2023-10-19 11:58:39,35.35566953357433
2023-10-19 12:08:39,35.37050279157498
2023-10-19 12:18:39,35.38193730271185
2023-10-19 12:28:39,35.38834273545518
2023-10-19 12:38:39,35.390336498837186
2023-10-19 12:48:39,35.39085053901138
2023-10-19 12:58:39,35.394141233529815
2023-10-19 13:08:39,35.40402701947706
2023-10-19 13:18:39,35.42200839101535
2023-10-19 13:28:39,35.44605823390202
2023-10-19 13:38:39,35.47069034116762
2023-10-19 13:48:39,35.48846643902919
2023-10-19 13:58:39,35.492545142389226
2023-10-19 14:08:39,35.479423046161344
2023-10-19 14:18:39,35.45085493723836
2023-10-19 14:28:39,35.41415116789222
2023-10-19 14:38:39,35.380579525482254
2023-10-19 14:48:39,35.362265236946996
2023-10-19 14:58:39,35.3685441233058
2023-10-19 15:08:39,35.402967938368405
2023-10-19 15:18:39,35.46198623504009
2023-10-19 15:28:39,35.53578667213327
2023-10-19 15:38:39,35.61105299012923
2023-10-19 15:48:39,35.67475326210221
2023-10-19 15:58:39,35.71773121860847
2023-10-19 16:08:39,35.73696023225533
2023-10-19 16:18:39,35.7357977144616
2023-10-19 16:28:39,35.72227103540714
2023-10-19 16:38:39,35.7060839143699
2023-10-19 16:48:39,35.69542271571178
2023-10-19 16:58:39,35.6946370343153
2023-10-19 17:08:39,35.703488126742755
2023-10-19 17:18:39,35.71805780421096
2023-10-19 17:28:39,35.73281840946557
2023-10-19 17:38:39,35.74299593096319
2023-10-19 17:48:39,35.74633377538221
2023-10-19 17:58:39,35.743670204645646
2023-10-19 18:08:39,35.73824125415022
2023-10-19 18:18:39,35.73411183006831
2023-10-19 18:28:39,35.73443492663048
2023-10-19 18:38:39,35.740242649781116
2023-10-19 18:48:39,35.75020266125293
2023-10-19 18:58:39,35.761354567140664
2023-10-19 19:08:39,35.7704478552836
2023-10-19 19:18:39,35.77529009312502
2023-10-19 19:28:39,35.7755541139563
2023-10-19 19:38:39,35.77275327381838
2023-10-19 19:48:39,35.76945534772078
2023-10-19 19:58:39,35.768115025659704
2023-10-19 20:08:39,35.77003877929071
2023-10-19 20:18:39,35.774909028738534
2023-10-19 20:28:39,35.78103492378886
2023-10-19 20:38:39,35.786181416086336
2023-10-19 20:48:39,35.78859100369731
2023-10-19 20:58:39,35.78774922228834
2023-10-19 21:08:39,35.78457450783209
2023-10-19 21:18:39,35.78097280728229
2023-10-19 21:28:39,35.77897237930251
2023-10-19 21:38:39,35.77982751413005
2023-10-19 21:48:39,35.78348133239829
2023-10-19 21:58:39,35.788612278711014
2023-10-19 22:08:39,35.79323185536239
2023-10-19 22:18:39,35.795564641281
2023-10-19 22:28:39,35.794826030772356
2023-10-19 22:38:39,35.79156478884297
2023-10-19 22:48:39,35.787430565373825
2023-10-19 22:58:39,35.784475453428996
2023-10-19 23:08:39,35.78429606325478
2023-10-19 23:18:39,35.78738512556319
2023-10-19 23:28:39,35.79296517605895
2023-10-19 23:38:39,35.799365550204605
2023-10-19 23:48:39,35.80477015208324
2023-10-19 23:58:39,35.80800771237281
2023-10-20 00:08:39,35.80904400097891
2023-10-20 00:18:39,35.80896974849806
2023-10-20 00:28:39,35.80949902920093
2023-10-20 00:38:39,35.81220430336413
2023-10-20 00:48:39,35.81782522085806
2023-10-20 00:58:39,35.825951936221394
2023-10-20 01:08:39,35.83521728444746
2023-10-20 01:18:39,35.843908901741436
2023-10-20 01:28:39,35.850729482256284
2023-10-20 01:38:39,35.855370055553
2023-10-20 01:48:39,35.858644520561576
2023-10-20 01:58:39,35.86212705711692
2023-10-20 02:08:39,35.8674530645333
2023-10-20 02:18:39,35.87559330864411
2023-10-20 02:28:39,35.886424523133044
2023-10-20 02:38:39,35.898790996840425
2023-10-20 02:48:39,35.911035815715884
2023-10-20 02:58:39,35.921771026543745
2023-10-20 03:08:39,35.93054490110506
2023-10-20 03:18:39,35.93810195903524
2023-10-20 03:28:39,35.9461038339589
2023-10-20 03:38:39,35.9564139386373
2023-10-20 03:48:39,35.97024524320576
2023-10-20 03:58:39,35.98754199538687
2023-10-20 04:08:39,36.00687861972192
2023-10-20 04:18:39,36.025945828627705
2023-10-20 04:28:39,36.04244337228383
2023-10-20 04:38:39,36.05501712847917
2023-10-20 04:48:39,36.06384478292191
2023-10-20 04:58:39,36.07060738853403
2023-10-20 05:08:39,36.07783174602081
2023-10-20 05:18:39,36.087849472089154
2023-10-20 05:28:39,36.10178386680855
2023-10-20 05:38:39,36.11897440759464
2023-10-20 05:48:39,36.137078497584746
2023-10-20 05:58:39,36.15281904932225
2023-10-20 06:08:39,36.16308558058084
2023-10-20 06:18:39,36.16595376309832
2023-10-20 06:28:39,36.16122370264789
2023-10-20 06:38:39,36.15027693317831
2023-10-20 06:48:39,36.13533392274678
2023-10-20 06:58:39,36.1184408198514
2023-10-20 07:08:39,36.100623115962506
2023-10-20 07:18:39,36.08156889781632
2023-10-20 07:28:39,36.059976218127005
2023-10-20 07:38:39,36.03441305083925
2023-10-20 07:48:39,36.004314481732386
2023-10-20 07:58:39,35.9706751001118
2023-10-20 08:08:39,35.93611457402381
2023-10-20 08:18:39,35.90425246447033
2023-10-20 08:28:39,35.87861740952786
2023-10-20 08:38:39,35.861514936673075
2023-10-20 08:48:39,35.85330317996899
2023-10-20 08:58:39,35.85236492557923
2023-10-20 09:08:39,35.85578375884403
2023-10-20 09:18:39,35.86044826435852
2023-10-20 09:28:39,35.864139633916906
2023-10-20 09:38:39,35.866174946797415
2023-10-20 09:48:39,35.867373033292466
2023-10-20 09:58:39,35.86939926537006
2023-10-20 10:08:39,35.87380649019821
2023-10-20 10:18:39,35.88121018943664
2023-10-20 10:28:39,35.8909650318935
2023-10-20 10:38:39,35.90147802688742
2023-10-20 10:48:39,35.91100148603504
2023-10-20 10:58:39,35.918525586903854
2023-10-20 11:08:39,35.92433633884715
2023-10-20 11:18:39,35.92994860541223
2023-10-20 11:28:39,35.93740712816452
2023-10-20 11:38:39,35.948248789236935
2023-10-20 11:48:39,35.96260151752083
2023-10-20 11:58:39,35.97887019856063
2023-10-20 12:08:39,35.99422578892326
2023-10-20 12:18:39,36.00576109186342
2023-10-20 12:28:39,36.011853909031075
2023-10-20 12:38:39,36.01313114456
2023-10-20 12:48:39,36.01253555345994
2023-10-20 12:58:39,36.01433558263546
2023-10-20 13:08:39,36.02236294101766
2023-10-20 13:18:39,36.0381325342821
2023-10-20 13:28:39,36.05963273229525
2023-10-20 13:38:39,36.08139381333958
2023-10-20 13:48:39,36.095994914871525
2023-10-20 13:58:39,36.096612910011736
2023-10-20 14:08:39,36.07976341663576
2023-10-20 14:18:39,36.04722092401125
2023-10-20 14:28:39,36.0063160780265
2023-10-20 14:38:39,35.968337460474224
2023-10-20 14:48:39,35.94543150088827
2023-10-20 14:58:39,35.946955536623044
2023-10-20 15:08:39,35.97648305585341
2023-10-20 15:18:39,36.030485466977325
2023-10-20 15:28:39,36.0991723080316
2023-10-20 15:38:39,36.16924912431844
2023-10-20 15:48:39,36.22770562171606
2023-10-20 15:58:39,36.26540689409227
2023-10-20 16:08:39,36.27934731099173
2023-10-20 16:18:39,36.27290481898413
2023-10-20 16:28:39,36.25412676738252
2023-10-20 16:38:39,36.23273620631783
2023-10-20 16:48:39,36.21693809256373
2023-10-20 16:58:39,36.211099787345276
2023-10-20 17:08:39,36.21499940276033
2023-10-20 17:18:39,36.22473461298682
2023-10-20 17:28:39,36.234792553189486
2023-10-20 17:38:39,36.24041285914513
2023-10-20 17:48:39,36.23935136952565
2023-10-20 17:58:39,36.23245749688212
2023-10-20 18:08:39,36.22297708446661
2023-10-20 18:18:39,36.214983446956516
2023-10-20 18:28:39,36.21163653620809
2023-10-20 18:38:39,36.21397391861688
2023-10-20 18:48:39,36.22066717840868
2023-10-20 18:58:39,36.22875827097171
2023-10-20 19:08:39,36.23499743080056
2023-10-20 19:18:39,36.237191345853354
2023-10-20 19:28:39,36.23501032621761
2023-10-20 19:38:39,36.22996354958648
2023-10-20 19:48:39,36.22461295217836
2023-10-20 19:58:39,36.221405725680775
2023-10-20 20:08:39,36.22163919106541
2023-10-20 20:18:39,36.224984978734426
2023-10-20 20:28:39,36.22973982932706
2023-10-20 20:38:39,36.2336546915771
2023-10-20 20:48:39,36.234956498748566
2023-10-20 20:58:39,36.233113697575575
2023-10-20 21:08:39,36.22902615474455
2023-10-20 21:18:39,36.22457981694956
2023-10-20 21:28:39,36.22178156679064
2023-10-20 21:38:39,36.221863003097084
2023-10-20 21:48:39,36.22474330560053
2023-10-20 21:58:39,36.22907579922003
2023-10-20 22:08:39,36.23284576345738
2023-10-20 22:18:39,36.23425053160352
2023-10-20 22:28:39,36.232477313801226
2023-10-20 22:38:39,36.22804584103764
2023-10-20 22:48:39,36.22257597150181
2023-10-20 22:58:39,36.218089344587604
2023-10-20 23:08:39,36.21615155365951
2023-10-20 23:18:39,36.21722385092725
2023-10-20 23:28:39,36.22049693595087
2023-10-20 23:38:39,36.224268056511384
2023-10-20 23:48:39,36.22668888526103
2023-10-20 23:58:39,36.22655588690847
2023-10-21 00:08:39,36.22380264101799
2023-10-21 00:18:39,36.21948787426674
2023-10-21 00:28:39,36.21529395446054
2023-10-21 00:38:39,36.21276204377063
2023-10-21 00:48:39,36.21260101271804
2023-10-21 00:58:39,36.214370864738164
2023-10-21 01:08:39,36.216675020205884
2023-10-21 01:18:39,36.21777254375539
2023-10-21 01:28:39,36.21633850563496
2023-10-21 01:38:39,36.21203736134963
2023-10-21 01:48:39,36.20565758513219
2023-10-21 01:58:39,36.19874917793027
2023-10-21 02:08:39,36.19292469899927
2023-10-21 02:18:39,36.189133502215114
2023-10-21 02:28:39,36.18723242277839
2023-10-21 02:38:39,36.18604744540884
2023-10-21 02:48:39,36.1839050226564
2023-10-21 02:58:39,36.1794023100874
2023-10-21 03:08:39,36.17207449678827
2023-10-21 03:18:39,36.16265488917371
2023-10-21 03:28:39,36.15279583252799
2023-10-21 03:38:39,36.144353425763754
2023-10-21 03:48:39,36.13853534321932
2023-10-21 03:58:39,36.135282592563165
2023-10-21 04:08:39,36.13316844517336
2023-10-21 04:18:39,36.12988457216657
2023-10-21 04:28:39,36.12313381267995
2023-10-21 04:38:39,36.111567275723964
2023-10-21 04:48:39,36.09537002567402
2023-10-21 04:58:39,36.07623264043006
2023-10-21 05:08:39,36.056693583879486
2023-10-21 05:18:39,36.03909825970727
2023-10-21 05:28:39,36.02458585759567
2023-10-21 05:38:39,36.012513819617595
2023-10-21 05:48:39,36.00055955449607
2023-10-21 05:58:39,35.985467980939845
2023-10-21 06:08:39,35.96415257692405
2023-10-21 06:18:39,35.9347148756646
2023-10-21 06:28:39,35.89698268725942
2023-10-21 06:38:39,35.852367028526345
2023-10-21 06:48:39,35.80311955908509
2023-10-21 06:58:39,35.7513192528319
2023-10-21 07:08:39,35.698025980224365
2023-10-21 07:18:39,35.642963675829606
2023-10-21 07:28:39,35.584867619455366
2023-10-21 07:38:39,35.52234429801245
2023-10-21 07:48:39,35.45486849838958
2023-10-21 07:58:39,35.38347559813664
2023-10-21 08:08:39,35.310827036087474
2023-10-21 08:18:39,35.24058501926444
2023-10-21 08:28:39,35.17632159704915
2023-10-21 08:38:39,35.12038636108889
2023-10-21 08:48:39,35.073182048522156
2023-10-21 08:58:39,35.033136471694185
2023-10-21 09:08:39,34.99737854851036
2023-10-21 09:18:39,34.96284238481741
2023-10-21 09:28:39,34.927354764480974
2023-10-21 09:38:39,34.89027831157057
2023-10-21 09:48:39,34.85247723620741
2023-10-21 09:58:39,34.815662008375455
2023-10-21 10:08:39,34.781430175618716
2023-10-21 10:18:39,34.75044140788492
2023-10-21 10:28:39,34.72209393768586
2023-10-21 10:38:39,34.69483760324277
2023-10-21 10:48:39,34.66696670231061
2023-10-21 10:58:39,34.63751245103366
2023-10-21 11:08:39,34.60680084797818
2023-10-21 11:18:39,34.57638559834794
2023-10-21 11:28:39,34.548349043507116
2023-10-21 11:38:39,34.524264333212024
2023-10-21 11:48:39,34.50429424591865
2023-10-21 11:58:39,34.486877017470086
2023-10-21 12:08:39,34.46921537921578
2023-10-21 12:18:39,34.44843226242951
2023-10-21 12:28:39,34.42293388416954
2023-10-21 12:38:39,34.39337379109881
2023-10-21 12:48:39,34.36271955321423
2023-10-21 12:58:39,34.335262556207965
2023-10-21 13:08:39,34.31485552876986
2023-10-21 13:18:39,34.30303244073732
2023-10-21 13:28:39,34.29779873999937
2023-10-21 13:38:39,34.293699772732886
2023-10-21 13:48:39,34.283327716209534
2023-10-21 13:58:39,34.25987044390605
2023-10-21 14:08:39,34.21985252945403
2023-10-21 14:18:39,34.165055374581016
2023-10-21 14:28:39,34.102814501928904
2023-10-21 14:38:39,34.044421348291195
2023-10-21 14:48:39,34.00202319638239
2023-10-21 14:58:39,33.984976261273964
2023-10-21 15:08:39,33.996850965498844
2023-10-21 15:18:39,34.03411374654933
2023-10-21 15:28:39,34.08696731000232
2023-10-21 15:38:39,34.1421085565442
2023-10-21 15:48:39,34.18651678987153
2023-10-21 15:58:39,34.21104500395789
2023-10-21 16:08:39,34.21267383548532
2023-10-21 16:18:39,34.19476593464413
2023-10-21 16:28:39,34.16535186468019
2023-10-21 16:38:39,34.13413647814872
2023-10-21 16:48:39,34.10930520457579
2023-10-21 16:58:39,34.095204633980714
2023-10-21 17:08:39,34.09159095204176
2023-10-21 17:18:39,34.094538843403775
2023-10-21 17:28:39,34.098511484999776
2023-10-21 17:38:39,34.09872368277931
2023-10-21 17:48:39,34.09290567292404
2023-10-21 17:58:39,34.08188059353381
2023-10-21 18:08:39,34.0688674435459
2023-10-21 18:18:39,34.05791222648946
2023-10-21 18:28:39,34.05214722005222
2023-10-21 18:38:39,34.05258205747252
2023-10-21 18:48:39,34.05786023490239
2023-10-21 18:58:39,34.06499556848897
2023-10-21 19:08:39,34.07071020528405
2023-10-21 19:18:39,34.07278289960436
2023-10-21 19:28:39,34.070856282315425
2023-10-21 19:38:39,34.0664122052469
2023-10-21 19:48:39,34.06198572904069
2023-10-21 19:58:39,34.05999771472939
2023-10-21 20:08:39,34.0617197895694
2023-10-21 20:18:39,34.0667986163113
2023-10-21 20:28:39,34.073506779938334
2023-10-21 20:38:39,34.07957196809241
2023-10-21 20:48:39,34.08319882629094
2023-10-21 20:58:39,34.083834561781224
2023-10-21 21:08:39,34.08235892078663
2023-10-21 21:18:39,34.08063891495509
2023-10-21 21:28:39,34.080663739100125
2023-10-21 21:38:39,34.08364860862164
2023-10-21 21:48:39,34.08949767643154
2023-10-21 21:58:39,34.09685064440966
2023-10-21 22:08:39,34.10368061489516
2023-10-21 22:18:39,34.108174226577006
2023-10-21 22:28:39,34.1095095090931
2023-10-21 22:38:39,34.10819855294722
2023-10-21 22:48:39,34.10585513643152
2023-10-21 22:58:39,34.10449639464376
2023-10-21 23:08:39,34.10568500175526
2023-10-21 23:18:39,34.10988087984742
2023-10-21 23:28:39,34.116274985901775
2023-10-21 23:38:39,34.12316640569474
2023-10-21 23:48:39,34.12871021801508
2023-10-21 23:58:39,34.131707844187375
2023-10-22 00:08:39,34.13209934787562
2023-10-22 00:18:39,34.130951439261025
2023-10-22 00:28:39,34.129955935977335
2023-10-22 00:38:39,34.13066487838888
2023-10-22 00:48:39,34.13379940090005
2023-10-22 00:58:39,34.138933109327496
2023-10-22 01:08:39,34.14468431335817
2023-10-22 01:18:39,34.14932819815774
2023-10-22 01:28:39,34.15155712603195
2023-10-22 01:38:39,34.15105395272224
2023-10-22 01:48:39,34.14862659393064
2023-10-22 01:58:39,34.14584546316977
2023-10-22 02:08:39,34.14434443015972
2023-10-22 02:18:39,34.14509498131777
2023-10-22 02:28:39,34.14797682792517
2023-10-22 02:38:39,34.151839493841074
2023-10-22 02:48:39,34.15503355113583
2023-10-22 02:58:39,34.15618077117169
2023-10-22 03:08:39,34.15484136944046
2023-10-22 03:18:39,34.151774002728125
2023-10-22 03:28:39,34.148656603161335
2023-10-22 03:38:39,34.14737100498564
2023-10-22 03:48:39,34.14915067811352
2023-10-22 03:58:39,34.153962397869286
2023-10-22 04:08:39,34.16040508754756
2023-10-22 04:18:39,34.16619586718582
2023-10-22 04:28:39,34.16906273556856
2023-10-22 04:38:39,34.167681586882715
