time,value_temp,value_hum,value_acid,value_PV
2023-03-25T09:38:05Z,18.6,5.0,8.5,0.8
2023-03-25T09:48:18Z,18.7,5.0,8.5,0.8
2023-03-25T09:58:15Z,18.7,5.0,8.5,0.8
2023-03-25T10:08:12Z,18.7,5.0,8.6,0.8
2023-03-25T10:18:09Z,18.6,5.0,8.5,0.6
2023-03-25T10:28:07Z,18.6,6.0,8.7,0.8
2023-03-25T10:38:20Z,18.6,6.0,8.7,0.7
2023-03-25T10:48:17Z,18.6,5.0,8.5,0.7
2023-03-25T10:58:14Z,18.6,5.0,8.6,0.8
2023-03-25T11:08:11Z,18.6,5.0,8.6,0.7
2023-03-25T11:18:24Z,18.6,6.0,8.6,0.9
2023-03-25T11:28:21Z,18.6,5.0,8.7,0.9
2023-03-25T11:38:18Z,18.5,5.0,8.7,0.9
2023-03-25T11:48:15Z,18.6,5.0,8.6,0.9
2023-03-25T11:58:28Z,18.5,5.0,8.7,0.7
2023-03-25T12:08:25Z,18.5,5.0,8.5,0.7
2023-03-25T12:18:22Z,18.6,5.0,8.6,0.8
2023-03-25T12:28:19Z,18.5,5.0,8.7,0.8
2023-03-25T12:38:31Z,18.5,5.0,8.7,0.8
2023-03-25T12:48:29Z,18.5,5.0,8.6,0.9
2023-03-25T12:58:26Z,18.5,5.0,8.6,0.8
2023-04-12T06:07:18Z,7.8,63.0,10.0,4.2
2023-04-12T06:19:23Z,7.6,62.0,10.0,4.2
2023-04-13T06:21:40Z,6.3,64.0,9.7,4.2
2023-04-13T06:34:00Z,6.3,63.0,9.7,4.2
2023-04-14T07:03:35Z,8.8,63.0,9.9,4.2
2023-04-14T07:15:40Z,8.8,62.0,9.9,4.2
2023-04-14T07:25:43Z,9.1,62.0,9.9,4.2
2023-04-14T07:35:47Z,9.4,62.0,9.9,4.2
2023-04-14T07:45:50Z,9.6,63.0,9.9,4.2
2023-04-14T07:55:54Z,9.8,64.0,9.9,4.2
2023-04-14T08:05:57Z,10.1,65.0,9.9,4.2
2023-04-14T08:16:01Z,10.5,66.0,9.9,4.2
2023-04-14T08:26:04Z,10.9,66.0,9.9,4.2
2023-04-14T08:36:08Z,11.3,66.0,9.9,4.2
2023-04-14T08:46:11Z,11.7,66.0,9.9,4.2
2023-04-14T08:56:15Z,12.1,65.0,9.9,4.2
2023-04-14T09:06:18Z,12.5,66.0,9.9,4.2
2023-04-14T09:16:22Z,12.6,65.0,9.9,4.2
2023-04-14T09:26:25Z,12.5,64.0,9.9,4.2
2023-04-14T09:36:29Z,12.7,64.0,9.9,4.2
2023-04-14T09:46:32Z,13.0,64.0,9.9,4.2
2023-04-14T09:56:36Z,13.3,64.0,9.9,4.2
2023-04-14T10:06:39Z,13.8,63.0,9.9,4.2
2023-04-14T10:16:43Z,14.0,63.0,9.9,4.2
2023-04-14T10:26:46Z,13.8,64.0,9.9,4.2
2023-04-14T10:36:50Z,13.8,62.0,9.9,4.2
2023-04-14T10:46:53Z,13.6,63.0,9.9,4.2
2023-04-14T10:56:56Z,13.4,62.0,9.9,4.2
2023-04-14T11:03:40Z,13.1,61.0,9.9,4.2
2023-04-14T11:13:44Z,13.0,61.0,9.9,4.2
2023-04-14T11:23:47Z,12.8,62.0,9.9,4.2
2023-04-14T11:33:51Z,12.7,62.0,9.9,4.2
2023-04-14T11:43:54Z,12.6,62.0,9.9,4.2
2023-04-14T11:53:58Z,12.6,61.0,9.9,4.2
2023-04-14T12:04:01Z,12.5,61.0,9.9,4.2
2023-04-14T12:14:05Z,12.5,62.0,9.9,4.2
2023-04-14T12:24:08Z,12.5,61.0,9.8,4.2
2023-04-14T12:34:12Z,12.5,61.0,9.8,4.2
2023-04-14T12:44:15Z,12.4,61.0,9.7,4.2
2023-04-14T12:54:19Z,12.4,61.0,9.7,4.2
2023-04-14T13:04:22Z,12.4,60.0,9.7,4.2
2023-04-14T13:14:26Z,12.4,61.0,9.7,4.2
2023-04-14T13:24:29Z,12.3,61.0,9.8,4.2
2023-04-14T13:34:33Z,12.3,60.0,9.8,4.2
2023-04-14T13:44:36Z,12.2,60.0,9.8,4.2
2023-04-14T13:54:40Z,12.1,60.0,9.8,4.2
2023-04-14T14:04:43Z,12.1,60.0,9.8,4.2
2023-04-14T14:14:47Z,12.1,60.0,9.7,4.2
2023-04-14T14:24:50Z,12.1,60.0,9.5,4.2
2023-04-14T14:34:54Z,12.0,60.0,9.5,4.2
2023-04-14T14:44:57Z,12.0,60.0,9.5,4.2
2023-04-14T14:55:01Z,11.9,60.0,9.7,4.2
2023-04-14T15:05:04Z,11.8,60.0,9.6,4.2
2023-04-14T15:15:08Z,11.8,60.0,9.6,4.2
2023-04-14T15:25:11Z,11.6,60.0,9.6,4.2
2023-04-14T15:35:14Z,11.6,60.0,9.6,4.2
2023-04-14T15:45:18Z,11.6,60.0,9.7,4.2
2023-04-14T15:55:22Z,11.6,60.0,9.6,4.2
2023-04-14T16:05:25Z,11.5,60.0,9.6,4.2
2023-04-14T16:15:28Z,11.5,60.0,9.6,4.2
2023-04-14T16:25:32Z,11.5,60.0,9.6,4.2
2023-04-14T16:35:35Z,11.4,60.0,9.6,4.2
2023-04-14T16:45:39Z,11.4,60.0,9.6,4.2
2023-04-14T16:55:42Z,11.3,60.0,9.6,3.9
2023-04-14T17:05:46Z,11.2,59.0,9.6,3.5
2023-04-14T17:15:49Z,11.1,59.0,9.6,3.5
2023-04-14T17:25:53Z,11.1,59.0,9.6,3.5
2023-04-14T17:35:56Z,11.0,59.0,9.6,3.5
2023-04-14T17:46:00Z,11.0,59.0,9.6,3.4
2023-04-14T17:56:03Z,11.0,59.0,9.6,2.9
2023-04-14T18:06:07Z,10.9,59.0,9.6,2.0
2023-04-14T18:16:10Z,10.8,59.0,9.6,1.1
2023-04-14T18:26:14Z,10.6,59.0,9.6,0.5
2023-04-14T18:36:17Z,10.6,59.0,9.6,0.6
2023-04-14T18:46:21Z,10.5,59.0,9.6,0.6
2023-04-14T18:56:24Z,10.3,59.0,9.6,0.6
2023-04-14T19:06:28Z,10.3,59.0,9.6,0.6
2023-04-14T19:16:31Z,10.2,59.0,9.6,0.6
2023-04-14T19:26:35Z,10.1,59.0,9.6,0.6
2023-04-14T19:36:38Z,10.1,59.0,9.6,0.6
2023-04-14T19:46:42Z,10.1,59.0,9.6,0.4
2023-04-14T19:56:45Z,10.1,59.0,9.6,0.6
2023-04-14T20:06:49Z,10.1,59.0,9.6,0.6
2023-04-14T20:16:52Z,10.1,59.0,9.6,0.6
2023-04-14T20:26:56Z,10.0,59.0,9.6,0.6
2023-04-14T20:36:59Z,9.8,59.0,9.6,0.6
2023-04-14T20:47:03Z,9.8,59.0,9.6,0.6
2023-04-14T20:57:06Z,9.8,58.0,9.6,0.6
2023-04-14T21:07:10Z,9.6,58.0,9.6,0.6
2023-04-14T21:17:13Z,9.6,58.0,9.6,0.4
2023-04-15T08:13:15Z,9.4,65.0,9.3,4.2
2023-04-15T08:25:21Z,9.3,63.0,9.3,4.2
2023-04-15T08:35:24Z,9.4,63.0,9.3,4.2
2023-04-15T08:45:28Z,9.5,63.0,9.3,4.2
2023-04-15T08:55:31Z,9.8,63.0,9.3,4.2
2023-04-15T09:05:35Z,9.8,63.0,9.3,4.2
2023-04-15T09:15:38Z,9.9,63.0,9.3,4.2
2023-04-15T09:25:42Z,10.0,62.0,9.3,4.2
2023-04-15T09:35:45Z,10.1,62.0,9.3,4.2
2023-04-15T09:45:48Z,10.1,62.0,9.3,4.2
2023-04-15T09:55:52Z,10.1,62.0,9.3,4.2
2023-04-15T11:58:12Z,10.4,62.0,9.3,4.2
2023-04-18T05:41:26Z,7.0,79.0,9.0,4.2
2023-04-18T05:53:32Z,6.5,78.0,9.0,4.2
2023-04-18T06:03:35Z,7.0,77.0,9.0,4.2
2023-04-18T06:13:39Z,7.0,77.0,9.0,4.2
2023-04-18T06:23:42Z,7.0,77.0,9.0,4.2
2023-04-18T06:33:46Z,7.0,76.0,9.0,4.2
2023-04-18T06:43:49Z,7.0,77.0,9.0,4.2
2023-04-18T06:53:53Z,7.5,78.0,9.0,4.2
2023-04-18T07:03:56Z,7.5,77.0,9.0,4.2
2023-04-18T07:14:00Z,7.5,77.0,9.0,4.2
2023-04-18T07:24:03Z,8.0,78.0,9.0,4.2
2023-04-18T07:34:06Z,8.0,80.0,9.0,4.2
2023-04-18T07:44:10Z,8.0,80.0,9.0,4.2
2023-04-18T07:54:13Z,8.0,80.0,9.0,4.2
2023-04-18T08:04:17Z,8.5,80.0,9.0,4.2
2023-04-18T08:14:20Z,9.0,82.0,9.0,4.2
2023-04-18T08:24:24Z,9.0,81.0,9.0,4.2
2023-04-18T08:34:27Z,9.5,80.0,9.0,4.2
2023-04-18T08:44:31Z,10.0,80.0,9.0,4.2
2023-04-18T08:54:34Z,10.0,81.0,9.0,4.2
2023-04-18T09:04:38Z,10.5,84.0,9.0,4.2
2023-04-18T09:14:41Z,11.0,82.0,9.0,4.2
2023-04-18T09:24:45Z,11.5,83.0,9.0,4.2
2023-04-18T09:31:28Z,11.5,81.0,9.0,4.2
2023-04-18T09:41:32Z,12.0,80.0,9.0,4.2
2023-04-18T09:51:35Z,12.0,79.0,9.0,4.2
2023-04-18T10:01:39Z,11.5,78.0,9.0,4.2
2023-04-18T10:11:42Z,12.0,78.0,9.0,4.2
2023-04-18T10:21:46Z,12.0,78.0,9.0,4.2
2023-04-18T10:31:49Z,12.0,78.0,9.0,4.2
2023-04-18T10:41:53Z,12.0,78.0,9.0,4.2
2023-04-18T10:51:56Z,12.0,77.0,9.0,4.2
2023-04-18T11:02:00Z,12.0,76.0,9.0,4.2
2023-04-18T11:12:03Z,11.5,76.0,9.0,4.2
2023-04-18T11:22:07Z,11.5,76.0,9.0,4.2
2023-04-18T11:32:10Z,11.5,77.0,9.0,4.2
2023-04-18T11:42:14Z,11.5,77.0,9.0,4.2
2023-04-18T11:52:17Z,11.0,78.0,9.0,4.2
2023-04-18T12:02:21Z,11.5,78.0,9.0,4.2
2023-04-18T12:12:24Z,11.5,78.0,9.0,4.2
2023-04-18T12:22:28Z,11.5,77.0,9.0,4.2
2023-04-18T12:32:31Z,11.5,76.0,9.0,4.2
2023-04-18T12:42:35Z,11.0,75.0,9.0,4.2
2023-04-18T12:52:38Z,11.0,75.0,9.0,4.2
2023-04-18T13:02:42Z,11.0,75.0,9.0,4.2
2023-04-18T13:12:45Z,11.0,75.0,9.0,4.2
2023-04-18T13:22:49Z,11.0,74.0,9.0,4.2
2023-04-18T13:32:52Z,11.0,74.0,9.0,4.2
2023-04-18T13:42:56Z,11.0,74.0,9.0,4.2
2023-04-18T13:52:59Z,10.5,74.0,9.0,4.2
2023-04-18T14:03:02Z,10.5,75.0,9.0,4.2
2023-04-18T14:13:06Z,10.5,74.0,9.0,4.2
2023-04-18T14:23:09Z,10.5,74.0,9.0,4.2
2023-04-18T14:33:13Z,10.5,74.0,9.0,4.2
2023-04-18T14:43:16Z,10.5,74.0,9.0,4.2
2023-04-18T14:53:20Z,10.5,75.0,9.0,4.2
2023-04-18T15:03:23Z,10.5,75.0,9.0,4.2
2023-04-18T15:13:27Z,10.5,74.0,9.0,4.2
2023-04-18T15:23:30Z,10.0,73.0,9.0,4.2
2023-04-18T15:33:34Z,10.0,73.0,9.0,4.2
2023-04-18T15:43:37Z,10.0,73.0,9.0,4.2
2023-04-18T15:53:41Z,10.0,73.0,9.0,4.2
2023-04-18T16:03:44Z,9.5,73.0,9.0,4.2
2023-04-18T16:13:48Z,9.5,72.0,9.0,4.2
2023-04-18T16:23:51Z,9.5,72.0,9.0,4.2
2023-04-18T16:33:55Z,9.5,72.0,9.0,4.2
2023-04-18T16:43:58Z,9.0,72.0,9.0,4.2
2023-04-18T16:54:02Z,9.0,71.0,9.0,4.2
2023-04-18T17:04:05Z,9.0,72.0,9.0,4.2
2023-04-18T17:14:09Z,9.0,72.0,9.0,4.2
2023-04-18T17:24:12Z,8.5,72.0,9.0,4.2
2023-04-18T17:34:16Z,8.5,71.0,9.0,4.2
2023-04-18T17:44:19Z,8.5,72.0,9.0,4.2
2023-04-18T17:54:23Z,8.5,71.0,9.0,3.4
2023-04-18T18:04:26Z,8.0,71.0,9.0,3.4
2023-04-18T18:14:30Z,8.0,71.0,9.0,2.4
2023-04-18T18:24:33Z,8.0,71.0,9.0,1.3
2023-04-18T18:34:37Z,8.0,71.0,9.0,0.8
2023-04-18T18:44:40Z,7.5,71.0,9.0,0.5
2023-04-18T18:54:44Z,7.5,70.0,9.0,0.6
2023-04-19T05:38:35Z,6.0,78.0,9.1,4.2
2023-04-19T05:50:41Z,5.5,76.0,9.1,4.2
2023-04-19T06:00:44Z,5.5,76.0,9.1,4.2
2023-04-19T06:10:48Z,5.5,76.0,9.1,4.2
2023-04-19T06:20:51Z,5.5,76.0,9.1,4.2
2023-04-19T06:30:55Z,6.0,76.0,9.1,4.2
2023-04-19T06:40:58Z,6.0,76.0,9.1,4.2
2023-04-19T06:51:02Z,6.0,76.0,9.1,4.2
2023-04-19T07:01:05Z,6.0,76.0,9.1,4.2
2023-04-19T07:11:08Z,6.0,76.0,9.1,4.2
2023-04-19T07:21:12Z,6.0,76.0,9.1,4.2
2023-04-19T07:31:15Z,6.5,77.0,9.1,4.2
2023-04-19T07:41:19Z,6.5,79.0,9.1,4.2
2023-04-19T07:51:22Z,6.5,79.0,9.1,4.2
2023-04-19T08:01:26Z,6.5,78.0,9.1,4.2
2023-04-19T08:11:29Z,7.0,79.0,9.1,4.2
2023-04-19T08:21:33Z,7.0,79.0,9.1,4.2
2023-04-19T08:31:36Z,7.0,77.0,9.1,4.2
2023-04-19T08:41:40Z,6.5,75.0,9.1,4.2
2023-04-19T08:51:43Z,6.5,75.0,9.1,4.2
2023-04-19T09:01:47Z,6.5,74.0,9.1,4.2
2023-04-19T09:11:50Z,6.5,74.0,9.1,4.2
2023-04-19T13:59:56Z,7.1,90.0,8.8,4.2
2023-04-19T14:12:02Z,7.1,91.0,8.9,4.2
2023-04-19T14:22:05Z,7.2,91.0,8.8,4.2
2023-04-19T14:32:09Z,7.3,90.0,8.9,4.2
2023-04-19T14:42:12Z,7.3,88.0,8.9,4.2
2023-04-19T15:09:23Z,7.5,86.0,8.9,4.2
2023-04-19T15:18:49Z,7.5,86.0,8.9,4.2
2023-04-19T15:37:44Z,7.6,86.0,8.9,4.2
2023-04-19T15:49:49Z,7.5,87.0,8.9,4.2
2023-04-20T06:24:40Z,6.5,98.0,8.9,4.2
2023-04-20T06:34:44Z,6.6,97.0,8.9,4.2
2023-04-20T06:44:47Z,6.7,98.0,8.9,4.2
2023-04-20T06:54:51Z,6.8,99.0,8.9,4.2
2023-04-20T07:04:54Z,7.0,96.0,8.9,4.2
2023-04-20T07:14:58Z,7.1,94.0,9.0,4.2
2023-04-20T07:25:01Z,7.5,98.0,8.9,4.2
2023-04-20T08:45:29Z,10.5,98.0,9.0,4.2
2023-04-20T08:55:32Z,11.0,97.0,9.0,4.2
2023-04-20T09:05:36Z,11.3,96.0,9.0,4.2
2023-04-20T09:15:39Z,12.1,96.0,9.0,4.2
2023-04-20T09:25:43Z,12.6,96.0,9.0,4.2
2023-04-20T09:35:46Z,13.2,94.0,9.0,4.2
2023-04-20T09:42:30Z,13.6,92.0,9.0,4.2
2023-04-20T09:52:33Z,14.1,91.0,9.0,4.2
2023-04-20T10:02:37Z,14.5,89.0,8.9,4.2
2023-04-20T10:22:44Z,14.7,89.0,9.0,4.2
2023-04-20T10:32:47Z,15.0,89.0,8.9,4.2
2023-04-20T10:52:54Z,14.1,90.0,8.9,4.2
2023-04-20T11:02:58Z,13.6,85.0,8.9,4.2
2023-04-20T11:13:01Z,13.0,85.0,8.9,4.2
2023-04-20T11:23:05Z,12.6,89.0,8.9,4.2
2023-04-20T12:23:26Z,11.1,99.0,8.9,4.2
2023-04-20T12:33:29Z,10.8,96.0,9.0,4.2
2023-04-20T12:43:33Z,10.7,93.0,8.9,4.2
2023-04-20T12:53:36Z,10.7,93.0,9.0,4.2
2023-04-20T13:03:40Z,10.6,91.0,9.0,4.2
2023-04-20T13:13:43Z,10.5,90.0,9.0,4.2
2023-04-20T13:23:47Z,10.5,89.0,9.0,4.2
2023-04-20T13:33:50Z,10.5,88.0,9.0,4.2
2023-04-20T13:43:54Z,10.3,87.0,9.0,4.2
2023-04-20T13:53:57Z,10.3,87.0,9.0,4.2
2023-04-20T14:04:01Z,10.2,86.0,9.0,4.2
2023-04-20T14:14:04Z,10.2,86.0,9.0,4.2
2023-04-20T14:24:08Z,10.1,85.0,9.0,4.2
2023-04-20T14:34:11Z,10.1,85.0,9.0,4.2
2023-04-20T14:44:15Z,10.1,85.0,9.0,4.2
2023-04-20T14:54:18Z,10.0,84.0,9.0,4.2
2023-04-20T15:04:22Z,10.1,84.0,9.0,4.2
2023-04-20T15:14:25Z,10.1,87.0,9.0,4.2
2023-04-20T15:24:28Z,10.1,91.0,9.0,4.2
2023-04-20T15:34:32Z,10.2,90.0,9.0,4.2
2023-04-20T15:44:35Z,10.2,88.0,9.0,4.2
2023-04-20T15:54:39Z,10.2,86.0,9.0,4.2
2023-04-20T16:04:42Z,10.2,85.0,9.0,4.2
2023-04-20T16:14:46Z,10.1,83.0,9.0,4.2
2023-04-20T16:24:49Z,10.0,81.0,9.0,4.2
2023-04-20T16:34:53Z,9.8,81.0,9.0,4.2
2023-04-20T16:44:56Z,9.7,81.0,9.0,4.2
2023-04-20T16:55:00Z,9.6,83.0,9.0,4.2
2023-04-20T17:05:03Z,9.5,83.0,9.0,4.2
2023-04-20T17:15:07Z,9.3,84.0,9.0,4.2
2023-04-20T17:25:10Z,9.2,84.0,9.0,4.2
2023-04-20T17:35:14Z,9.2,84.0,9.0,4.2
2023-04-20T17:45:17Z,9.1,83.0,9.0,4.2
2023-04-20T17:55:21Z,9.0,84.0,9.0,3.6
2023-04-20T18:05:24Z,8.8,84.0,9.0,3.6
2023-04-20T18:15:28Z,8.7,84.0,9.0,3.1
2023-04-20T18:25:31Z,8.7,84.0,9.0,1.7
2023-04-20T18:35:35Z,8.6,83.0,9.0,1.0
2023-04-20T18:45:38Z,8.5,83.0,9.0,0.7
2023-04-20T18:55:42Z,8.3,83.0,9.0,0.6
2023-04-20T19:05:45Z,8.2,83.0,9.0,0.6
2023-04-20T19:15:49Z,8.2,82.0,9.0,0.6
2023-04-20T19:25:52Z,8.1,83.0,9.0,0.6
2023-04-20T19:35:56Z,8.0,82.0,9.0,0.6
2023-04-20T19:45:59Z,7.8,82.0,9.0,0.6
2023-04-20T19:56:03Z,7.8,82.0,9.0,0.6
2023-04-20T20:06:06Z,7.7,82.0,9.0,0.6
2023-04-20T20:16:10Z,7.6,82.0,9.0,0.6
2023-04-20T20:26:13Z,7.6,82.0,9.0,0.6
2023-04-20T20:36:17Z,7.5,83.0,9.0,0.6
2023-04-20T20:43:00Z,7.3,83.0,9.0,0.6
2023-04-20T20:53:04Z,7.3,83.0,9.0,0.6
2023-04-20T21:03:07Z,7.2,83.0,9.0,0.6
2023-04-20T21:13:11Z,7.2,83.0,9.0,0.6
2023-04-20T21:23:14Z,7.1,84.0,9.0,0.6
2023-04-20T21:33:18Z,7.0,84.0,9.0,0.6
2023-04-20T21:43:21Z,7.0,83.0,9.0,0.6
2023-04-20T21:53:25Z,6.8,84.0,9.0,0.6
2023-04-20T22:03:28Z,6.8,83.0,9.0,0.6
2023-04-20T22:13:32Z,6.8,83.0,9.0,0.6
2023-04-20T22:23:35Z,6.7,82.0,9.0,0.6
2023-04-20T22:33:38Z,6.6,83.0,9.0,0.6
2023-04-20T22:43:42Z,6.6,82.0,9.0,0.6
2023-04-20T22:53:45Z,6.5,83.0,9.0,0.6
2023-04-20T23:03:49Z,6.3,82.0,9.0,0.6
2023-04-20T23:13:52Z,6.3,83.0,9.0,0.6
2023-04-20T23:23:56Z,6.2,83.0,9.0,0.6
2023-04-20T23:33:59Z,6.2,83.0,9.0,0.6
2023-04-20T23:44:03Z,6.2,83.0,9.0,0.6
2023-04-20T23:54:06Z,6.1,83.0,9.0,0.6
2023-04-21T00:04:10Z,6.1,84.0,9.0,0.6
2023-04-21T00:14:13Z,6.0,84.0,9.0,0.6
2023-04-21T00:24:17Z,6.0,83.0,9.0,0.6
2023-04-21T00:34:20Z,5.8,83.0,9.0,0.6
2023-04-21T00:44:24Z,6.0,83.0,9.0,0.4
2023-04-21T00:54:27Z,5.8,83.0,9.0,0.4
2023-04-21T01:04:31Z,5.8,83.0,9.0,0.4
2023-04-21T01:14:34Z,5.7,83.0,9.0,0.6
2023-04-21T01:24:38Z,5.7,82.0,9.0,0.6
2023-04-21T01:34:41Z,5.6,82.0,9.0,0.6
2023-04-21T01:44:45Z,5.6,82.0,9.0,0.6
2023-04-21T01:54:48Z,5.6,82.0,9.0,0.6
2023-04-21T02:04:52Z,5.5,81.0,9.0,0.6
2023-04-21T02:14:55Z,5.3,82.0,9.0,0.6
2023-04-21T02:24:59Z,5.3,82.0,9.0,0.6
2023-04-21T02:35:02Z,5.2,82.0,9.0,0.6
2023-04-21T02:45:06Z,5.2,83.0,9.0,0.7
2023-04-21T02:55:09Z,5.1,83.0,9.0,0.9
2023-04-21T03:05:13Z,5.1,84.0,9.0,1.6
2023-04-21T03:15:16Z,5.1,85.0,9.0,2.7
2023-04-21T03:25:20Z,5.1,86.0,9.0,3.3
2023-04-21T03:35:23Z,5.1,85.0,9.0,3.4
2023-04-21T03:45:27Z,5.0,84.0,9.0,4.2
2023-04-21T05:38:42Z,5.7,91.0,9.0,4.2
2023-04-21T05:50:47Z,5.6,90.0,9.0,4.2
2023-04-21T06:00:51Z,5.8,89.0,9.0,4.2
2023-04-21T06:10:54Z,5.9,88.0,9.0,4.2
2023-04-21T06:20:58Z,6.0,87.0,9.0,4.2
2023-04-21T06:31:01Z,6.2,87.0,9.0,4.2
2023-04-21T06:41:05Z,6.3,87.0,9.0,4.2
2023-04-21T06:51:08Z,6.5,88.0,9.0,4.2
2023-04-21T07:01:12Z,6.6,87.0,9.0,4.2
2023-04-21T07:11:15Z,6.8,86.0,9.0,4.2
2023-04-21T07:21:19Z,7.1,86.0,9.1,4.2
2023-04-21T07:31:22Z,7.3,88.0,9.0,4.2
2023-04-21T07:41:26Z,7.5,90.0,9.0,4.2
2023-04-21T07:51:29Z,7.5,90.0,9.1,4.2
2023-04-21T08:01:32Z,8.0,91.0,9.1,4.2
2023-04-21T08:11:36Z,8.4,92.0,9.1,4.2
2023-04-21T08:21:39Z,8.8,92.0,9.1,4.2
2023-04-21T08:31:43Z,9.2,92.0,9.1,4.2
2023-04-21T08:41:46Z,9.8,91.0,9.1,4.2
2023-04-21T08:51:50Z,10.4,91.0,9.1,4.2
2023-04-21T09:01:53Z,11.0,91.0,9.0,4.2
2023-04-21T09:11:57Z,11.8,91.0,9.1,4.2
2023-04-21T09:22:00Z,12.3,90.0,9.1,4.2
2023-04-21T09:32:04Z,13.1,88.0,9.1,4.2
2023-04-21T09:38:47Z,13.6,88.0,9.1,4.2
2023-04-21T09:48:51Z,14.3,88.0,9.2,4.2
2023-04-21T09:58:54Z,14.7,86.0,9.2,4.2
2023-04-21T10:08:58Z,15.1,85.0,9.2,4.2
2023-04-21T10:19:01Z,15.5,83.0,9.2,4.2
2023-04-21T10:29:05Z,15.8,83.0,9.2,4.2
2023-04-21T10:39:08Z,15.9,82.0,9.1,4.2
2023-04-21T10:49:12Z,15.1,80.0,9.1,4.2
2023-04-21T10:59:15Z,14.4,80.0,9.1,4.2
2023-04-21T11:09:19Z,13.7,79.0,9.2,4.2
2023-04-21T11:19:22Z,13.1,79.0,9.2,4.2
2023-04-21T11:29:26Z,12.7,83.0,9.2,4.2
2023-04-21T11:39:29Z,12.3,85.0,9.2,4.2
2023-04-21T11:49:33Z,12.0,86.0,9.2,4.2
2023-04-21T11:59:36Z,11.7,87.0,9.2,4.2
2023-04-21T12:09:40Z,11.5,86.0,9.2,4.2
2023-04-21T12:19:43Z,11.3,85.0,9.2,4.2
2023-04-21T12:29:47Z,11.1,84.0,9.2,4.2
2023-04-21T12:39:50Z,11.0,83.0,9.2,4.2
2023-04-21T12:49:54Z,10.8,82.0,9.2,4.2
2023-04-21T12:59:57Z,10.7,82.0,9.2,4.2
2023-04-21T13:10:01Z,10.6,82.0,9.2,4.2
2023-04-21T13:20:04Z,10.4,81.0,9.2,4.2
2023-04-21T13:30:08Z,10.3,81.0,9.2,4.2
2023-04-21T13:40:11Z,10.2,81.0,9.2,4.2
2023-04-21T13:50:15Z,10.0,80.0,9.2,4.2
2023-04-21T14:00:18Z,10.0,80.0,9.2,4.2
2023-04-21T14:10:22Z,9.9,80.0,9.2,4.2
2023-04-21T14:20:25Z,9.8,80.0,9.2,4.2
2023-04-21T14:30:29Z,9.8,80.0,9.2,4.2
2023-04-21T14:40:32Z,9.8,80.0,9.2,4.2
2023-04-21T14:50:36Z,9.7,80.0,9.2,4.2
2023-04-21T15:00:39Z,9.7,80.0,9.2,4.2
2023-04-21T15:10:43Z,9.8,81.0,9.2,4.2
2023-04-21T15:20:46Z,9.8,86.0,9.2,4.2
2023-04-21T15:30:49Z,9.8,87.0,9.3,4.2
2023-04-21T15:40:53Z,9.9,86.0,9.3,4.2
2023-04-21T15:50:56Z,9.8,84.0,9.3,4.2
2023-04-21T16:01:00Z,9.6,82.0,9.2,4.2
2023-04-21T16:11:03Z,9.5,82.0,9.2,4.2
2023-04-21T16:21:07Z,9.5,81.0,9.2,4.2
2023-04-21T16:31:10Z,9.3,80.0,9.2,4.2
2023-04-21T16:41:14Z,9.1,80.0,9.2,4.2
2023-04-21T16:51:17Z,9.0,80.0,9.2,4.2
2023-04-21T17:01:21Z,8.9,80.0,9.2,4.2
2023-04-21T17:11:24Z,8.8,80.0,9.2,4.2
2023-04-21T17:21:28Z,8.8,80.0,9.2,4.2
2023-04-21T17:31:31Z,8.6,79.0,9.2,4.2
2023-04-21T17:41:35Z,8.5,79.0,9.2,4.2
2023-04-21T17:51:38Z,8.5,80.0,9.2,4.2
2023-04-21T18:01:42Z,8.3,79.0,9.2,3.7
2023-04-21T18:11:45Z,8.3,79.0,9.2,3.7
2023-04-21T18:21:49Z,8.1,80.0,9.2,3.3
2023-04-21T18:31:52Z,8.0,80.0,9.2,1.6
2023-04-21T18:41:56Z,7.9,80.0,9.2,0.9
2023-04-21T18:51:59Z,7.8,80.0,9.2,0.7
2023-04-21T19:02:03Z,7.7,80.0,9.2,0.6
2023-04-21T19:12:06Z,7.6,80.0,9.2,0.6
2023-04-21T19:22:10Z,7.5,80.0,9.2,0.6
2023-04-21T19:32:13Z,7.5,80.0,9.2,0.6
2023-04-21T19:42:17Z,7.3,80.0,9.2,0.6
2023-04-21T19:52:20Z,7.3,80.0,9.2,0.6
2023-04-21T20:02:24Z,7.1,80.0,9.2,0.4
2023-04-21T20:12:27Z,7.0,80.0,9.2,0.6
2023-04-21T20:22:31Z,7.0,80.0,9.2,0.6
2023-04-21T20:32:34Z,6.9,80.0,9.2,0.6
2023-04-21T20:39:18Z,6.8,80.0,9.2,0.6
2023-04-21T20:49:21Z,6.7,80.0,9.3,0.6
2023-04-21T20:59:25Z,6.5,79.0,9.3,0.6
2023-04-21T21:09:28Z,6.5,79.0,9.3,0.6
2023-04-21T21:19:32Z,6.4,79.0,9.2,0.6
2023-04-21T21:29:35Z,6.3,79.0,9.3,0.6
2023-04-21T21:39:39Z,6.3,79.0,9.3,0.6
2023-04-21T21:49:42Z,6.2,79.0,9.3,0.6
2023-04-21T21:59:46Z,6.1,79.0,9.3,0.6
2023-04-21T22:09:49Z,6.0,79.0,9.3,0.4
2023-04-21T22:19:53Z,6.0,79.0,9.3,0.6
2023-04-21T22:29:56Z,5.8,79.0,9.3,0.6
2023-04-21T22:40:00Z,5.8,79.0,9.3,0.6
2023-04-21T22:50:03Z,5.7,79.0,9.3,0.6
2023-04-21T23:00:07Z,5.7,79.0,9.3,0.6
2023-04-21T23:10:10Z,5.6,79.0,9.3,0.6
2023-04-21T23:20:14Z,5.5,79.0,9.3,0.6
2023-04-21T23:30:17Z,5.5,79.0,9.3,0.6
2023-04-21T23:40:21Z,5.5,79.0,9.3,0.6
2023-04-21T23:50:24Z,5.3,79.0,9.3,0.6
2023-04-22T00:00:27Z,5.3,79.0,9.3,0.6
2023-04-22T00:10:31Z,5.1,79.0,9.3,0.6
2023-04-22T00:20:34Z,5.1,79.0,9.3,0.6
2023-04-22T00:30:38Z,5.1,79.0,9.3,0.6
2023-04-22T00:40:41Z,5.0,79.0,9.3,0.6
2023-04-22T00:50:45Z,5.0,79.0,9.3,0.6
2023-04-22T01:00:48Z,5.0,79.0,9.3,0.4
2023-04-22T01:10:52Z,4.8,79.0,9.3,0.4
2023-04-22T01:20:55Z,4.8,79.0,9.3,0.6
2023-04-22T01:30:59Z,4.7,79.0,9.3,0.6
2023-04-22T01:41:02Z,4.7,79.0,9.3,0.6
2023-04-22T01:51:06Z,4.7,79.0,9.3,0.6
2023-04-22T02:01:09Z,4.6,79.0,9.3,0.6
2023-04-22T02:11:13Z,4.6,79.0,9.3,0.6
2023-04-22T02:21:16Z,4.5,79.0,9.3,0.6
2023-04-22T02:31:20Z,4.5,79.0,9.3,0.6
2023-04-22T02:41:23Z,4.5,79.0,9.3,0.7
2023-04-22T02:51:27Z,4.5,79.0,9.3,1.0
2023-04-22T03:01:30Z,4.3,79.0,9.3,1.9
2023-04-22T03:11:34Z,4.3,78.0,9.3,3.1
2023-04-22T03:21:37Z,4.3,78.0,9.3,3.5
2023-04-22T03:31:41Z,4.2,79.0,9.3,3.4
2023-04-22T03:41:44Z,4.1,78.0,9.3,4.2
2023-04-22T03:51:48Z,4.1,78.0,9.3,4.2
2023-04-22T04:01:51Z,4.1,79.0,9.3,4.2
2023-04-22T04:11:55Z,4.1,79.0,9.3,4.2
2023-04-22T04:21:58Z,4.1,79.0,9.3,4.2
2023-04-22T04:32:02Z,4.1,80.0,9.3,4.2
2023-04-22T04:42:05Z,4.3,80.0,9.3,4.2
2023-04-22T04:52:09Z,4.3,80.0,9.3,4.2
2023-04-22T05:02:12Z,4.4,80.0,9.3,4.2
2023-04-22T05:12:16Z,4.5,80.0,9.3,4.2
2023-04-22T05:22:19Z,4.5,81.0,9.3,4.2
2023-04-22T05:32:23Z,4.6,81.0,9.3,4.2
2023-04-22T05:42:26Z,4.8,81.0,9.3,4.2
2023-04-22T05:52:30Z,4.9,82.0,9.3,4.2
2023-04-22T06:02:33Z,5.1,82.0,9.3,4.2
2023-04-22T06:12:37Z,5.3,83.0,9.3,4.2
2023-04-22T06:22:40Z,5.6,83.0,9.3,4.2
2023-04-22T06:32:44Z,5.8,82.0,9.3,4.2
2023-04-22T06:42:47Z,6.0,83.0,9.3,4.2
2023-04-22T06:52:51Z,6.1,84.0,9.3,4.2
2023-04-22T07:02:54Z,6.3,84.0,9.3,4.2
2023-04-22T07:12:58Z,6.5,83.0,9.3,4.2
2023-04-22T07:23:01Z,6.9,82.0,9.3,4.2
2023-04-22T07:33:05Z,7.2,83.0,9.3,4.2
2023-04-22T07:39:48Z,7.4,84.0,9.3,4.2
2023-04-22T07:49:52Z,7.5,85.0,9.3,4.2
2023-04-22T07:59:55Z,8.2,86.0,9.3,4.2
2023-04-22T08:09:59Z,8.7,86.0,9.3,4.2
2023-04-22T08:20:02Z,9.1,86.0,9.3,4.2
2023-04-22T08:30:06Z,9.9,85.0,9.3,4.2
2023-04-22T08:40:09Z,10.6,84.0,9.3,4.2
2023-04-22T08:50:13Z,11.5,85.0,9.3,4.2
2023-04-22T09:00:16Z,12.3,85.0,9.3,4.2
2023-04-22T09:10:19Z,12.9,84.0,9.3,4.2
2023-04-22T09:20:23Z,13.5,83.0,9.3,4.2
2023-04-22T09:30:26Z,14.1,83.0,9.3,4.2
2023-04-22T09:40:30Z,14.5,82.0,9.3,4.2
2023-04-22T09:50:33Z,14.8,82.0,9.3,4.2
2023-04-22T10:00:37Z,15.2,82.0,9.3,4.2
2023-04-22T10:10:40Z,15.5,81.0,9.3,4.2
2023-04-22T10:20:44Z,16.0,82.0,9.3,4.2
2023-04-22T10:30:47Z,16.3,81.0,9.3,4.2
2023-04-22T10:40:51Z,16.1,80.0,9.3,4.2
2023-04-22T10:50:54Z,15.3,79.0,9.3,4.2
2023-04-22T11:00:58Z,14.6,79.0,9.3,4.2
2023-04-22T11:11:01Z,14.0,78.0,9.3,4.2
2023-04-22T11:21:05Z,13.5,77.0,9.3,4.2
2023-04-22T11:31:08Z,13.1,77.0,9.3,4.2
2023-04-22T11:41:12Z,12.6,78.0,9.3,4.2
2023-04-22T11:51:15Z,12.4,79.0,9.3,4.2
2023-04-22T12:01:19Z,12.1,79.0,9.3,4.2
2023-04-22T12:11:22Z,11.9,79.0,9.3,4.2
2023-04-22T12:21:26Z,11.7,79.0,9.3,4.2
2023-04-22T12:31:29Z,11.6,79.0,9.3,4.2
2023-04-22T12:41:33Z,11.3,78.0,9.3,4.2
2023-04-22T12:51:36Z,11.3,78.0,9.3,4.2
2023-04-22T13:01:40Z,11.2,78.0,9.3,4.2
2023-04-22T13:11:43Z,11.1,78.0,9.3,4.2
2023-04-22T13:21:47Z,11.0,78.0,9.3,4.2
2023-04-22T13:31:50Z,10.9,78.0,9.3,4.2
2023-04-22T13:41:54Z,10.9,78.0,9.3,4.2
2023-04-22T13:51:57Z,10.8,78.0,9.3,4.2
2023-04-22T14:02:01Z,10.7,78.0,9.3,4.2
2023-04-22T14:12:04Z,10.7,78.0,9.3,4.2
2023-04-22T14:32:11Z,10.6,77.0,9.3,4.2
2023-04-22T14:42:15Z,10.6,78.0,9.3,4.2
2023-04-22T14:52:18Z,10.5,78.0,9.4,4.2
2023-04-22T15:02:22Z,10.6,77.0,9.4,4.2
2023-04-22T15:12:25Z,10.6,78.0,9.4,4.2
2023-04-22T15:22:29Z,10.6,80.0,9.4,4.2
2023-04-22T15:32:32Z,10.8,82.0,9.4,4.2
2023-04-22T15:42:36Z,10.8,82.0,9.4,4.2
2023-04-22T15:52:39Z,10.9,80.0,9.4,4.2
2023-04-22T16:02:43Z,10.8,80.0,9.4,4.2
2023-04-22T16:12:46Z,10.8,78.0,9.4,4.2
2023-04-22T16:22:50Z,10.7,77.0,9.4,4.2
2023-04-22T16:32:53Z,10.5,76.0,9.4,4.2
2023-04-22T16:42:56Z,10.5,75.0,9.4,4.2
2023-04-22T16:53:00Z,10.3,75.0,9.4,4.2
2023-04-22T17:03:03Z,10.1,75.0,9.4,4.2
2023-04-22T17:13:07Z,10.1,75.0,9.4,4.2
2023-04-22T17:23:10Z,10.0,76.0,9.4,4.2
2023-04-22T17:33:14Z,9.8,75.0,9.4,4.2
2023-04-22T17:43:17Z,9.8,76.0,9.4,4.2
2023-04-22T17:53:21Z,9.7,76.0,9.4,3.9
2023-04-22T18:03:24Z,9.6,75.0,9.4,3.8
2023-04-22T18:13:28Z,9.5,75.0,9.4,3.4
2023-04-22T18:23:31Z,9.3,75.0,9.4,2.2
2023-04-22T18:30:15Z,9.2,75.0,9.4,1.1
2023-04-22T18:40:19Z,9.0,76.0,9.4,0.8
2023-04-22T18:50:22Z,9.0,76.0,9.4,0.6
2023-04-22T19:00:26Z,8.8,76.0,9.4,0.6
2023-04-22T19:10:29Z,8.7,76.0,9.4,0.6
2023-04-22T19:20:33Z,8.6,76.0,9.4,0.6
2023-04-22T19:30:36Z,8.6,76.0,9.4,0.6
2023-04-22T19:40:40Z,8.5,76.0,9.4,0.6
2023-04-22T19:50:43Z,8.3,77.0,9.4,0.6
2023-04-22T20:00:46Z,8.2,76.0,9.4,0.6
2023-04-22T20:10:50Z,8.1,77.0,9.4,0.6
2023-04-22T20:20:53Z,8.1,76.0,9.4,0.6
2023-04-22T20:30:57Z,8.0,77.0,9.4,0.6
2023-04-22T20:41:00Z,8.0,77.0,9.4,0.6
2023-04-22T20:51:04Z,7.8,77.0,9.4,0.4
2023-04-22T21:01:07Z,7.7,77.0,9.4,0.6
2023-04-22T21:11:11Z,7.7,77.0,9.4,0.4
2023-04-22T21:21:14Z,7.6,77.0,9.4,0.6
2023-04-22T21:31:18Z,7.5,77.0,9.4,0.6
2023-04-22T21:41:21Z,7.5,77.0,9.4,0.4
2023-04-22T21:51:25Z,7.3,77.0,9.4,0.6
2023-04-22T22:01:28Z,7.3,77.0,9.4,0.6
2023-04-22T22:11:32Z,7.2,77.0,9.4,0.4
2023-04-22T22:21:35Z,7.1,77.0,9.4,0.6
2023-04-22T22:31:39Z,7.0,77.0,9.4,0.6
2023-04-22T22:41:42Z,7.0,77.0,9.4,0.6
2023-04-22T22:51:46Z,7.0,78.0,9.4,0.6
2023-04-22T23:01:49Z,6.9,77.0,9.4,0.6
2023-04-22T23:11:53Z,6.9,77.0,9.4,0.6
2023-04-22T23:21:56Z,6.8,77.0,9.4,0.6
2023-04-22T23:32:00Z,6.7,77.0,9.4,0.6
2023-04-22T23:42:03Z,6.7,78.0,9.4,0.6
2023-04-22T23:52:07Z,6.6,78.0,9.4,0.6
2023-04-23T00:02:10Z,6.6,78.0,9.4,0.6
2023-04-23T00:12:14Z,6.6,78.0,9.4,0.6
2023-04-23T00:22:17Z,6.6,78.0,9.4,0.6
2023-04-23T00:32:21Z,6.5,78.0,9.4,0.6
2023-04-23T00:42:24Z,6.5,79.0,9.4,0.6
2023-04-23T00:52:28Z,6.6,79.0,9.4,0.6
2023-04-23T01:02:31Z,6.6,79.0,9.4,0.6
2023-04-23T01:12:35Z,6.7,79.0,9.4,0.6
2023-04-23T01:22:38Z,6.6,79.0,9.4,0.6
2023-04-23T01:32:42Z,6.7,79.0,9.4,0.6
2023-04-23T01:42:45Z,6.7,79.0,9.4,0.6
2023-04-23T01:52:49Z,6.7,79.0,9.4,0.6
2023-04-23T02:02:52Z,6.8,78.0,9.4,0.6
2023-04-23T02:12:56Z,6.8,78.0,9.4,0.6
2023-04-23T02:22:59Z,7.0,78.0,9.4,0.6
2023-04-23T02:33:03Z,7.0,78.0,9.4,0.6
2023-04-23T02:43:06Z,6.9,78.0,9.4,0.7
2023-04-23T02:53:10Z,6.8,78.0,9.4,1.1
2023-04-23T03:03:13Z,6.8,78.0,9.4,2.0
2023-04-23T03:13:17Z,6.7,78.0,9.4,3.1
2023-04-23T03:23:20Z,6.7,77.0,9.4,3.6
2023-04-23T03:33:23Z,6.7,78.0,9.4,3.5
2023-04-23T03:43:27Z,6.7,78.0,9.4,4.2
2023-04-23T03:53:30Z,6.8,78.0,9.4,4.2
2023-04-23T04:03:34Z,6.7,78.0,9.4,4.2
2023-04-23T04:13:37Z,6.7,78.0,9.4,4.2
2023-04-23T04:23:41Z,6.8,78.0,9.4,4.2
2023-04-23T04:33:44Z,7.0,78.0,9.4,4.2
2023-04-23T04:43:48Z,7.0,79.0,9.4,4.2
2023-04-23T04:53:51Z,7.1,79.0,9.4,4.2
2023-04-23T05:03:55Z,7.3,80.0,9.4,4.2
2023-04-23T05:13:58Z,7.4,80.0,9.4,4.2
2023-04-23T05:24:02Z,7.5,80.0,9.4,4.2
2023-04-23T05:30:45Z,7.6,80.0,9.3,4.2
2023-04-23T05:40:49Z,7.7,80.0,9.3,4.2
2023-04-23T05:50:52Z,7.9,80.0,9.3,4.2
2023-04-23T06:00:56Z,8.1,80.0,9.3,4.2
2023-04-23T06:10:59Z,8.3,80.0,9.3,4.2
2023-04-23T06:21:03Z,8.4,80.0,9.3,4.2
2023-04-23T06:31:06Z,8.6,81.0,9.3,4.2
2023-04-23T06:41:10Z,8.8,81.0,9.3,4.2
2023-04-23T06:51:13Z,9.0,82.0,9.2,4.2
2023-04-23T07:01:17Z,9.2,81.0,9.2,4.2
2023-04-23T07:11:20Z,9.3,81.0,9.2,4.2
2023-04-23T07:21:24Z,9.7,81.0,9.2,4.2
2023-04-23T07:31:27Z,10.0,82.0,9.2,4.2
2023-04-23T07:41:31Z,10.1,82.0,9.3,4.2
2023-04-23T07:51:34Z,10.3,83.0,9.3,4.2
2023-04-23T08:01:38Z,11.0,83.0,9.3,4.2
2023-04-23T08:11:41Z,11.3,83.0,9.3,4.2
2023-04-23T08:21:45Z,11.8,83.0,9.3,4.2
2023-04-23T08:31:48Z,12.5,84.0,9.3,4.2
2023-04-23T08:41:52Z,13.3,84.0,9.3,4.2
2023-04-23T08:51:55Z,14.1,84.0,9.3,4.2
2023-04-23T09:01:59Z,14.7,84.0,9.3,4.2
2023-04-23T09:12:02Z,15.4,84.0,9.3,4.2
2023-04-23T09:22:06Z,16.0,83.0,9.3,4.2
2023-04-23T09:32:09Z,16.7,84.0,9.3,4.2
2023-04-23T09:42:13Z,17.2,84.0,9.3,4.2
2023-04-23T09:52:16Z,17.8,84.0,9.3,4.2
2023-04-23T10:02:20Z,18.3,84.0,9.3,4.2
2023-04-23T10:12:23Z,18.8,84.0,9.3,4.2
2023-04-23T10:22:27Z,19.1,84.0,9.3,4.2
2023-04-23T10:32:30Z,19.4,84.0,9.3,4.2
2023-04-23T10:42:34Z,19.6,83.0,9.2,5.7
2023-04-23T10:52:37Z,18.9,83.0,9.2,5.9
2023-04-23T11:02:41Z,18.1,81.0,9.2,4.2
2023-04-23T11:12:44Z,17.6,80.0,9.2,4.2
2023-04-23T11:22:48Z,17.1,79.0,9.2,4.2
2023-04-23T11:32:51Z,16.7,78.0,9.2,4.2
2023-04-23T11:42:55Z,16.3,77.0,9.2,4.2
2023-04-23T11:52:58Z,16.1,77.0,9.2,4.2
2023-04-23T12:03:01Z,15.9,77.0,9.3,4.2
2023-04-23T12:13:05Z,15.6,77.0,9.3,4.2
2023-04-23T12:23:08Z,15.5,77.0,9.3,4.2
2023-04-23T12:33:12Z,15.3,77.0,9.3,4.2
2023-04-23T12:43:15Z,15.1,77.0,9.3,4.2
2023-04-23T12:53:19Z,15.1,77.0,9.3,4.2
2023-04-23T13:03:22Z,15.0,77.0,9.3,4.2
2023-04-23T13:13:26Z,14.9,76.0,9.3,4.2
2023-04-23T13:23:29Z,14.8,77.0,9.3,4.2
2023-04-23T13:33:33Z,14.8,76.0,9.3,4.2
2023-04-23T13:43:36Z,14.6,76.0,9.3,4.2
2023-04-23T13:53:40Z,14.6,76.0,9.3,4.2
2023-04-23T14:03:43Z,14.6,76.0,9.3,4.2
2023-04-23T14:13:47Z,14.5,76.0,9.3,4.2
2023-04-23T14:23:50Z,14.4,76.0,9.3,4.2
2023-04-23T14:33:54Z,14.3,76.0,9.3,4.2
2023-04-23T14:43:57Z,14.3,76.0,9.3,4.2
2023-04-23T14:54:01Z,14.2,76.0,9.3,4.2
2023-04-23T15:04:04Z,14.3,76.0,9.3,4.2
2023-04-23T15:14:08Z,14.3,76.0,9.3,4.2
2023-04-23T15:24:11Z,14.4,77.0,9.3,4.2
2023-04-23T15:34:15Z,14.3,77.0,9.3,4.2
2023-04-23T15:44:18Z,14.3,77.0,9.3,4.2
2023-04-23T15:54:22Z,14.2,76.0,9.3,4.2
2023-04-23T16:04:25Z,14.1,75.0,9.3,4.2
2023-04-23T16:14:29Z,14.0,74.0,9.3,4.2
2023-04-23T16:24:32Z,13.9,74.0,9.3,4.2
2023-04-23T16:31:16Z,13.8,74.0,9.3,4.2
2023-04-23T16:41:19Z,13.7,74.0,9.3,4.2
2023-04-23T16:51:23Z,13.6,74.0,9.3,4.2
2023-04-23T17:01:26Z,13.6,74.0,9.3,4.2
2023-04-23T17:11:30Z,13.5,74.0,9.3,4.2
2023-04-23T17:21:33Z,13.4,74.0,9.3,4.2
2023-04-23T17:41:40Z,13.2,74.0,9.3,3.9
2023-04-23T17:51:44Z,13.1,74.0,9.3,3.8
2023-04-23T18:01:47Z,13.0,74.0,9.3,3.2
2023-04-23T18:11:51Z,12.9,74.0,9.3,2.0
2023-04-23T18:21:54Z,12.8,75.0,9.3,1.0
2023-04-23T18:31:57Z,12.8,75.0,9.3,0.7
2023-04-23T18:42:01Z,12.7,75.0,9.3,0.6
2023-04-23T18:52:05Z,12.6,75.0,9.3,0.6
2023-04-23T19:02:08Z,12.6,75.0,9.3,0.6
2023-04-23T19:12:11Z,12.5,75.0,9.3,0.6
2023-04-23T19:22:15Z,12.4,75.0,9.3,0.6
2023-04-23T19:32:18Z,12.4,75.0,9.3,0.6
2023-04-23T19:42:22Z,12.3,75.0,9.3,0.6
2023-04-23T19:52:25Z,12.3,75.0,9.3,0.6
2023-04-23T20:02:29Z,12.2,75.0,9.3,0.6
2023-04-23T20:12:32Z,12.1,75.0,9.3,0.6
2023-04-23T20:22:36Z,12.1,75.0,9.3,0.6
2023-04-23T20:32:39Z,12.1,75.0,9.3,0.4
2023-04-23T20:52:46Z,12.0,76.0,9.3,0.6
2023-04-23T21:01:42Z,11.9,75.0,9.3,0.6
2023-04-23T21:03:53Z,11.9,75.0,9.3,0.6
2023-04-23T21:12:49Z,11.8,75.0,9.3,0.6
2023-04-23T21:22:52Z,11.8,76.0,9.3,0.6
2023-04-23T21:32:56Z,11.8,76.0,9.3,0.6
2023-04-23T21:42:59Z,11.8,76.0,9.3,0.6
2023-04-23T21:53:03Z,11.8,76.0,9.3,0.6
2023-04-23T22:03:06Z,11.7,76.0,9.3,0.6
2023-04-23T22:13:10Z,11.6,76.0,9.3,0.6
2023-04-23T22:23:13Z,11.6,76.0,9.3,0.6
2023-04-23T22:33:17Z,11.6,76.0,9.3,0.6
2023-04-23T22:43:20Z,11.6,76.0,9.3,0.6
2023-04-23T22:53:24Z,11.5,76.0,9.3,0.6
2023-04-23T23:03:27Z,11.5,76.0,9.3,0.4
2023-04-23T23:13:31Z,11.5,76.0,9.3,0.6
2023-04-23T23:23:34Z,11.5,76.0,9.3,0.6
2023-04-23T23:33:38Z,11.4,76.0,9.3,0.6
2023-04-23T23:43:41Z,11.4,76.0,9.3,0.6
2023-04-23T23:53:44Z,11.3,76.0,9.3,0.6
2023-04-24T00:03:48Z,11.3,76.0,9.3,0.6
2023-04-24T00:13:51Z,11.3,76.0,9.3,0.6
2023-04-24T00:23:55Z,11.3,76.0,9.3,0.6
2023-04-24T00:33:58Z,11.2,76.0,9.3,0.6
2023-04-24T00:44:02Z,11.1,76.0,9.3,0.6
2023-04-24T00:54:05Z,11.1,77.0,9.3,0.4
2023-04-24T01:04:09Z,11.1,77.0,9.3,0.6
2023-04-24T01:14:12Z,11.1,77.0,9.3,0.6
2023-04-24T01:24:16Z,11.1,77.0,9.3,0.6
2023-04-24T01:34:19Z,11.0,77.0,9.3,0.6
2023-04-24T01:44:23Z,11.0,77.0,9.3,0.6
2023-04-24T01:54:26Z,11.0,77.0,9.3,0.6
2023-04-24T02:04:30Z,11.0,77.0,9.3,0.6
2023-04-24T02:14:33Z,11.0,77.0,9.3,0.6
2023-04-24T02:24:37Z,10.9,77.0,9.3,0.6
2023-04-24T02:34:40Z,10.9,77.0,9.3,0.6
2023-04-24T02:44:44Z,10.9,77.0,9.3,0.6
2023-04-24T02:54:47Z,10.9,77.0,9.3,0.7
2023-04-24T03:04:51Z,10.8,77.0,9.3,1.2
2023-04-24T03:14:54Z,10.8,77.0,9.3,2.0
2023-04-24T03:24:58Z,10.7,77.0,9.3,2.8
2023-04-24T03:35:01Z,10.7,77.0,9.3,3.3
2023-04-24T03:45:05Z,10.6,77.0,9.3,3.6
2023-04-24T03:51:48Z,10.6,77.0,9.3,3.5
2023-04-24T04:01:52Z,10.6,77.0,9.3,3.5
2023-04-24T04:11:55Z,10.6,77.0,9.3,3.5
2023-04-24T04:21:59Z,10.5,77.0,9.3,4.2
2023-04-24T04:32:02Z,10.5,78.0,9.3,4.2
2023-04-24T04:42:06Z,10.5,78.0,9.3,4.2
2023-04-24T04:52:09Z,10.6,78.0,9.3,4.2
2023-04-24T05:02:13Z,10.6,78.0,9.3,4.2
2023-04-24T05:12:16Z,10.6,78.0,9.3,4.2
2023-04-24T05:22:20Z,10.6,78.0,9.3,4.2
2023-04-24T05:32:23Z,10.7,78.0,9.3,4.2
2023-04-24T05:42:27Z,10.6,78.0,9.3,4.2
2023-04-24T05:52:30Z,10.7,78.0,9.3,4.2
2023-04-24T06:02:34Z,10.7,78.0,9.3,4.2
2023-04-24T06:12:37Z,10.8,78.0,9.3,4.2
2023-04-24T06:22:40Z,10.8,79.0,9.3,4.2
2023-04-24T06:32:44Z,10.9,79.0,9.3,4.2
2023-04-24T06:42:47Z,10.9,79.0,9.3,4.2
2023-04-24T06:52:51Z,10.9,79.0,9.3,4.2
2023-04-24T07:02:54Z,10.9,78.0,9.3,4.2
2023-04-24T07:12:58Z,11.0,79.0,9.3,4.2
2023-04-24T07:23:01Z,11.1,79.0,9.3,4.2
2023-04-24T07:33:05Z,11.1,79.0,9.3,4.2
2023-04-24T07:43:08Z,11.1,79.0,9.3,4.2
2023-04-24T07:53:12Z,11.1,79.0,9.3,4.2
2023-04-24T08:03:15Z,11.2,79.0,9.3,4.2
2023-04-24T08:13:19Z,11.3,79.0,9.3,4.2
2023-04-24T08:23:22Z,11.3,79.0,9.3,4.2
2023-04-24T08:33:26Z,11.3,79.0,9.3,4.2
2023-04-24T08:43:29Z,11.3,80.0,9.3,4.2
2023-04-24T08:53:33Z,11.4,79.0,9.3,4.2
2023-04-24T09:03:36Z,11.5,80.0,9.3,4.2
2023-04-24T09:13:40Z,11.6,80.0,9.3,4.2
2023-04-24T09:23:43Z,12.3,80.0,9.3,4.2
2023-04-24T09:33:47Z,13.1,82.0,9.3,4.2
2023-04-24T09:43:50Z,14.1,84.0,9.3,4.2
2023-04-24T09:53:54Z,15.0,85.0,9.3,4.2
2023-04-24T10:03:57Z,15.3,85.0,9.3,4.2
2023-04-24T10:14:01Z,16.1,84.0,9.3,4.2
2023-04-24T10:24:04Z,16.9,85.0,9.3,4.2
2023-04-24T10:34:08Z,17.6,86.0,9.3,4.2
2023-04-24T10:44:11Z,18.0,85.0,9.3,4.2
2023-04-24T10:54:15Z,17.6,85.0,9.3,4.2
2023-04-24T11:04:18Z,17.1,85.0,9.3,4.2
2023-04-24T11:14:22Z,16.8,84.0,9.3,4.2
2023-04-24T11:24:25Z,16.5,82.0,9.3,4.2
2023-04-24T11:34:29Z,16.3,81.0,9.3,4.2
2023-04-24T11:44:32Z,16.0,80.0,9.3,4.2
2023-04-24T11:54:36Z,15.8,80.0,9.3,4.2
2023-04-24T12:04:39Z,15.7,80.0,9.3,4.2
2023-04-24T12:14:43Z,15.6,80.0,9.3,4.2
2023-04-24T12:24:46Z,15.6,81.0,9.3,4.2
2023-04-24T12:34:50Z,15.5,80.0,9.3,4.2
2023-04-24T12:44:53Z,15.5,80.0,9.3,4.2
2023-04-24T12:54:57Z,15.6,80.0,9.3,4.2
2023-04-24T13:05:00Z,15.6,81.0,9.3,4.2
2023-04-24T13:15:03Z,15.5,81.0,9.3,4.2
2023-04-24T13:25:07Z,15.5,80.0,9.3,4.2
2023-04-24T13:35:10Z,15.5,80.0,9.3,4.2
2023-04-24T13:45:14Z,15.5,81.0,9.3,4.2
2023-04-24T13:55:17Z,15.4,81.0,9.3,4.2
2023-04-24T14:05:21Z,15.3,81.0,9.3,4.2
2023-04-24T14:15:24Z,15.2,81.0,9.3,4.2
2023-04-24T14:25:28Z,15.3,80.0,9.3,4.2
2023-04-24T14:35:31Z,15.3,80.0,9.3,4.2
2023-04-24T14:42:15Z,15.2,80.0,9.3,4.2
2023-04-24T14:52:19Z,15.1,80.0,9.3,4.2
2023-04-24T15:02:22Z,15.1,80.0,9.3,4.2
2023-04-24T15:12:26Z,15.0,80.0,9.3,4.2
2023-04-24T15:22:29Z,15.0,80.0,9.3,4.2
2023-04-24T15:32:33Z,14.8,80.0,9.3,3.5
2023-04-24T15:42:36Z,14.6,80.0,9.3,3.5
2023-04-24T15:52:40Z,14.5,79.0,9.3,4.2
2023-04-24T16:02:43Z,14.3,79.0,9.3,4.2
2023-04-24T16:12:47Z,14.2,79.0,9.3,4.2
2023-04-24T16:22:50Z,14.1,79.0,9.3,4.2
2023-04-24T16:32:54Z,14.0,79.0,9.2,4.2
2023-04-24T16:42:57Z,13.9,80.0,9.2,4.2
2023-04-24T16:53:01Z,13.8,80.0,9.2,4.2
2023-04-24T17:03:04Z,13.7,80.0,9.2,4.2
2023-04-24T17:13:07Z,13.6,80.0,9.2,4.1
2023-04-24T17:23:11Z,13.5,80.0,9.2,3.5
2023-04-24T17:33:14Z,13.5,81.0,9.2,3.5
2023-04-24T17:43:18Z,13.4,81.0,9.2,3.6
2023-04-24T17:53:21Z,13.3,81.0,9.2,3.4
2023-04-24T18:03:25Z,13.3,81.0,9.2,2.8
2023-04-24T18:13:28Z,13.2,81.0,9.2,2.1
2023-04-24T18:23:32Z,13.1,81.0,9.2,1.6
2023-04-24T18:33:35Z,13.0,81.0,9.2,0.9
2023-04-24T18:43:39Z,13.0,81.0,9.2,0.7
2023-04-24T18:53:42Z,12.9,82.0,9.1,0.6
2023-04-24T19:03:46Z,12.9,82.0,9.0,0.6
2023-04-24T19:13:49Z,12.8,82.0,9.0,0.6
2023-04-24T19:23:53Z,12.7,82.0,9.0,0.6
2023-04-24T19:33:56Z,12.6,82.0,9.0,0.6
2023-04-24T19:44:00Z,12.5,82.0,9.0,0.6
2023-04-24T19:54:03Z,12.5,82.0,9.0,0.4
2023-04-24T20:04:07Z,12.3,82.0,9.0,0.6
2023-04-24T20:14:10Z,12.3,83.0,9.0,0.6
2023-04-24T20:24:14Z,12.3,83.0,9.0,0.6
2023-04-24T20:34:17Z,12.1,83.0,9.1,0.6
2023-04-24T20:44:21Z,12.1,83.0,9.1,0.6
2023-04-24T20:54:24Z,12.1,84.0,9.0,0.6
2023-04-24T21:04:28Z,12.0,84.0,9.0,0.6
2023-04-24T21:14:31Z,12.0,84.0,8.8,0.6
2023-04-24T21:24:35Z,12.0,84.0,8.7,0.6
2023-04-24T21:34:38Z,12.0,84.0,8.7,0.6
2023-04-24T21:44:42Z,12.0,85.0,8.6,0.6
2023-04-24T21:54:45Z,12.0,85.0,8.6,0.6
2023-04-24T22:04:49Z,11.9,86.0,8.7,0.6
2023-04-24T22:14:52Z,11.9,86.0,8.7,0.6
2023-04-24T22:24:56Z,11.8,86.0,8.7,0.6
2023-04-24T22:34:59Z,11.8,86.0,8.7,0.6
2023-04-24T22:45:03Z,11.8,86.0,8.7,0.6
2023-04-25T07:46:05Z,10.3,98.0,8.5,4.2
2023-04-25T07:58:10Z,10.2,97.0,8.5,4.2
2023-04-25T08:08:14Z,10.3,96.0,8.5,4.2
2023-04-25T08:18:17Z,10.3,95.0,8.5,4.2
2023-04-25T08:28:21Z,10.5,94.0,8.5,4.2
2023-04-25T08:38:24Z,10.6,94.0,8.6,4.2
2023-04-25T08:48:28Z,10.7,93.0,8.6,4.2
2023-04-25T08:58:31Z,11.1,93.0,8.6,4.2
2023-04-25T09:08:35Z,11.2,93.0,8.5,4.2
2023-04-25T09:18:38Z,11.2,92.0,8.5,4.2
2023-04-25T12:53:02Z,11.1,92.0,8.5,4.2
2023-04-25T13:05:07Z,11.1,92.0,8.6,4.2
2023-04-26T06:25:11Z,7.5,94.0,8.8,4.2
2023-04-26T06:39:00Z,7.6,94.0,8.8,4.2
2023-04-26T07:20:21Z,7.6,92.0,8.7,4.2
2023-04-26T07:20:43Z,7.6,92.0,8.7,4.2
2023-04-26T07:21:10Z,7.5,92.0,8.8,4.2
2023-04-26T07:21:28Z,7.4,92.0,8.8,4.2
2023-04-26T10:00:11Z,8.9,89.0,8.5,4.2
2023-04-26T10:59:19Z,8.6,93.0,8.5,4.2
2023-04-26T11:11:25Z,8.5,93.0,8.6,4.2
2023-04-26T11:22:46Z,8.6,94.0,8.6,4.2
2023-04-26T15:05:51Z,8.1,92.0,8.6,4.2
2023-04-26T15:24:22Z,8.2,92.0,8.6,4.2
2023-04-26T15:24:45Z,8.4,92.0,8.6,4.2
2023-04-27T05:21:53Z,5.0,98.0,8.7,4.2
2023-04-27T05:33:58Z,5.0,96.0,8.7,4.2
2023-04-27T05:44:02Z,5.0,96.0,8.7,4.2
2023-04-27T05:54:05Z,5.5,96.0,8.7,4.2
2023-04-27T06:04:09Z,5.5,96.0,8.7,4.2
2023-04-27T06:14:12Z,5.5,95.0,8.7,4.2
2023-04-27T06:24:16Z,5.5,95.0,8.7,4.2
2023-04-27T06:34:19Z,6.0,95.0,8.7,4.2
2023-04-27T06:44:23Z,6.0,95.0,8.7,4.2
2023-04-27T07:16:05Z,6.3,94.0,8.7,4.2
2023-04-27T07:26:32Z,6.2,93.0,8.7,4.2
2023-04-28T05:17:42Z,5.0,97.0,8.7,4.2
2023-04-28T05:29:48Z,5.0,96.0,8.8,4.2
2023-04-28T05:39:51Z,5.0,95.0,8.8,4.2
2023-04-28T05:49:55Z,5.0,95.0,8.8,4.2
2023-04-28T05:59:58Z,5.0,95.0,8.8,4.2
2023-04-28T06:10:02Z,5.5,95.0,8.7,4.2
2023-04-28T06:20:05Z,5.5,95.0,8.7,4.2
2023-04-28T06:30:09Z,5.5,95.0,8.7,4.2
2023-04-28T06:40:12Z,6.0,94.0,8.7,4.2
2023-04-28T06:50:16Z,6.0,95.0,8.7,4.2
2023-04-28T07:00:19Z,6.0,95.0,8.7,4.2
2023-04-28T07:10:23Z,6.0,95.0,8.7,4.2
2023-04-28T07:20:26Z,6.5,94.0,8.7,4.2
2023-04-28T07:30:30Z,7.0,95.0,8.7,4.2
2023-04-28T07:40:33Z,7.0,95.0,8.7,4.2
2023-04-28T07:50:37Z,7.0,95.0,8.7,4.2
2023-04-28T08:00:40Z,7.5,95.0,8.7,4.2
2023-04-28T08:10:43Z,8.5,96.0,8.7,4.2
2023-04-28T08:20:47Z,8.5,97.0,8.7,4.2
2023-04-28T08:30:50Z,9.0,97.0,8.7,4.2
2023-04-28T08:40:54Z,9.5,98.0,8.7,4.2
2023-04-28T08:50:57Z,9.5,97.0,8.7,4.2
2023-04-28T09:01:01Z,9.5,95.0,8.7,4.2
2023-04-28T09:11:04Z,10.0,95.0,8.7,4.2
2023-04-28T09:17:48Z,9.5,94.0,8.7,4.2
2023-04-28T09:27:51Z,9.5,93.0,8.7,4.2
2023-04-28T09:37:55Z,9.5,93.0,8.7,4.2
2023-04-28T09:47:58Z,9.0,92.0,8.7,4.2
2023-04-28T09:58:02Z,9.5,92.0,8.7,4.2
2023-04-28T10:08:05Z,9.5,92.0,8.7,4.2
2023-04-28T10:18:09Z,9.0,92.0,8.7,4.2
2023-04-28T10:28:12Z,9.0,92.0,8.7,4.2
2023-04-28T10:38:16Z,9.0,91.0,8.7,4.2
2023-04-28T10:48:19Z,9.0,91.0,8.7,4.2
2023-04-28T10:58:23Z,9.0,91.0,8.7,4.2
2023-04-28T11:08:26Z,9.0,93.0,8.7,4.2
2023-04-28T11:18:30Z,9.0,95.0,8.7,4.2
2023-04-28T11:28:33Z,9.0,94.0,8.7,4.2
2023-04-28T11:38:37Z,9.5,92.0,8.7,4.2
2023-04-28T11:48:40Z,9.0,91.0,8.7,4.2
2023-04-28T11:58:44Z,9.0,92.0,8.7,4.2
2023-04-28T12:08:47Z,9.0,91.0,8.7,4.2
2023-04-28T12:18:51Z,9.0,91.0,8.7,4.2
2023-04-28T12:28:54Z,9.0,92.0,8.7,4.2
2023-04-28T12:38:58Z,9.0,92.0,8.7,4.2
2023-04-28T12:49:01Z,9.0,92.0,8.7,4.2
2023-04-28T12:59:05Z,9.0,92.0,8.7,4.2
2023-04-28T13:09:08Z,9.0,91.0,8.7,4.2
2023-04-28T13:19:12Z,9.0,91.0,8.7,4.2
2023-04-28T13:29:15Z,9.0,92.0,8.7,4.2
2023-04-28T13:39:19Z,9.0,91.0,8.7,4.2
2023-04-28T13:49:22Z,9.0,91.0,8.7,4.2
2023-04-28T13:59:26Z,9.0,91.0,8.7,4.2
2023-04-28T14:09:29Z,8.5,91.0,8.7,4.2
2023-04-28T14:19:33Z,8.5,92.0,8.6,4.2
2023-04-28T14:29:36Z,8.5,91.0,8.6,4.2
2023-04-28T14:39:40Z,8.5,91.0,8.7,4.2
2023-04-28T14:49:43Z,8.5,91.0,8.7,4.2
2023-04-28T14:59:47Z,8.5,91.0,8.7,4.2
2023-04-28T15:09:50Z,8.5,91.0,8.7,4.2
2023-04-28T15:19:54Z,8.5,92.0,8.7,4.2
2023-04-28T15:29:57Z,8.5,93.0,8.7,4.2
2023-04-28T15:40:00Z,8.5,93.0,8.7,4.2
2023-04-28T15:50:04Z,8.5,93.0,8.7,4.2
2023-04-28T16:00:07Z,8.0,93.0,8.7,4.2
2023-04-28T16:10:11Z,8.5,93.0,8.7,4.2
2023-04-28T16:20:14Z,8.0,93.0,8.6,4.2
2023-04-28T16:30:18Z,8.0,93.0,8.7,4.2
2023-04-28T16:40:21Z,8.0,92.0,8.7,4.2
2023-04-28T16:50:25Z,8.0,91.0,8.7,4.2
2023-04-28T17:00:28Z,8.0,91.0,8.7,4.2
2023-04-28T17:10:32Z,8.0,91.0,8.7,4.2
2023-04-28T17:20:35Z,7.5,90.0,8.7,4.2
2023-04-28T17:30:39Z,7.5,90.0,8.7,4.2
2023-04-28T17:40:42Z,7.5,90.0,8.7,4.2
2023-04-28T17:50:46Z,7.5,90.0,8.7,4.2
2023-04-28T18:00:49Z,7.5,90.0,8.7,4.1
2023-04-28T18:10:53Z,7.5,90.0,8.7,3.4
2023-04-28T18:20:56Z,7.5,90.0,8.7,3.4
2023-04-28T18:31:00Z,7.0,90.0,8.7,2.4
2023-04-28T18:41:03Z,7.0,90.0,8.7,1.5
2023-04-28T18:51:07Z,7.0,90.0,8.7,0.7
2023-04-29T06:29:11Z,7.0,98.0,8.7,4.2
2023-04-29T06:41:16Z,7.0,97.0,8.7,4.2
2023-04-29T06:51:19Z,7.0,97.0,8.7,4.2
2023-04-29T07:01:23Z,7.0,97.0,8.7,4.2
2023-04-29T07:11:26Z,7.5,97.0,8.7,4.2
2023-04-29T07:21:30Z,7.5,98.0,8.7,4.2
2023-04-29T07:31:33Z,8.0,98.0,8.7,4.2
2023-04-29T07:41:37Z,8.0,98.0,8.7,4.2
2023-04-29T07:51:40Z,8.5,97.0,8.7,4.2
2023-04-29T08:01:44Z,9.0,98.0,8.7,4.2
2023-04-29T08:11:47Z,9.0,97.0,8.7,4.2
2023-04-29T08:21:51Z,9.5,96.0,8.7,4.2
2023-04-29T08:31:54Z,9.5,97.0,8.7,4.2
2023-04-29T08:41:58Z,10.0,97.0,8.7,4.2
2023-04-29T08:52:01Z,11.0,98.0,8.7,4.2
2023-04-29T09:02:05Z,11.5,98.0,8.7,4.2
2023-04-29T09:12:08Z,12.0,97.0,8.7,4.2
2023-04-29T09:22:12Z,13.0,98.0,8.7,4.2
2023-04-29T09:32:15Z,13.5,98.0,8.7,4.2
2023-04-29T09:42:19Z,13.5,98.0,8.7,4.2
2023-04-29T09:52:22Z,13.5,96.0,8.7,4.2
2023-04-29T10:02:26Z,13.5,95.0,8.7,4.2
2023-04-29T10:12:29Z,13.5,95.0,8.7,4.2
2023-04-29T10:19:13Z,14.5,95.0,8.7,4.2
2023-04-29T10:29:16Z,15.0,97.0,8.7,4.2
2023-04-29T10:39:20Z,15.0,97.0,8.7,4.2
2023-04-29T10:49:23Z,15.0,96.0,8.7,4.2
2023-04-29T10:59:27Z,14.5,94.0,8.7,4.2
2023-04-29T11:19:34Z,14.0,93.0,8.7,4.2
2023-04-29T11:29:37Z,14.0,93.0,8.7,4.2
2023-04-29T11:39:41Z,13.5,93.0,8.7,4.2
2023-04-29T11:49:44Z,13.5,93.0,8.7,4.2
2023-04-29T11:59:48Z,13.5,93.0,8.7,4.2
2023-04-29T12:09:51Z,13.5,93.0,8.7,4.2
2023-04-29T12:19:54Z,13.5,92.0,8.7,4.2
2023-04-29T12:29:58Z,13.0,93.0,8.7,4.2
2023-04-29T12:40:01Z,13.0,92.0,8.7,4.2
2023-04-29T12:50:05Z,13.0,92.0,8.7,4.2
2023-04-29T13:00:08Z,13.0,92.0,8.7,4.2
2023-04-29T13:10:12Z,13.0,92.0,8.7,4.2
2023-04-29T13:20:15Z,13.0,92.0,8.7,4.2
2023-04-29T13:30:19Z,13.0,92.0,8.7,4.2
2023-04-29T13:40:22Z,13.0,92.0,8.7,4.2
2023-04-29T13:50:26Z,13.0,91.0,8.7,4.2
2023-04-29T14:00:29Z,13.0,91.0,8.7,4.2
2023-04-29T14:10:33Z,13.0,92.0,8.7,4.2
2023-04-29T14:20:36Z,13.0,91.0,8.7,4.2
2023-04-29T14:30:40Z,12.5,91.0,8.7,4.2
2023-04-29T14:40:43Z,12.5,91.0,8.7,4.2
2023-04-29T14:50:47Z,12.5,91.0,8.7,4.2
2023-04-29T15:00:50Z,12.5,91.0,8.7,4.2
2023-04-29T15:10:54Z,12.5,91.0,8.7,4.2
2023-04-29T15:20:57Z,12.5,91.0,8.7,4.2
2023-04-29T15:31:01Z,12.5,91.0,8.7,4.2
2023-04-29T15:41:04Z,12.5,91.0,8.7,4.2
2023-04-29T15:51:08Z,12.5,90.0,8.7,4.2
2023-04-29T16:01:11Z,12.5,91.0,8.7,4.2
2023-04-29T16:11:15Z,12.5,90.0,8.7,4.2
2023-04-29T16:21:18Z,12.0,90.0,8.7,4.2
2023-04-29T16:31:22Z,12.0,90.0,8.7,4.2
2023-04-29T16:41:25Z,12.0,90.0,8.8,4.2
2023-04-29T16:51:29Z,12.0,90.0,8.7,4.2
2023-04-29T17:01:32Z,12.0,90.0,8.8,4.2
2023-04-29T17:11:36Z,12.0,90.0,8.8,4.2
2023-04-29T17:21:39Z,12.0,90.0,8.7,4.2
2023-04-29T17:31:43Z,11.5,90.0,8.8,4.2
2023-04-29T17:41:46Z,11.5,90.0,8.8,3.5
2023-04-29T17:51:49Z,11.5,90.0,8.8,3.4
2023-04-29T18:01:53Z,11.5,90.0,8.8,3.5
2023-04-29T18:11:56Z,11.5,90.0,8.8,3.5
2023-04-29T18:22:00Z,11.0,89.0,8.8,3.1
2023-04-29T18:32:03Z,11.0,90.0,8.8,2.3
2023-04-29T18:42:07Z,11.0,90.0,8.8,1.5
2023-04-29T18:52:10Z,11.0,89.0,8.8,0.8
2023-04-29T19:02:14Z,11.0,90.0,8.8,0.6
2023-04-29T19:12:17Z,10.5,90.0,8.8,0.6
2023-04-29T19:22:21Z,10.5,90.0,8.8,0.6
2023-04-29T19:32:24Z,10.5,90.0,8.8,0.6
2023-04-29T19:42:28Z,10.5,90.0,8.8,0.4
2023-04-29T19:52:31Z,10.5,90.0,8.8,0.6
2023-04-29T20:02:35Z,10.5,90.0,8.8,0.6
2023-04-29T20:12:38Z,10.0,90.0,8.8,0.6
2023-04-29T20:22:42Z,10.0,90.0,8.8,0.6
2023-04-29T20:32:45Z,10.0,90.0,8.8,0.6
2023-04-29T20:42:49Z,9.5,90.0,8.8,0.6
2023-04-30T05:07:04Z,6.5,96.0,8.9,4.2
2023-04-30T05:19:09Z,6.5,94.0,8.9,4.2
2023-04-30T05:29:12Z,6.5,94.0,8.9,4.2
2023-04-30T05:39:16Z,6.5,94.0,8.9,4.2
2023-04-30T05:49:19Z,7.0,93.0,8.9,4.2
2023-04-30T05:59:23Z,7.0,93.0,8.9,4.2
2023-04-30T06:09:26Z,7.0,93.0,8.9,4.2
2023-04-30T06:19:30Z,7.0,93.0,8.9,4.2
2023-04-30T06:29:33Z,7.5,93.0,8.9,4.2
2023-04-30T06:39:37Z,7.5,92.0,8.9,4.2
2023-04-30T06:49:40Z,7.5,93.0,8.9,4.2
2023-04-30T06:59:44Z,7.5,93.0,8.9,4.2
2023-04-30T07:09:47Z,8.0,93.0,8.9,4.2
2023-04-30T07:19:51Z,8.0,93.0,8.9,4.2
2023-04-30T07:29:54Z,8.0,93.0,8.9,4.2
2023-04-30T07:39:58Z,8.5,93.0,8.9,4.2
2023-04-30T07:50:01Z,8.5,93.0,8.9,4.2
2023-04-30T08:00:05Z,8.5,93.0,8.9,4.2
2023-04-30T08:10:08Z,9.0,93.0,8.9,4.2
2023-04-30T08:20:12Z,9.5,93.0,8.9,4.2
2023-04-30T08:30:15Z,9.5,93.0,8.9,4.2
2023-04-30T08:40:19Z,9.5,93.0,8.9,4.2
2023-04-30T08:50:22Z,9.5,92.0,8.9,4.2
2023-04-30T09:00:25Z,10.0,92.0,8.9,4.2
2023-04-30T09:07:09Z,10.5,92.0,8.9,4.2
2023-04-30T09:17:13Z,11.0,92.0,8.9,4.2
2023-04-30T09:27:16Z,11.5,93.0,8.9,4.2
2023-04-30T09:37:20Z,12.5,94.0,8.9,4.2
2023-04-30T09:47:23Z,12.5,95.0,8.8,4.2
2023-04-30T09:57:26Z,13.0,94.0,8.9,4.2
2023-04-30T10:07:30Z,13.5,95.0,8.8,4.2
2023-04-30T10:17:33Z,14.0,95.0,8.8,4.2
2023-04-30T10:37:40Z,15.0,96.0,8.8,4.2
2023-04-30T10:47:44Z,15.0,96.0,8.8,4.2
2023-04-30T10:57:47Z,14.5,95.0,8.8,4.2
2023-04-30T11:07:51Z,14.0,94.0,8.8,4.2
2023-04-30T11:17:54Z,13.5,94.0,8.8,4.2
2023-04-30T11:27:58Z,13.0,93.0,8.8,4.2
2023-04-30T11:38:01Z,12.5,91.0,8.9,4.2
2023-04-30T11:48:05Z,12.0,90.0,8.8,4.2
2023-04-30T11:58:08Z,12.0,90.0,8.9,4.2
2023-04-30T12:08:12Z,11.5,91.0,8.9,4.2
2023-04-30T12:18:15Z,11.5,90.0,8.9,4.2
2023-04-30T12:28:19Z,11.5,91.0,8.9,4.2
2023-04-30T12:38:22Z,11.0,90.0,8.9,4.2
2023-04-30T12:48:26Z,11.0,90.0,8.9,4.2
2023-04-30T12:58:29Z,11.0,90.0,8.9,4.2
2023-04-30T13:08:33Z,10.5,90.0,8.9,4.2
2023-04-30T13:18:36Z,10.5,90.0,8.9,4.2
2023-04-30T13:28:40Z,10.5,90.0,8.9,4.2
2023-04-30T13:38:43Z,10.5,90.0,8.9,4.2
2023-04-30T13:48:47Z,10.0,90.0,8.9,4.2
2023-04-30T13:58:50Z,10.0,90.0,8.9,4.2
2023-04-30T14:08:54Z,10.0,90.0,8.9,4.2
2023-04-30T14:18:57Z,10.0,90.0,8.9,4.2
2023-04-30T14:29:01Z,10.0,90.0,8.9,4.2
2023-04-30T14:39:04Z,10.0,90.0,8.9,4.2
2023-04-30T14:49:08Z,10.0,90.0,8.9,4.2
2023-04-30T14:59:11Z,10.0,90.0,8.9,4.2
2023-04-30T15:09:15Z,10.0,90.0,8.9,4.2
2023-04-30T15:19:18Z,10.0,90.0,8.9,4.2
2023-04-30T15:29:21Z,10.0,90.0,8.9,4.2
2023-04-30T15:39:25Z,10.0,90.0,8.9,4.2
2023-04-30T15:49:28Z,10.0,91.0,8.9,4.2
2023-04-30T15:59:32Z,9.5,90.0,8.9,4.2
2023-04-30T16:09:35Z,9.5,90.0,8.9,4.2
2023-04-30T16:19:39Z,9.5,90.0,8.9,4.2
2023-04-30T16:29:42Z,9.5,91.0,8.9,4.2
2023-04-30T16:39:46Z,9.5,91.0,8.9,4.2
2023-04-30T16:49:49Z,9.5,90.0,8.9,4.2
2023-04-30T16:59:53Z,9.0,90.0,8.9,4.2
2023-04-30T17:09:56Z,9.0,89.0,8.9,4.2
2023-04-30T17:20:00Z,9.0,89.0,9.0,4.2
2023-04-30T17:30:03Z,9.0,90.0,9.0,4.2
2023-04-30T17:40:07Z,9.0,89.0,8.9,4.2
2023-04-30T17:50:10Z,9.0,90.0,9.0,4.2
2023-04-30T18:00:14Z,8.5,90.0,9.0,4.2
2023-04-30T18:10:17Z,8.5,90.0,9.0,3.6
2023-04-30T18:20:21Z,8.5,89.0,9.0,3.6
2023-04-30T18:30:24Z,8.5,90.0,9.0,3.3
2023-04-30T18:40:28Z,8.5,89.0,9.0,2.3
2023-04-30T18:50:31Z,8.0,90.0,9.0,1.1
2023-04-30T19:00:35Z,8.0,89.0,9.0,0.8
2023-04-30T19:10:38Z,8.0,90.0,9.0,0.6
2023-04-30T19:20:42Z,8.0,90.0,9.0,0.6
2023-04-30T19:30:45Z,8.0,90.0,9.0,0.6
2023-04-30T19:40:49Z,7.5,90.0,9.0,0.6
2023-04-30T19:50:52Z,7.5,90.0,9.0,0.6
2023-04-30T20:00:56Z,7.5,90.0,9.0,0.6
2023-04-30T20:07:39Z,7.5,90.0,9.0,0.6
2023-04-30T20:17:43Z,7.5,90.0,9.0,0.6
2023-04-30T20:27:46Z,7.5,90.0,9.0,0.6
2023-04-30T20:37:50Z,7.5,90.0,9.0,0.6
2023-04-30T20:47:53Z,7.0,90.0,9.0,0.6
2023-04-30T20:57:57Z,7.0,90.0,9.0,0.6
2023-04-30T21:08:00Z,7.0,90.0,9.0,0.6
2023-04-30T21:18:04Z,7.0,90.0,9.0,0.6
2023-04-30T21:28:07Z,7.0,90.0,9.0,0.6
2023-04-30T21:38:11Z,7.0,90.0,9.0,0.6
2023-04-30T21:48:14Z,7.0,90.0,9.0,0.6
2023-04-30T21:58:18Z,7.0,90.0,9.0,0.6
2023-04-30T22:08:21Z,6.5,90.0,9.0,0.6
2023-04-30T22:18:25Z,6.5,90.0,9.0,0.6
2023-04-30T22:28:28Z,6.5,90.0,9.0,0.6
2023-04-30T22:38:32Z,6.5,90.0,9.0,0.6
2023-04-30T22:48:35Z,6.5,90.0,9.0,0.6
2023-04-30T22:58:39Z,6.5,90.0,9.0,0.6
2023-04-30T23:08:42Z,6.5,90.0,9.0,0.6
2023-04-30T23:18:45Z,6.5,90.0,9.0,0.6
2023-04-30T23:28:49Z,6.5,90.0,9.0,0.6
2023-04-30T23:38:52Z,6.5,90.0,9.0,0.6
2023-04-30T23:48:56Z,6.0,90.0,9.0,0.6
2023-05-01T05:06:33Z,6.0,95.0,9.0,4.2
2023-05-01T05:18:38Z,6.0,94.0,9.0,4.2
2023-05-01T05:28:42Z,6.0,94.0,9.0,4.2
2023-05-01T05:38:45Z,6.0,93.0,9.0,4.2
2023-05-01T05:48:49Z,6.5,93.0,9.0,4.2
2023-05-01T05:58:52Z,6.5,93.0,9.0,4.2
2023-05-01T06:08:55Z,6.5,93.0,9.0,4.2
2023-05-01T06:18:59Z,6.5,93.0,9.0,4.2
2023-05-01T06:29:02Z,7.0,93.0,9.0,4.2
2023-05-01T06:39:06Z,7.0,92.0,9.1,4.2
2023-05-01T06:49:09Z,7.0,93.0,9.0,4.2
2023-05-01T06:59:13Z,7.0,93.0,9.0,4.2
2023-05-01T07:09:16Z,7.0,93.0,9.0,4.2
2023-05-01T07:19:20Z,7.5,93.0,9.0,4.2
2023-05-01T07:29:23Z,7.5,93.0,9.0,4.2
2023-05-01T07:39:27Z,8.0,93.0,9.0,4.2
2023-05-01T07:49:30Z,8.0,93.0,9.0,4.2
2023-05-01T07:59:34Z,8.5,94.0,9.0,4.2
2023-05-01T08:09:37Z,9.0,94.0,9.0,4.2
2023-05-01T08:19:41Z,9.5,94.0,9.0,4.2
2023-05-01T08:29:44Z,9.5,95.0,9.0,4.2
2023-05-01T08:39:48Z,10.0,94.0,9.0,4.2
2023-05-01T08:49:51Z,10.5,95.0,9.0,4.2
2023-05-01T08:59:55Z,11.0,95.0,9.0,4.2
2023-05-01T09:06:38Z,12.0,95.0,9.0,4.2
2023-05-01T09:16:42Z,13.0,95.0,9.0,4.2
2023-05-01T09:26:45Z,13.5,96.0,9.0,4.2
2023-05-01T09:36:49Z,14.5,97.0,9.0,4.2
2023-05-01T09:46:52Z,15.0,97.0,9.0,4.2
2023-05-01T09:56:56Z,15.5,97.0,9.0,4.2
2023-05-01T10:06:59Z,16.0,96.0,9.0,4.2
2023-05-01T10:17:03Z,16.5,97.0,9.0,4.2
2023-05-01T10:27:06Z,17.0,98.0,9.0,4.2
2023-05-01T10:37:10Z,17.5,99.0,9.0,4.2
2023-05-01T10:47:13Z,18.0,98.0,9.0,4.2
2023-05-01T10:57:17Z,17.5,98.0,9.0,4.2
2023-05-01T11:07:20Z,16.5,97.0,9.0,4.2
2023-05-01T11:17:24Z,16.0,96.0,9.0,4.2
2023-05-01T11:27:27Z,15.5,93.0,9.0,4.2
2023-05-01T11:37:31Z,15.0,92.0,9.0,4.2
2023-05-01T11:47:34Z,14.5,91.0,9.0,4.2
2023-05-01T11:57:38Z,14.0,91.0,9.0,4.2
2023-05-01T12:07:41Z,14.0,90.0,9.0,4.2
2023-05-01T12:17:45Z,13.5,90.0,9.0,4.2
2023-05-01T12:27:48Z,13.5,90.0,9.1,4.2
2023-05-01T12:37:52Z,13.0,90.0,9.1,4.2
2023-05-01T12:47:55Z,13.0,90.0,9.1,4.2
2023-05-01T12:57:59Z,13.0,90.0,9.1,4.2
2023-05-01T13:08:02Z,12.5,90.0,9.1,4.2
2023-05-01T13:18:05Z,12.5,90.0,9.1,4.2
2023-05-01T13:28:09Z,12.5,90.0,9.1,4.2
2023-05-01T13:38:12Z,12.5,90.0,9.1,4.2
2023-05-01T13:48:16Z,12.5,90.0,9.1,4.2
2023-05-01T13:58:19Z,12.5,90.0,9.1,4.2
2023-05-01T14:08:23Z,12.0,89.0,9.1,4.2
2023-05-01T14:18:26Z,12.0,89.0,9.1,4.2
2023-05-01T14:28:30Z,12.0,89.0,9.1,4.2
2023-05-01T14:38:33Z,12.0,89.0,9.1,4.2
2023-05-01T14:48:37Z,12.0,89.0,9.1,4.2
2023-05-01T14:58:40Z,12.0,89.0,9.1,4.2
2023-05-01T15:08:44Z,12.0,89.0,9.1,4.2
2023-05-01T15:18:47Z,12.0,90.0,9.1,4.2
2023-05-01T15:28:51Z,12.0,91.0,9.1,4.2
2023-05-01T15:38:54Z,12.0,92.0,9.1,4.2
2023-05-01T15:48:58Z,12.5,92.0,9.1,4.2
2023-05-01T15:59:01Z,12.5,91.0,9.1,4.2
2023-05-01T16:09:05Z,12.5,90.0,9.1,4.2
2023-05-01T16:19:08Z,12.0,90.0,9.1,4.2
2023-05-01T16:29:12Z,12.0,89.0,9.1,4.2
2023-05-01T16:39:15Z,12.0,89.0,9.1,4.2
2023-05-01T16:49:19Z,12.0,88.0,9.1,4.2
2023-05-01T16:59:22Z,12.0,87.0,9.1,4.2
2023-05-01T17:09:26Z,12.0,87.0,9.1,4.2
2023-05-01T17:19:29Z,11.5,86.0,9.1,4.2
2023-05-01T17:29:33Z,11.5,86.0,9.1,4.2
2023-05-01T17:39:36Z,11.5,87.0,9.1,4.2
2023-05-01T17:49:40Z,11.5,86.0,9.1,4.2
2023-05-01T17:59:43Z,11.5,86.0,9.1,4.2
2023-05-01T18:09:47Z,11.5,86.0,9.2,3.7
2023-05-01T18:19:50Z,11.0,86.0,9.1,3.6
2023-05-01T18:29:54Z,11.0,86.0,9.1,2.9
2023-05-01T18:39:57Z,11.0,86.0,9.2,1.8
2023-05-01T18:50:01Z,10.5,86.0,9.2,1.1
2023-05-01T19:00:04Z,10.5,86.0,9.2,0.6
2023-05-01T19:10:08Z,10.5,86.0,9.2,0.6
2023-05-01T19:20:11Z,10.5,87.0,9.2,0.6
2023-05-01T19:30:15Z,10.0,87.0,9.2,0.6
2023-05-01T19:40:18Z,10.0,87.0,9.2,0.6
2023-05-01T19:50:21Z,10.0,87.0,9.2,0.6
2023-05-01T20:00:25Z,10.0,87.0,9.2,0.6
2023-05-01T20:07:09Z,10.0,87.0,9.2,0.6
2023-05-01T20:17:12Z,10.0,87.0,9.2,0.6
2023-05-01T20:27:15Z,9.5,88.0,9.2,0.6
2023-05-01T20:37:19Z,9.5,87.0,9.2,0.6
2023-05-01T20:47:22Z,9.5,87.0,9.2,0.4
2023-05-01T20:57:26Z,9.5,87.0,9.2,0.4
2023-05-01T21:07:29Z,9.5,87.0,9.2,0.4
2023-05-01T21:17:33Z,9.0,88.0,9.2,0.4
2023-05-01T21:27:37Z,9.0,88.0,9.2,0.6
2023-05-01T21:37:40Z,9.0,88.0,9.2,0.6
2023-05-01T21:47:43Z,9.0,88.0,9.2,0.6
2023-05-01T21:57:47Z,9.0,88.0,9.2,0.6
2023-05-01T22:07:50Z,9.0,88.0,9.2,0.6
2023-05-01T22:17:54Z,9.0,88.0,9.2,0.4
2023-05-01T22:27:57Z,9.0,88.0,9.2,0.6
2023-05-01T22:38:01Z,9.0,88.0,9.2,0.6
2023-05-01T22:48:04Z,9.0,88.0,9.2,0.6
2023-05-01T22:58:08Z,9.0,88.0,9.2,0.6
2023-05-01T23:08:11Z,9.0,88.0,9.2,0.6
2023-05-01T23:18:15Z,9.0,88.0,9.2,0.6
2023-05-01T23:28:18Z,9.0,88.0,9.2,0.6
2023-05-01T23:38:22Z,8.5,88.0,9.2,0.6
2023-05-01T23:48:25Z,8.5,88.0,9.2,0.6
2023-05-01T23:58:29Z,8.5,88.0,9.2,0.6
2023-05-02T00:08:32Z,8.5,88.0,9.2,0.6
2023-05-02T00:18:36Z,8.5,88.0,9.2,0.4
2023-05-02T00:28:39Z,8.5,88.0,9.2,0.6
2023-05-02T00:38:43Z,8.5,88.0,9.2,0.6
2023-05-02T00:48:46Z,8.5,88.0,9.2,0.6
2023-05-02T00:58:50Z,8.5,88.0,9.2,0.6
2023-05-02T01:08:53Z,8.5,89.0,9.2,0.6
2023-05-02T01:18:57Z,8.5,88.0,9.2,0.4
2023-05-02T01:29:00Z,8.5,89.0,9.2,0.6
2023-05-02T01:39:04Z,8.5,89.0,9.2,0.4
2023-05-02T01:49:07Z,8.5,89.0,9.2,0.6
2023-05-02T01:59:11Z,8.5,89.0,9.2,0.6
2023-05-02T02:09:14Z,8.5,89.0,9.2,0.4
2023-05-02T02:19:18Z,8.0,89.0,9.2,0.6
2023-05-02T02:29:21Z,8.5,89.0,9.2,0.7
2023-05-02T02:39:25Z,8.0,89.0,9.2,1.0
2023-05-02T02:49:28Z,8.0,89.0,9.2,1.8
2023-05-02T02:59:32Z,8.0,89.0,9.2,2.9
2023-05-02T03:09:35Z,8.0,88.0,9.2,3.4
2023-05-02T03:19:39Z,8.0,89.0,9.2,3.4
2023-05-02T03:29:42Z,8.0,89.0,9.2,3.3
2023-05-02T03:39:45Z,8.0,89.0,9.2,4.2
2023-05-02T03:49:49Z,8.0,89.0,9.2,4.2
2023-05-02T05:43:40Z,9.0,92.0,9.2,4.2
2023-05-02T05:55:46Z,9.0,91.0,9.2,4.2
2023-05-02T06:05:49Z,9.0,90.0,9.2,4.2
2023-05-02T06:15:53Z,9.0,90.0,9.2,4.2
2023-05-02T06:25:56Z,9.0,90.0,9.3,4.2
2023-05-02T06:36:00Z,9.5,90.0,9.2,4.2
2023-05-02T06:46:03Z,9.5,91.0,9.2,4.2
2023-05-02T06:56:07Z,9.5,90.0,9.3,4.2
2023-05-02T07:06:10Z,9.5,91.0,9.3,4.2
2023-05-02T07:16:14Z,10.0,91.0,9.2,4.2
2023-05-02T07:26:17Z,10.0,91.0,9.3,4.2
2023-05-02T07:36:21Z,10.5,91.0,9.3,4.2
2023-05-02T07:46:24Z,11.0,91.0,9.3,4.2
2023-05-02T07:56:28Z,11.0,91.0,9.3,4.2
2023-05-02T08:06:31Z,11.5,92.0,9.2,4.2
2023-05-02T08:16:35Z,12.0,92.0,9.3,4.2
2023-05-02T08:26:38Z,12.0,92.0,9.3,4.2
2023-05-02T08:36:41Z,12.5,93.0,9.2,4.2
2023-05-02T08:46:45Z,13.0,92.0,9.3,4.2
2023-05-02T08:56:48Z,13.5,93.0,9.3,4.2
2023-05-02T09:06:52Z,13.5,93.0,9.2,4.2
2023-05-02T09:16:56Z,13.5,92.0,9.2,4.2
2023-05-02T09:26:59Z,13.5,92.0,9.2,4.2
2023-05-02T09:37:02Z,13.5,91.0,9.2,4.2
2023-05-02T09:43:46Z,13.5,90.0,9.2,4.2
2023-05-02T09:53:50Z,13.5,90.0,9.2,4.2
2023-05-02T10:03:53Z,13.5,91.0,9.2,4.2
2023-05-02T10:13:57Z,13.5,90.0,9.2,4.2
2023-05-02T10:24:00Z,13.5,91.0,9.2,4.2
2023-05-02T10:34:04Z,13.5,91.0,9.2,4.2
2023-05-02T10:44:07Z,13.5,91.0,9.2,4.2
2023-05-02T10:54:11Z,13.5,90.0,9.2,4.2
2023-05-02T11:04:14Z,13.0,90.0,9.2,4.2
2023-05-02T11:14:18Z,13.0,90.0,9.2,4.2
2023-05-02T11:24:21Z,13.0,90.0,9.2,4.2
2023-05-02T11:34:25Z,12.5,89.0,9.2,4.2
2023-05-02T11:44:28Z,12.5,89.0,9.2,4.2
2023-05-02T11:54:32Z,12.5,89.0,9.2,4.2
2023-05-02T12:04:35Z,12.0,89.0,9.2,4.2
2023-05-02T12:14:39Z,12.0,89.0,9.2,4.2
2023-05-02T12:24:42Z,12.0,89.0,9.3,4.2
2023-05-02T12:34:46Z,12.0,89.0,9.3,4.2
2023-05-02T12:44:49Z,12.0,89.0,9.3,4.2
2023-05-02T12:54:53Z,12.0,89.0,9.3,4.2
2023-05-02T13:04:56Z,12.0,89.0,9.3,4.2
2023-05-02T13:15:00Z,11.5,89.0,9.3,4.2
2023-05-02T13:25:03Z,11.5,89.0,9.3,4.2
2023-05-02T13:35:07Z,11.5,89.0,9.3,4.2
2023-05-02T13:45:10Z,11.5,89.0,9.3,4.2
2023-05-02T13:55:14Z,11.5,89.0,9.3,4.2
2023-05-02T14:05:17Z,11.5,89.0,9.3,4.2
2023-05-02T14:15:21Z,11.5,89.0,9.3,4.2
2023-05-02T14:25:24Z,11.5,89.0,9.3,4.2
2023-05-02T14:35:28Z,11.0,89.0,9.3,4.2
2023-05-02T14:45:31Z,11.0,89.0,9.3,4.2
2023-05-02T14:55:34Z,11.0,89.0,9.3,4.2
2023-05-02T15:05:38Z,11.0,89.0,9.3,4.2
2023-05-02T15:15:41Z,11.0,89.0,9.3,4.2
2023-05-02T15:25:45Z,11.0,90.0,9.3,4.2
2023-05-02T15:35:48Z,11.0,91.0,9.3,4.2
2023-05-02T15:45:52Z,11.0,91.0,9.3,4.2
2023-05-02T15:55:55Z,11.5,91.0,9.3,4.2
2023-05-02T16:05:59Z,11.0,90.0,9.3,4.2
2023-05-02T16:16:02Z,11.0,89.0,9.3,4.2
2023-05-02T16:26:06Z,11.0,89.0,9.3,4.2
2023-05-02T16:36:09Z,11.0,89.0,9.3,4.2
2023-05-02T16:46:13Z,10.5,88.0,9.3,4.2
2023-05-02T16:56:16Z,10.5,88.0,9.3,4.2
2023-05-02T17:06:20Z,10.5,88.0,9.3,4.2
2023-05-02T17:16:23Z,10.0,87.0,9.3,4.2
2023-05-02T17:26:27Z,10.0,88.0,9.3,4.2
2023-05-02T17:36:30Z,10.0,88.0,9.3,4.2
2023-05-02T17:46:34Z,10.0,88.0,9.3,4.2
2023-05-02T17:56:37Z,10.0,88.0,9.3,4.2
2023-05-02T18:06:41Z,9.5,88.0,9.3,4.2
2023-05-02T18:16:44Z,9.5,88.0,9.3,3.4
2023-05-02T18:26:48Z,9.5,88.0,9.3,3.5
2023-05-02T18:36:51Z,9.5,88.0,9.3,3.2
2023-05-02T18:46:55Z,9.0,88.0,9.3,2.2
2023-05-02T18:56:58Z,9.0,88.0,9.3,1.2
2023-05-02T19:07:02Z,9.0,88.0,9.3,0.8
2023-05-02T19:17:05Z,9.0,89.0,9.4,0.6
2023-05-02T19:27:09Z,8.5,89.0,9.4,0.6
2023-05-02T19:37:12Z,8.5,89.0,9.4,0.6
2023-05-02T19:47:16Z,8.5,89.0,9.4,0.6
2023-05-02T19:57:19Z,8.5,89.0,9.4,0.6
2023-05-02T20:07:23Z,8.0,89.0,9.4,0.4
2023-05-03T04:55:03Z,6.5,94.0,9.4,4.2
2023-05-03T05:07:08Z,6.5,93.0,9.4,4.2
2023-05-03T05:17:12Z,6.5,93.0,9.4,4.2
2023-05-03T05:27:15Z,6.5,92.0,9.4,4.2
2023-05-03T05:37:19Z,7.0,92.0,9.4,4.2
2023-05-03T05:47:22Z,7.0,92.0,9.4,4.2
2023-05-03T05:57:26Z,7.0,92.0,9.4,4.2
2023-05-03T06:07:29Z,7.0,92.0,9.4,4.2
2023-05-03T06:17:33Z,7.0,92.0,9.4,4.2
2023-05-03T06:27:36Z,7.5,92.0,9.4,4.2
2023-05-03T06:37:40Z,7.5,92.0,9.4,4.2
2023-05-03T06:47:43Z,7.5,92.0,9.4,4.2
2023-05-03T06:57:47Z,7.5,92.0,9.4,4.2
2023-05-03T07:07:50Z,8.0,92.0,9.4,4.2
2023-05-03T07:17:54Z,8.0,92.0,9.4,4.2
2023-05-03T07:27:57Z,8.0,92.0,9.4,4.2
2023-05-03T07:38:01Z,8.5,92.0,9.4,4.2
2023-05-03T07:48:04Z,8.5,92.0,9.4,4.2
2023-05-03T07:58:08Z,9.0,92.0,9.4,4.2
2023-05-03T08:08:11Z,9.5,93.0,9.4,4.2
2023-05-03T08:18:15Z,10.0,92.0,9.4,4.2
2023-05-03T08:28:18Z,10.0,93.0,9.4,4.2
2023-05-03T08:38:22Z,10.5,93.0,9.4,4.2
2023-05-03T08:45:05Z,11.0,93.0,9.4,4.2
2023-05-03T08:55:09Z,11.5,93.0,9.4,4.2
2023-05-03T09:05:12Z,12.0,94.0,9.4,4.2
2023-05-03T09:15:16Z,13.0,94.0,9.4,4.2
2023-05-03T09:25:19Z,14.0,94.0,9.4,4.2
2023-05-03T09:35:23Z,15.0,95.0,9.4,4.2
2023-05-03T09:45:26Z,15.5,95.0,9.4,4.2
2023-05-03T09:55:30Z,16.5,95.0,9.4,4.2
2023-05-03T10:05:33Z,17.0,97.0,9.4,4.2
2023-05-03T10:15:37Z,17.5,98.0,9.4,4.2
2023-05-03T10:55:51Z,18.0,98.0,9.4,4.2
2023-05-03T11:05:54Z,17.5,97.0,9.4,4.2
2023-05-03T11:15:57Z,16.5,96.0,9.4,4.2
2023-05-03T11:26:01Z,16.0,94.0,9.4,4.2
2023-05-03T11:36:04Z,15.5,93.0,9.4,4.2
2023-05-03T11:46:08Z,15.0,92.0,9.4,4.2
2023-05-03T11:56:11Z,14.5,92.0,9.4,4.2
2023-05-03T12:06:15Z,14.5,91.0,9.4,4.2
2023-05-03T12:16:18Z,14.0,91.0,9.4,4.2
2023-05-03T12:26:22Z,13.5,91.0,9.5,4.2
2023-05-03T12:36:25Z,13.5,91.0,9.5,4.2
2023-05-03T12:46:29Z,13.5,91.0,9.5,4.2
2023-05-03T12:56:32Z,13.0,91.0,9.5,4.2
2023-05-03T13:06:36Z,13.0,91.0,9.5,4.2
2023-05-03T13:16:39Z,13.0,91.0,9.5,4.2
2023-05-03T13:26:43Z,12.5,90.0,9.5,4.2
2023-05-03T13:36:46Z,12.5,90.0,9.5,4.2
2023-05-03T13:46:50Z,12.5,90.0,9.5,4.2
2023-05-03T13:56:53Z,12.5,90.0,9.5,4.2
2023-05-03T14:06:57Z,12.0,90.0,9.5,4.2
2023-05-03T14:17:00Z,12.0,90.0,9.5,4.2
2023-05-03T14:27:04Z,12.0,90.0,9.5,4.2
2023-05-03T14:37:07Z,12.0,90.0,9.5,4.2
2023-05-03T14:47:11Z,12.0,89.0,9.5,4.2
2023-05-03T14:57:14Z,12.0,89.0,9.5,4.2
2023-05-03T15:07:18Z,12.0,89.0,9.5,4.2
2023-05-03T15:17:21Z,12.0,90.0,9.5,4.2
2023-05-03T15:27:25Z,12.0,91.0,9.5,4.2
2023-05-03T15:37:28Z,12.0,91.0,9.5,4.2
2023-05-03T15:47:32Z,12.0,90.0,9.5,4.2
2023-05-03T15:57:35Z,12.0,90.0,9.5,4.2
2023-05-03T16:07:39Z,11.5,90.0,9.5,4.2
2023-05-03T16:17:42Z,11.5,89.0,9.5,4.2
2023-05-03T16:27:46Z,11.5,89.0,9.5,4.2
2023-05-03T16:37:49Z,11.5,89.0,9.5,4.2
2023-05-03T16:47:53Z,11.5,89.0,9.5,4.2
2023-05-03T16:57:56Z,11.0,89.0,9.5,4.2
2023-05-03T17:08:00Z,11.0,89.0,9.5,4.2
2023-05-03T17:18:03Z,11.0,88.0,9.5,4.2
2023-05-03T17:28:07Z,11.0,88.0,9.5,4.2
2023-05-03T17:38:10Z,11.0,88.0,9.5,4.2
2023-05-03T17:48:14Z,10.5,88.0,9.5,4.2
2023-05-03T17:58:17Z,10.5,88.0,9.5,4.2
2023-05-03T18:08:20Z,10.5,88.0,9.5,4.2
2023-05-03T18:18:24Z,10.5,88.0,9.5,4.0
2023-05-03T18:28:27Z,10.0,88.0,9.5,3.5
2023-05-03T18:38:31Z,10.0,88.0,9.5,3.4
2023-05-03T18:48:34Z,10.0,88.0,9.5,2.2
2023-05-03T18:58:38Z,9.5,88.0,9.5,1.3
2023-05-03T19:08:41Z,9.5,88.0,9.5,0.8
2023-05-03T19:18:45Z,9.5,89.0,9.5,0.6
2023-05-03T19:28:48Z,9.5,88.0,9.5,0.6
2023-05-03T19:38:52Z,9.0,88.0,9.5,0.6
2023-05-03T19:45:35Z,9.0,89.0,9.5,0.6
2023-05-03T19:55:39Z,9.0,89.0,9.5,0.6
2023-05-03T20:05:42Z,9.0,89.0,9.5,0.6
2023-05-03T20:15:46Z,9.0,89.0,9.5,0.6
2023-05-03T20:25:49Z,8.5,89.0,9.5,0.6
2023-05-03T20:35:53Z,8.5,89.0,9.5,0.4
2023-05-03T20:45:56Z,8.5,89.0,9.6,0.6
2023-05-03T20:56:00Z,8.5,89.0,9.6,0.6
2023-05-03T21:06:03Z,8.5,89.0,9.6,0.6
2023-05-03T21:16:07Z,8.5,89.0,9.6,0.6
2023-05-03T21:26:10Z,8.0,89.0,9.6,0.6
2023-05-03T21:36:14Z,8.0,89.0,9.6,0.6
2023-05-03T21:46:17Z,8.0,89.0,9.6,0.6
2023-05-03T21:56:21Z,8.0,89.0,9.6,0.6
2023-05-03T22:06:24Z,8.0,89.0,9.6,0.6
2023-05-03T22:16:28Z,7.5,89.0,9.6,0.6
2023-05-03T22:26:31Z,7.5,89.0,9.6,0.6
2023-05-03T22:36:35Z,7.5,89.0,9.6,0.6
2023-05-03T22:56:42Z,7.5,89.0,9.6,0.6
2023-05-03T23:06:45Z,7.0,89.0,9.6,0.6
2023-05-03T23:16:49Z,7.0,89.0,9.6,0.6
2023-05-03T23:26:52Z,7.0,89.0,9.6,0.6
2023-05-03T23:36:56Z,7.0,90.0,9.6,0.6
2023-05-03T23:46:59Z,7.0,89.0,9.6,0.4
2023-05-03T23:57:03Z,7.0,90.0,9.6,0.6
2023-05-04T00:07:06Z,7.0,90.0,9.6,0.6
2023-05-04T00:17:10Z,6.5,89.0,9.6,0.6
2023-05-04T00:27:13Z,6.5,90.0,9.6,0.4
2023-05-04T00:37:17Z,6.5,90.0,9.6,0.6
2023-05-04T00:47:20Z,6.5,89.0,9.6,0.6
2023-05-04T00:57:24Z,6.5,90.0,9.6,0.6
2023-05-04T01:07:27Z,6.5,90.0,9.6,0.6
2023-05-04T01:17:31Z,6.5,90.0,9.6,0.6
2023-05-04T01:27:34Z,6.0,90.0,9.6,0.6
2023-05-04T01:37:38Z,6.0,89.0,9.6,0.4
2023-05-04T01:47:41Z,6.0,90.0,9.6,0.6
2023-05-04T01:57:45Z,6.0,90.0,9.6,0.6
2023-05-04T02:07:48Z,6.0,90.0,9.6,0.6
2023-05-04T02:17:52Z,6.0,89.0,9.6,0.7
2023-05-04T04:52:40Z,6.3,92.0,9.6,4.2
2023-05-04T05:04:45Z,6.1,92.0,9.6,4.2
2023-05-04T05:14:49Z,6.3,91.0,9.6,4.2
2023-05-04T05:24:52Z,6.4,91.0,9.6,4.2
2023-05-04T05:34:56Z,6.5,91.0,9.6,4.2
2023-05-04T05:44:59Z,6.6,91.0,9.6,4.2
2023-05-04T05:55:03Z,6.8,91.0,9.6,4.2
2023-05-04T06:05:06Z,7.0,91.0,9.6,4.2
2023-05-04T06:15:10Z,7.1,91.0,9.6,4.2
2023-05-04T06:25:13Z,7.3,91.0,9.6,4.2
2023-05-04T06:35:17Z,7.4,91.0,9.6,4.2
2023-05-04T06:45:20Z,7.6,91.0,9.6,4.2
2023-05-04T06:55:24Z,7.7,91.0,9.6,4.2
2023-05-04T07:05:27Z,7.8,92.0,9.6,4.2
2023-05-04T07:15:31Z,8.0,91.0,9.6,4.2
2023-05-04T07:25:34Z,8.2,92.0,9.6,4.2
2023-05-04T07:35:38Z,8.5,91.0,9.6,4.2
2023-05-04T07:45:41Z,8.8,91.0,9.6,4.2
2023-05-04T07:55:45Z,9.0,92.0,9.6,4.2
2023-05-04T08:05:48Z,9.5,93.0,9.6,4.2
2023-05-04T08:15:52Z,10.1,93.0,9.6,4.2
2023-05-04T08:25:55Z,10.2,93.0,9.6,4.2
2023-05-04T08:35:59Z,10.6,93.0,9.6,4.2
2023-05-04T08:42:42Z,11.1,93.0,9.6,4.2
2023-05-04T08:52:46Z,11.7,93.0,9.6,4.2
2023-05-04T09:02:49Z,11.9,93.0,9.6,4.2
2023-05-04T09:12:53Z,12.8,94.0,9.6,4.2
2023-05-04T09:22:56Z,13.6,94.0,9.6,4.2
2023-05-04T09:33:00Z,14.3,94.0,9.6,4.2
2023-05-04T09:43:03Z,15.2,95.0,9.6,4.2
2023-05-04T09:53:07Z,15.8,96.0,9.6,4.2
2023-05-04T10:13:14Z,16.6,97.0,9.6,4.2
2023-05-04T10:23:17Z,17.0,97.0,9.5,4.2
2023-05-04T10:33:21Z,17.1,96.0,9.6,4.2
2023-05-04T10:43:24Z,17.3,96.0,9.5,4.2
2023-05-04T10:53:28Z,17.1,96.0,9.5,4.2
2023-05-04T11:03:31Z,16.5,95.0,9.5,4.2
2023-05-04T11:13:35Z,15.9,95.0,9.5,4.2
2023-05-04T11:23:38Z,15.4,94.0,9.6,4.2
2023-05-04T11:33:42Z,14.9,93.0,9.6,4.2
2023-05-04T11:43:45Z,14.5,93.0,9.6,4.2
2023-05-04T11:53:49Z,14.1,92.0,9.6,4.2
2023-05-04T12:03:52Z,13.9,92.0,9.6,4.2
2023-05-04T12:13:56Z,13.7,92.0,9.6,4.2
2023-05-04T12:23:59Z,13.5,92.0,9.6,4.2
2023-05-04T12:34:03Z,13.4,92.0,9.6,4.2
2023-05-04T12:44:06Z,13.3,92.0,9.6,4.2
2023-05-04T12:54:10Z,13.3,92.0,9.6,4.2
2023-05-04T13:04:13Z,13.1,92.0,9.6,4.2
2023-05-04T13:14:16Z,13.0,92.0,9.6,4.2
2023-05-04T13:24:20Z,12.9,92.0,9.6,4.2
2023-05-04T13:34:24Z,12.7,91.0,9.6,4.2
2023-05-04T13:44:27Z,12.6,91.0,9.6,4.2
2023-05-04T13:54:30Z,12.6,91.0,9.6,4.2
2023-05-04T14:04:34Z,12.5,91.0,9.6,4.2
2023-05-04T14:14:37Z,12.4,91.0,9.6,4.2
2023-05-04T14:24:41Z,12.3,91.0,9.6,4.2
2023-05-04T14:34:44Z,12.3,91.0,9.6,4.2
2023-05-04T14:44:48Z,12.2,90.0,9.6,4.2
2023-05-04T14:54:51Z,12.2,91.0,9.6,4.2
2023-05-04T15:04:55Z,12.1,91.0,9.6,4.2
2023-05-04T15:14:58Z,12.0,91.0,9.6,4.2
2023-05-04T15:25:02Z,11.9,90.0,9.7,4.2
2023-05-04T15:35:05Z,11.8,90.0,9.6,4.2
2023-05-04T15:45:09Z,11.8,90.0,9.7,4.2
2023-05-04T15:55:12Z,11.6,90.0,9.6,4.2
2023-05-04T16:05:16Z,11.6,90.0,9.7,4.2
2023-05-04T16:15:19Z,11.5,90.0,9.7,4.2
2023-05-04T16:25:23Z,11.4,90.0,9.7,4.2
2023-05-04T16:35:26Z,11.3,90.0,9.7,4.2
2023-05-04T16:45:30Z,11.2,90.0,9.7,4.2
2023-05-04T16:55:33Z,11.1,90.0,9.7,4.2
2023-05-04T17:05:37Z,11.0,90.0,9.7,4.2
2023-05-04T17:15:40Z,10.9,89.0,9.7,4.2
2023-05-04T17:25:44Z,10.8,90.0,9.7,4.2
2023-05-04T17:35:47Z,10.8,89.0,9.7,4.2
2023-05-04T17:45:51Z,10.6,89.0,9.7,4.2
2023-05-04T17:55:54Z,10.5,89.0,9.7,4.2
2023-05-04T18:05:58Z,10.3,89.0,9.7,4.2
2023-05-04T18:16:01Z,10.3,90.0,9.7,3.5
2023-05-04T18:26:05Z,10.1,89.0,9.7,3.5
2023-05-04T18:36:08Z,10.1,89.0,9.7,3.6
2023-05-04T18:46:12Z,10.0,89.0,9.7,2.6
2023-05-04T18:56:15Z,9.9,89.0,9.7,1.6
2023-05-04T19:06:19Z,9.8,89.0,9.7,0.9
2023-05-04T19:16:22Z,9.7,89.0,9.7,0.5
2023-05-04T19:26:26Z,9.7,89.0,9.7,0.6
2023-05-04T19:36:29Z,9.6,89.0,9.7,0.4
2023-05-04T19:43:13Z,9.5,89.0,9.7,0.4
2023-05-04T19:53:16Z,9.4,90.0,9.7,0.6
2023-05-04T20:03:20Z,9.4,90.0,9.7,0.6
2023-05-04T20:13:23Z,9.4,89.0,9.7,0.6
2023-05-04T20:23:27Z,9.3,90.0,9.7,0.6
2023-05-04T20:33:30Z,9.3,90.0,9.7,0.6
2023-05-04T20:43:33Z,9.3,90.0,9.7,0.6
2023-05-04T20:53:37Z,9.2,90.0,9.7,0.6
2023-05-04T21:03:41Z,9.1,90.0,9.7,0.6
2023-05-04T21:13:44Z,9.0,90.0,9.7,0.6
2023-05-04T21:23:47Z,9.0,90.0,9.7,0.6
2023-05-04T21:33:51Z,9.0,90.0,9.7,0.6
2023-05-04T21:43:54Z,8.9,90.0,9.7,0.6
2023-05-04T21:53:58Z,8.8,90.0,9.7,0.6
2023-05-04T22:04:01Z,8.8,90.0,9.7,0.6
2023-05-04T22:14:05Z,8.7,90.0,9.7,0.6
2023-05-04T22:24:08Z,8.7,90.0,9.7,0.6
2023-05-04T22:34:12Z,8.6,90.0,9.7,0.4
2023-05-04T22:44:15Z,8.6,90.0,9.7,0.6
2023-05-04T22:54:19Z,8.5,90.0,9.7,0.6
2023-05-04T23:04:22Z,8.5,90.0,9.7,0.6
2023-05-04T23:14:26Z,8.5,90.0,9.7,0.6
2023-05-04T23:24:29Z,8.4,90.0,9.7,0.6
2023-05-04T23:34:33Z,8.4,90.0,9.7,0.6
2023-05-04T23:44:36Z,8.3,90.0,9.7,0.6
2023-05-04T23:54:40Z,8.4,90.0,9.7,0.4
2023-05-05T04:29:51Z,7.5,93.0,9.7,4.2
2023-05-05T04:41:56Z,7.5,92.0,9.7,4.2
2023-05-05T04:51:59Z,7.5,91.0,9.7,4.2
2023-05-05T05:02:03Z,7.5,91.0,9.7,4.2
2023-05-05T05:12:06Z,7.5,91.0,9.7,4.2
2023-05-05T05:22:10Z,7.5,91.0,9.7,4.2
2023-05-05T05:32:13Z,7.5,91.0,9.7,4.2
2023-05-05T05:42:17Z,7.5,90.0,9.7,4.2
2023-05-05T05:52:20Z,8.0,91.0,9.7,4.2
2023-05-05T06:02:24Z,8.0,91.0,9.7,4.2
2023-05-05T06:12:27Z,8.0,91.0,9.7,4.2
2023-05-05T06:22:31Z,8.0,91.0,9.7,4.2
2023-05-05T06:32:34Z,8.0,90.0,9.7,4.2
2023-05-05T06:42:38Z,8.0,91.0,9.7,4.2
2023-05-05T06:52:41Z,8.0,90.0,9.7,4.2
2023-05-05T07:02:45Z,8.0,91.0,9.7,4.2
2023-05-05T07:12:48Z,8.0,90.0,9.7,4.2
2023-05-05T07:22:51Z,8.0,90.0,9.7,4.2
2023-05-05T07:32:55Z,8.0,90.0,9.7,4.2
2023-05-05T07:42:59Z,8.5,90.0,9.7,4.2
2023-05-05T07:53:02Z,8.5,90.0,9.7,4.2
2023-05-05T08:03:05Z,8.5,90.0,9.7,4.2
2023-05-05T08:13:09Z,8.5,90.0,9.7,4.2
2023-05-05T08:19:53Z,8.5,90.0,9.7,4.2
2023-05-05T08:29:56Z,8.5,90.0,9.7,4.2
2023-05-05T08:40:00Z,9.0,91.0,9.7,4.2
2023-05-05T08:50:03Z,9.5,91.0,9.8,4.2
2023-05-05T09:00:07Z,10.0,92.0,9.8,4.2
2023-05-05T09:10:10Z,10.5,93.0,9.7,4.2
2023-05-05T09:20:14Z,11.0,93.0,9.7,4.2
2023-05-05T09:30:17Z,12.0,94.0,9.7,4.2
2023-05-05T09:40:21Z,13.0,94.0,9.7,4.2
2023-05-05T09:50:24Z,13.5,95.0,9.7,4.2
2023-05-05T10:00:28Z,14.0,95.0,9.7,4.2
2023-05-05T10:10:31Z,14.5,96.0,9.7,4.2
2023-05-05T10:20:35Z,14.5,96.0,9.7,4.2
2023-05-05T10:30:38Z,15.0,96.0,9.7,4.2
2023-05-05T10:40:42Z,15.5,96.0,9.7,4.2
2023-05-05T10:50:45Z,15.0,96.0,9.7,4.2
2023-05-05T11:00:49Z,14.5,95.0,9.7,4.2
2023-05-05T11:10:52Z,14.0,94.0,9.7,4.2
2023-05-05T11:20:56Z,13.0,94.0,9.7,4.2
2023-05-05T11:30:59Z,12.5,93.0,9.7,4.2
2023-05-05T11:41:03Z,12.0,92.0,9.7,4.2
2023-05-05T11:51:06Z,12.0,92.0,9.7,4.2
2023-05-05T12:01:10Z,11.5,91.0,9.7,4.2
2023-05-05T12:11:13Z,11.0,91.0,9.8,4.2
2023-05-05T12:21:17Z,11.0,91.0,9.8,4.2
2023-05-05T12:31:20Z,11.0,91.0,9.8,4.2
2023-05-05T12:41:24Z,10.5,91.0,9.8,4.2
2023-05-05T12:51:27Z,10.5,91.0,9.8,4.2
2023-05-05T13:01:31Z,10.5,90.0,9.8,4.2
2023-05-05T13:11:34Z,10.0,91.0,9.8,4.2
2023-05-05T13:21:38Z,10.0,90.0,9.8,4.2
2023-05-05T13:31:41Z,10.0,90.0,9.8,4.2
2023-05-05T13:41:45Z,9.5,90.0,9.8,4.2
2023-05-05T13:51:48Z,9.5,90.0,9.8,4.2
2023-05-05T14:01:52Z,9.5,90.0,9.8,4.2
2023-05-05T14:11:55Z,9.5,90.0,9.8,4.2
2023-05-05T14:21:59Z,9.5,90.0,9.8,4.2
2023-05-05T14:32:02Z,9.5,90.0,9.8,4.2
2023-05-05T14:42:06Z,9.5,90.0,9.8,4.2
2023-05-05T14:52:09Z,9.0,90.0,9.8,4.2
2023-05-05T15:02:12Z,9.0,90.0,9.8,4.2
2023-05-05T15:12:16Z,9.0,90.0,9.8,4.2
2023-05-05T15:22:19Z,9.0,90.0,9.8,4.2
2023-05-05T15:32:23Z,9.0,90.0,9.8,4.2
2023-05-05T15:42:26Z,9.0,90.0,9.8,4.2
2023-05-05T15:52:30Z,9.0,90.0,9.8,4.2
2023-05-05T16:02:33Z,9.0,90.0,9.8,4.2
2023-05-05T16:12:37Z,9.0,90.0,9.8,4.2
2023-05-05T16:22:40Z,9.0,90.0,9.8,4.2
2023-05-05T16:32:44Z,9.0,90.0,9.8,4.2
2023-05-05T16:42:47Z,8.5,91.0,9.8,4.2
2023-05-05T16:52:51Z,8.5,90.0,9.8,4.2
2023-05-05T17:02:54Z,8.5,90.0,9.8,4.2
2023-05-05T17:12:58Z,8.5,90.0,9.8,4.2
2023-05-05T17:23:01Z,8.5,90.0,9.8,4.2
2023-05-05T17:33:05Z,8.5,90.0,9.8,4.2
2023-05-05T17:43:08Z,8.0,90.0,9.8,4.2
2023-05-05T17:53:12Z,8.0,90.0,9.8,4.2
2023-05-05T18:03:15Z,8.0,90.0,9.8,4.2
2023-05-05T18:13:19Z,8.0,90.0,9.8,4.2
2023-05-05T18:23:22Z,8.0,90.0,9.8,3.5
2023-05-05T18:33:26Z,8.0,90.0,9.8,3.4
2023-05-05T18:43:29Z,7.5,90.0,9.8,2.5
2023-05-05T18:53:33Z,7.5,90.0,9.8,1.5
2023-05-05T19:03:36Z,7.5,90.0,9.8,0.8
2023-05-05T19:13:40Z,7.5,90.0,9.8,0.7
2023-05-05T19:20:23Z,7.5,90.0,9.8,0.6
2023-05-05T19:30:27Z,7.5,90.0,9.8,0.4
2023-05-05T19:40:30Z,7.5,90.0,9.8,0.6
2023-05-05T19:50:34Z,7.5,90.0,9.8,0.6
2023-05-05T20:00:37Z,7.5,89.0,9.8,0.6
2023-05-05T20:10:41Z,7.5,90.0,9.8,0.6
2023-05-05T20:20:44Z,7.0,89.0,9.8,0.6
2023-05-05T20:30:48Z,7.0,90.0,9.9,0.6
2023-05-05T20:40:51Z,7.0,90.0,9.9,0.6
2023-05-05T20:50:55Z,7.0,90.0,9.8,0.4
2023-05-05T21:00:58Z,7.0,90.0,9.9,0.6
2023-05-05T21:11:02Z,7.0,90.0,9.9,0.4
2023-05-05T21:21:05Z,7.0,90.0,9.9,0.4
2023-05-05T21:31:09Z,7.0,89.0,9.8,0.6
2023-05-05T21:41:12Z,6.5,89.0,9.9,0.6
2023-05-05T21:51:16Z,6.5,90.0,9.8,0.6
2023-05-05T22:01:19Z,6.5,90.0,9.9,0.6
2023-05-05T22:11:23Z,6.5,90.0,9.8,0.6
2023-05-05T22:21:26Z,6.5,90.0,9.9,0.6
2023-05-05T22:31:30Z,6.5,90.0,9.9,0.6
2023-05-05T22:41:33Z,6.5,90.0,9.9,0.6
2023-05-05T22:51:37Z,6.5,90.0,9.9,0.6
2023-05-05T23:01:40Z,6.5,90.0,9.9,0.6
2023-05-05T23:11:43Z,6.5,90.0,9.9,0.6
2023-05-05T23:21:47Z,6.5,90.0,9.9,0.6
2023-05-05T23:31:50Z,6.5,90.0,9.9,0.6
2023-05-05T23:41:54Z,6.0,90.0,9.9,0.6
2023-05-05T23:51:57Z,6.0,90.0,9.9,0.6
2023-05-06T06:24:57Z,7.0,94.0,9.9,4.2
2023-05-06T06:35:54Z,7.0,93.0,9.9,4.2
2023-05-06T06:45:58Z,7.0,92.0,9.9,4.2
2023-05-06T06:56:01Z,7.0,92.0,9.9,4.2
2023-05-06T07:06:05Z,7.0,92.0,9.9,4.2
2023-05-06T07:16:08Z,7.5,92.0,9.9,4.2
2023-05-06T07:26:12Z,7.5,92.0,9.9,4.2
2023-05-06T07:36:15Z,7.5,92.0,9.9,4.2
2023-05-06T07:46:19Z,7.5,92.0,9.9,4.2
2023-05-06T07:56:22Z,8.0,92.0,9.9,4.2
2023-05-06T08:06:26Z,8.0,92.0,9.9,4.2
2023-05-06T08:16:29Z,8.0,92.0,9.9,4.2
2023-05-06T08:26:33Z,8.0,92.0,9.9,4.2
2023-05-06T08:36:36Z,8.5,91.0,9.9,4.2
2023-05-06T08:46:40Z,8.5,92.0,9.9,4.2
2023-05-06T08:56:43Z,9.0,93.0,9.9,4.2
2023-05-06T09:06:47Z,9.0,92.0,9.9,4.2
2023-05-06T09:16:50Z,9.0,92.0,9.9,4.2
2023-05-06T09:26:54Z,9.0,92.0,9.9,4.2
2023-05-06T09:36:57Z,9.0,92.0,9.9,4.2
2023-05-06T09:47:01Z,9.0,92.0,9.9,4.2
2023-05-06T09:57:04Z,9.5,92.0,9.9,4.2
2023-05-06T10:07:08Z,9.5,92.0,9.9,4.2
2023-05-06T10:17:11Z,9.0,92.0,9.9,4.2
2023-05-06T10:27:15Z,9.0,92.0,9.9,4.2
2023-05-06T10:37:18Z,9.5,92.0,9.9,4.2
2023-05-06T10:47:22Z,9.5,92.0,9.9,4.2
2023-05-06T10:57:25Z,9.5,92.0,9.9,4.2
2023-05-06T11:07:29Z,9.5,92.0,9.9,4.2
2023-05-06T11:17:32Z,9.5,92.0,9.9,4.2
2023-05-06T11:27:36Z,9.5,92.0,9.9,4.2
2023-05-06T11:37:39Z,9.5,92.0,9.9,4.2
2023-05-06T11:47:43Z,9.5,91.0,9.9,4.2
2023-05-06T11:57:46Z,9.5,91.0,9.9,4.2
2023-05-06T12:07:50Z,9.5,92.0,9.9,4.2
2023-05-06T12:17:53Z,9.5,92.0,9.9,4.2
2023-05-06T12:27:56Z,9.5,91.0,9.9,4.2
2023-05-06T12:38:00Z,9.5,92.0,9.9,4.2
2023-05-06T12:48:03Z,9.5,92.0,9.9,4.2
2023-05-06T12:58:07Z,9.5,91.0,9.9,4.2
2023-05-06T13:08:11Z,9.5,92.0,9.9,4.2
2023-05-06T13:18:14Z,9.5,92.0,9.9,4.2
2023-05-06T13:28:17Z,9.5,92.0,9.9,4.2
2023-05-06T13:38:21Z,9.5,92.0,9.9,4.2
2023-05-06T13:48:24Z,9.5,91.0,9.9,4.2
2023-05-06T13:58:28Z,9.5,91.0,9.9,4.2
2023-05-06T14:08:31Z,9.5,91.0,9.9,4.2
2023-05-06T14:15:15Z,9.5,91.0,9.9,4.2
2023-05-06T14:25:18Z,9.5,91.0,9.9,4.2
2023-05-06T14:35:22Z,9.5,91.0,9.9,4.2
2023-05-06T14:45:25Z,9.5,91.0,9.9,4.2
2023-05-06T14:55:29Z,9.5,91.0,9.9,4.2
2023-05-06T15:05:32Z,9.5,91.0,9.9,4.2
2023-05-06T15:15:36Z,9.5,90.0,9.9,4.2
2023-05-06T15:25:39Z,9.5,90.0,9.9,4.2
2023-05-06T15:35:43Z,9.5,91.0,9.9,4.2
2023-05-06T15:45:46Z,9.5,92.0,9.9,4.2
2023-05-06T15:55:50Z,9.5,92.0,9.9,4.2
2023-05-06T16:05:53Z,9.5,92.0,9.9,4.2
2023-05-06T16:15:57Z,9.5,92.0,9.9,4.2
2023-05-06T16:26:00Z,9.5,91.0,9.9,4.2
2023-05-06T16:36:04Z,9.5,91.0,9.9,4.2
2023-05-06T16:46:07Z,9.0,91.0,9.9,4.2
2023-05-06T16:56:11Z,9.0,91.0,9.9,4.2
2023-05-06T17:06:14Z,9.0,90.0,9.9,4.2
2023-05-06T17:16:18Z,9.0,90.0,9.9,4.2
2023-05-06T17:26:21Z,9.0,90.0,9.9,4.2
2023-05-06T17:36:25Z,8.5,90.0,9.9,4.2
2023-05-06T17:46:28Z,8.5,90.0,9.9,4.2
2023-05-06T17:56:32Z,8.5,90.0,9.9,4.2
2023-05-06T18:06:35Z,8.5,90.0,9.9,4.2
2023-05-06T18:16:39Z,8.5,90.0,9.9,4.2
2023-05-06T18:26:42Z,8.5,89.0,9.9,3.8
2023-05-06T18:36:46Z,8.0,90.0,9.9,3.3
2023-05-06T18:46:49Z,8.0,90.0,9.9,3.4
2023-05-06T18:56:53Z,8.0,89.0,9.9,2.0
2023-05-06T19:06:56Z,8.0,90.0,9.9,1.1
2023-05-07T04:42:27Z,6.0,93.0,9.9,4.2
2023-05-07T04:54:33Z,5.9,92.0,9.9,4.2
2023-05-07T05:14:40Z,6.1,92.0,9.9,4.2
2023-05-07T05:24:43Z,6.3,91.0,9.9,4.2
2023-05-07T05:34:47Z,6.5,92.0,9.9,4.2
2023-05-07T05:44:50Z,6.6,92.0,9.9,4.2
2023-05-07T05:54:54Z,6.7,92.0,9.9,4.2
2023-05-07T06:04:57Z,7.0,92.0,9.9,4.2
2023-05-07T06:15:00Z,7.1,92.0,9.9,4.2
2023-05-07T06:25:04Z,7.2,92.0,9.9,4.2
2023-05-07T06:35:07Z,7.3,92.0,9.9,4.2
2023-05-07T06:45:11Z,7.5,92.0,9.9,4.2
2023-05-07T06:55:14Z,7.6,92.0,9.9,4.2
2023-05-07T07:05:18Z,7.8,92.0,9.9,4.2
2023-05-07T07:15:21Z,7.9,93.0,9.9,4.2
2023-05-07T07:25:25Z,8.1,93.0,9.9,4.2
2023-05-07T07:35:28Z,8.4,93.0,9.9,4.2
2023-05-07T07:45:32Z,8.6,94.0,10.0,4.2
2023-05-07T07:55:35Z,8.8,94.0,10.0,4.2
2023-05-07T08:05:39Z,9.6,94.0,9.9,4.2
2023-05-07T08:15:42Z,10.1,94.0,9.9,4.2
2023-05-07T08:25:46Z,10.3,95.0,9.9,4.2
2023-05-07T08:35:49Z,10.5,95.0,9.9,4.2
2023-05-07T08:42:33Z,11.3,95.0,9.9,4.2
2023-05-07T08:52:37Z,11.8,95.0,9.9,4.2
2023-05-07T09:02:40Z,12.1,96.0,9.9,4.2
2023-05-07T09:12:44Z,12.9,96.0,9.9,4.2
2023-05-07T09:22:47Z,14.0,97.0,9.9,4.2
2023-05-07T09:32:51Z,15.0,98.0,9.9,4.2
2023-05-07T09:42:54Z,16.0,98.0,9.9,4.2
2023-05-07T09:52:58Z,16.7,99.0,9.9,4.2
2023-05-07T10:03:01Z,17.1,99.0,9.9,4.2
2023-05-07T11:13:26Z,17.0,98.0,9.9,4.2
2023-05-07T11:24:16Z,16.3,97.0,9.9,4.2
2023-05-07T11:26:28Z,16.3,97.0,9.9,4.2
2023-05-07T11:33:59Z,15.6,96.0,9.9,4.2
2023-05-07T11:44:02Z,15.1,95.0,10.0,4.2
2023-05-07T11:54:06Z,14.6,94.0,10.0,4.2
2023-05-07T12:04:09Z,14.3,94.0,10.0,4.2
2023-05-07T12:14:13Z,14.0,93.0,10.0,4.2
2023-05-07T12:24:16Z,13.7,93.0,10.0,4.2
2023-05-07T12:34:20Z,13.5,93.0,10.0,4.2
2023-05-07T12:44:23Z,13.2,93.0,10.0,4.2
2023-05-07T12:54:27Z,13.0,92.0,10.0,4.2
2023-05-07T13:04:30Z,12.8,92.0,10.0,4.2
2023-05-07T13:14:34Z,12.6,92.0,10.0,4.2
2023-05-07T13:24:37Z,12.5,92.0,10.0,4.2
2023-05-07T13:34:41Z,12.3,91.0,10.0,4.2
2023-05-07T13:44:44Z,12.1,91.0,10.0,4.2
2023-05-07T13:54:48Z,12.0,91.0,10.0,4.2
2023-05-07T14:04:51Z,12.0,91.0,10.0,4.2
2023-05-07T14:14:55Z,11.8,91.0,10.0,4.2
2023-05-07T14:24:58Z,11.7,90.0,10.0,4.2
2023-05-07T14:35:02Z,11.6,90.0,10.0,4.2
2023-05-07T14:45:05Z,11.5,90.0,10.0,4.2
2023-05-07T14:55:09Z,11.5,90.0,10.0,4.2
2023-05-07T15:05:12Z,11.5,90.0,10.0,4.2
2023-05-07T15:15:16Z,11.5,90.0,10.0,4.2
2023-05-07T15:35:23Z,11.5,92.0,10.0,4.2
2023-05-07T16:15:37Z,11.4,91.0,10.0,4.2
2023-05-07T16:25:40Z,11.4,91.0,10.0,4.2
2023-05-07T16:35:44Z,11.3,91.0,10.0,4.2
2023-05-07T16:55:51Z,11.0,90.0,10.0,4.2
2023-05-07T17:15:58Z,10.8,89.0,10.0,4.2
2023-05-07T17:26:01Z,10.8,89.0,10.0,4.2
2023-05-07T17:36:05Z,10.6,89.0,10.0,4.2
2023-05-07T17:56:12Z,10.4,88.0,10.0,4.2
2023-05-07T18:06:15Z,10.3,89.0,10.0,4.2
2023-05-07T18:16:19Z,10.1,88.0,10.0,4.1
2023-05-07T18:53:13Z,9.6,88.0,10.0,2.3
2023-05-07T19:03:16Z,9.6,89.0,10.0,1.3
2023-05-07T19:13:19Z,9.4,88.0,10.0,0.8
2023-05-18T04:40:48Z,8.8,96.0,8.7,4.2
2023-05-18T04:41:07Z,8.7,96.0,8.7,4.2
2023-05-18T12:25:42Z,14.6,94.0,8.7,4.2
2023-05-18T14:47:35Z,12.9,94.0,8.8,4.2
2023-05-18T15:04:06Z,13.0,94.0,8.8,4.2
2023-05-18T15:04:30Z,13.1,95.0,8.8,4.7
2023-05-18T15:04:50Z,13.1,95.0,8.8,4.4
2023-05-18T15:05:13Z,13.0,94.0,8.8,4.2
2023-05-19T05:23:54Z,9.1,97.0,9.0,4.2
2023-05-19T05:35:59Z,9.1,96.0,9.0,4.2
2023-05-19T05:46:02Z,9.1,95.0,9.0,4.2
2023-05-19T05:56:06Z,9.3,95.0,9.0,4.2
2023-05-19T06:06:09Z,9.4,95.0,9.0,4.2
2023-05-19T06:16:13Z,9.5,95.0,9.0,4.2
2023-05-19T06:26:16Z,9.6,95.0,9.0,4.2
2023-05-19T06:36:20Z,9.8,95.0,9.0,4.2
2023-05-19T06:46:23Z,9.9,95.0,9.0,4.2
2023-05-19T06:56:27Z,10.1,94.0,9.0,4.2
2023-05-19T07:06:30Z,10.2,94.0,9.0,4.2
2023-05-19T07:16:34Z,10.3,95.0,9.0,4.2
2023-05-19T07:26:37Z,10.5,95.0,9.0,4.2
2023-05-19T07:36:41Z,10.6,94.0,9.0,4.2
2023-05-19T07:46:44Z,10.8,95.0,9.0,4.2
2023-05-19T07:56:48Z,10.9,95.0,9.0,4.2
2023-05-19T08:06:51Z,11.0,95.0,9.0,4.2
2023-05-19T08:16:55Z,11.2,95.0,9.0,4.2
2023-05-19T08:26:58Z,11.3,95.0,9.0,4.2
2023-05-19T08:37:02Z,11.3,94.0,9.0,4.2
2023-05-19T08:47:05Z,11.5,94.0,9.0,4.2
2023-05-19T08:57:09Z,11.6,94.0,9.0,4.2
2023-05-19T09:07:12Z,11.7,94.0,9.0,4.2
2023-05-19T09:17:16Z,11.7,94.0,9.0,4.2
2023-05-19T09:23:59Z,11.8,93.0,9.0,4.2
2023-05-19T09:34:03Z,11.9,94.0,9.0,4.2
2023-05-19T09:44:06Z,12.0,94.0,9.0,4.2
2023-05-19T09:54:10Z,12.1,94.0,9.0,4.2
2023-05-19T10:04:13Z,12.2,94.0,9.0,4.2
2023-05-19T10:14:16Z,12.3,94.0,9.0,4.2
2023-05-19T10:24:20Z,12.3,94.0,9.0,4.2
2023-05-19T10:34:23Z,12.3,94.0,9.0,4.2
2023-05-19T10:44:27Z,12.1,94.0,9.0,4.2
2023-05-19T10:54:30Z,12.2,94.0,9.0,4.2
2023-05-19T11:04:34Z,12.2,94.0,9.0,4.2
2023-05-19T11:14:37Z,12.1,94.0,9.0,4.2
2023-05-19T11:24:41Z,12.2,94.0,9.0,4.2
2023-05-19T11:34:44Z,12.1,94.0,9.0,4.2
2023-05-19T11:44:48Z,12.1,94.0,9.0,4.2
2023-05-20T07:03:59Z,11.3,98.0,9.1,4.2
2023-05-20T11:58:53Z,13.4,96.0,9.1,4.2
2023-05-20T12:10:58Z,13.3,95.0,9.1,4.2
2023-05-20T14:31:59Z,13.6,95.0,9.1,4.2
2023-05-20T16:34:44Z,13.6,95.0,9.1,4.2
2023-05-23T04:48:22Z,12.8,96.0,9.8,4.2
