value_temp,value_hum,value_acid,hour,day_of_year,time
0.3167339,0.16249934,5.0,0.30608535,0.9043033,2023-03-25T09:08:14Z
4.2957916,100.32496,6.6977234,0.26918447,0.9114618,2023-03-25T09:18:14Z
0.3043841,0.08139137,5.0,0.40548906,0.8867522,2023-03-25T09:28:14Z
0.30063725,0.13273278,5.0,0.37311175,0.8956218,2023-03-25T09:38:14Z
0.2655373,0.14378592,5.0,0.3731951,0.8763046,2023-03-25T09:48:14Z
0.2629515,0.17975901,5.0,0.34532553,0.8867464,2023-03-25T09:58:14Z
0.32563522,0.1393204,5.0,0.36385608,0.90082467,2023-03-25T10:08:14Z
0.29588124,0.11599679,5.0,0.40520066,0.89583886,2023-03-25T10:18:14Z
0.3216264,0.12665881,5.0,0.37994346,0.8839091,2023-03-25T10:28:14Z
0.28705436,0.10459121,5.0,0.42421794,0.8907755,2023-03-25T10:38:14Z
0.2707791,0.20234784,5.0,0.29078788,0.90322566,2023-03-25T10:48:14Z
0.3101457,0.10681275,5.0,0.37047616,0.8890297,2023-03-25T10:58:14Z
0.23303734,0.14291766,5.0,0.31848904,0.8820329,2023-03-25T11:08:14Z
0.27568626,0.16075863,5.0,0.36374345,0.8792707,2023-03-25T11:18:14Z
0.27872995,0.105512165,5.0,0.38357076,0.89245385,2023-03-25T11:28:14Z
0.30758947,0.14603168,5.0,0.33498678,0.89794403,2023-03-25T11:38:14Z
0.29849204,0.11940627,5.0,0.3976869,0.89229935,2023-03-25T11:48:14Z
0.2903455,0.113924675,5.0,0.3569032,0.89788896,2023-03-25T11:58:14Z
0.29923442,0.12780963,5.0,0.35914758,0.8917095,2023-03-25T12:08:14Z
0.2743951,0.17868598,5.0,0.33009115,0.8904307,2023-03-25T12:18:14Z
0.32988244,0.17314708,5.0,0.29623047,0.908067,2023-03-25T12:28:14Z
0.2318209,0.19755168,5.0,0.22264072,0.9067271,2023-03-25T12:38:14Z
0.268398,0.16987194,5.0,0.31037918,0.89879537,2023-03-25T12:48:14Z
1.6833276,112.12336,6.913908,0.45177126,0.8877559,2023-03-25T12:58:14Z
0.2786286,0.20160803,5.0,0.2713739,0.8968524,2023-03-25T13:08:14Z
0.2872836,0.11868369,5.0,0.37473047,0.89152503,2023-03-25T13:18:14Z
0.25864103,0.21932371,5.0,0.20001048,0.9092448,2023-03-25T13:28:14Z
6.750548,109.596504,7.648629,0.3290611,0.8880374,2023-03-25T13:38:14Z
0.2897854,0.2345011,5.0,0.23998296,0.9061286,2023-03-25T13:48:14Z
0.31088436,0.11362308,5.0,0.33184144,0.9006523,2023-03-25T13:58:14Z
0.29383656,0.18911745,5.0,0.3010699,0.8994566,2023-03-25T14:08:14Z
0.31621602,0.21237835,5.0,0.30252847,0.88838744,2023-03-25T14:18:14Z
0.3304812,0.12699902,5.0,0.3984492,0.8966737,2023-03-25T14:28:14Z
0.27920792,0.08819828,5.0,0.39134058,0.89911777,2023-03-25T14:38:14Z
0.27503288,0.13580723,5.0,0.3194711,0.8937942,2023-03-25T14:48:14Z
0.28049976,0.18562841,5.0,0.35772783,0.88820356,2023-03-25T14:58:14Z
0.27188635,0.15208651,5.0,0.3604965,0.8874921,2023-03-25T15:08:14Z
0.2829471,0.089178436,5.0,0.40110624,0.8933047,2023-03-25T15:18:14Z
0.2519996,0.18741049,5.0,0.3737479,0.88840693,2023-03-25T15:28:14Z
0.2927929,0.13120472,5.0,0.3447112,0.8940755,2023-03-25T15:38:14Z
8.200657,107.523605,5.7914386,0.29029617,0.8935688,2023-03-25T15:48:14Z
5.7312884,110.439445,6.43885,0.3268131,0.8981593,2023-03-25T15:58:14Z
0.21441329,0.15488827,5.0,0.31724462,0.90170693,2023-03-25T16:08:14Z
0.30100778,0.15148921,5.0,0.33632922,0.8999143,2023-03-25T16:18:14Z
0.29057044,0.2287186,5.0,0.2677767,0.9060323,2023-03-25T16:28:14Z
0.30028406,0.15317017,5.0,0.36083117,0.9021954,2023-03-25T16:38:14Z
0.31395373,0.10329585,5.0,0.4256743,0.89171445,2023-03-25T16:48:14Z
0.3058208,0.12358936,5.0,0.4028103,0.8903462,2023-03-25T16:58:14Z
0.21053547,0.17319325,5.0,0.25248268,0.90110546,2023-03-25T17:08:14Z
0.3001945,0.08824057,5.0,0.43187037,0.8817562,2023-03-25T17:18:14Z
0.2904673,0.15491101,5.0,0.3000222,0.8989984,2023-03-25T17:28:14Z
0.19154477,0.23650555,5.0,0.1829769,0.9026512,2023-03-25T17:38:14Z
0.22568509,0.19245614,5.0,0.32490486,0.89090633,2023-03-25T17:48:14Z
0.23833436,0.15866938,5.0,0.32420787,0.8923745,2023-03-25T17:58:14Z
9.612863,119.022766,5.7902246,0.26580432,0.899161,2023-03-25T18:08:14Z
0.29341516,0.16178538,5.0,0.29734614,0.89742255,2023-03-25T18:18:14Z
0.32857057,0.15007336,5.0,0.34145412,0.90811336,2023-03-25T18:28:14Z
0.29843652,0.12474903,5.0,0.36087698,0.88675797,2023-03-25T18:38:14Z
0.27119535,0.08238015,5.0,0.40585506,0.89781654,2023-03-25T18:48:14Z
0.30241594,0.13194911,5.0,0.37544024,0.89533097,2023-03-25T18:58:14Z
0.27381277,0.20511334,5.0,0.24796852,0.8999492,2023-03-25T19:08:14Z
0.29913825,0.122071594,5.0,0.3975925,0.895698,2023-03-25T19:18:14Z
0.29505002,0.12211414,5.0,0.36906946,0.88381374,2023-03-25T19:28:14Z
0.30032846,0.13785198,5.0,0.34621513,0.8916315,2023-03-25T19:38:14Z
0.18589222,0.20518887,5.0,0.16229834,0.8989025,2023-03-25T19:48:14Z
0.2998102,0.1790938,5.0,0.29693753,0.8989207,2023-03-25T19:58:14Z
0.27157882,0.17714223,5.0,0.34414038,0.87687874,2023-03-25T20:08:14Z
0.29039487,0.21618491,5.0,0.26545066,0.8949367,2023-03-25T20:18:14Z
0.24970697,0.1785479,5.0,0.29513782,0.88978535,2023-03-25T20:28:14Z
0.25004038,0.17676745,5.0,0.28561968,0.90122193,2023-03-25T20:38:14Z
0.29131806,0.16824889,5.0,0.3868976,0.88691133,2023-03-25T20:48:14Z
0.26254067,0.17643246,5.0,0.28637636,0.8949274,2023-03-25T20:58:14Z
0.26955068,0.14887457,5.0,0.34824806,0.8849788,2023-03-25T21:08:14Z
0.30550468,0.11184276,5.0,0.37335947,0.8932808,2023-03-25T21:18:14Z
0.308752,0.15491402,5.0,0.35373476,0.8942784,2023-03-25T21:28:14Z
0.26795724,0.19571699,5.0,0.3277489,0.89440477,2023-03-25T21:38:14Z
0.28402892,0.12515223,5.0,0.35818514,0.89265454,2023-03-25T21:48:14Z
0.30378112,0.13116279,5.0,0.37243485,0.8916461,2023-03-25T21:58:14Z
0.27290246,0.12869875,5.0,0.37096974,0.8989881,2023-03-25T22:08:14Z
0.2893527,0.096972175,5.0,0.37280828,0.88206774,2023-03-25T22:18:14Z
0.2878518,0.14459091,5.0,0.32675138,0.9015534,2023-03-25T22:28:14Z
0.31609717,0.13048033,5.0,0.34343228,0.8925638,2023-03-25T22:38:14Z
0.2935401,0.1525672,5.0,0.3907094,0.89639866,2023-03-25T22:48:14Z
0.304319,0.25064036,5.0,0.27422023,0.8955303,2023-03-25T22:58:14Z
0.26371413,0.15179965,5.0,0.33433637,0.8995789,2023-03-25T23:08:14Z
0.28410205,0.17877094,5.0,0.32900566,0.9002248,2023-03-25T23:18:14Z
0.28536093,0.106692925,5.0,0.3923713,0.89030164,2023-03-25T23:28:14Z
0.2680189,0.18321158,5.0,0.31077725,0.8952839,2023-03-25T23:38:14Z
0.26834488,0.13593481,5.0,0.38816482,0.8889295,2023-03-25T23:48:14Z
0.31557056,0.14652897,5.0,0.35526454,0.9017943,2023-03-25T23:58:14Z
0.2950216,0.14887393,5.0,0.3920898,0.8955214,2023-03-26T00:08:14Z
0.2190519,0.24955872,5.0,0.20423451,0.8995643,2023-03-26T00:18:14Z
0.30086896,0.11984323,5.0,0.34737992,0.8982737,2023-03-26T00:28:14Z
0.27964962,0.14889409,5.0,0.37258172,0.87350297,2023-03-26T00:38:14Z
0.28266174,0.119333446,5.0,0.3644188,0.89713794,2023-03-26T00:48:14Z
0.28580773,0.16777013,5.0,0.32083663,0.8678339,2023-03-26T00:58:14Z
0.2529807,0.15140301,5.0,0.33621433,0.88503087,2023-03-26T01:08:14Z
0.25886148,0.19294696,5.0,0.33048958,0.8817572,2023-03-26T01:18:14Z
0.29962197,0.1405635,5.0,0.30051726,0.90348417,2023-03-26T01:28:14Z
0.31923667,0.08573097,5.0,0.4241263,0.89722633,2023-03-26T01:38:14Z
0.28328103,0.15410894,5.0,0.39140007,0.8929754,2023-03-26T01:48:14Z
0.29822448,0.12360858,5.0,0.3756385,0.89610064,2023-03-26T01:58:14Z
0.26266345,0.14084743,5.0,0.33892018,0.89480466,2023-03-26T02:08:14Z
0.30209398,0.12072493,5.0,0.33675802,0.90175694,2023-03-26T02:18:14Z
0.2543033,0.2001653,5.0,0.29751727,0.8931555,2023-03-26T02:28:14Z
0.30671594,0.13846497,5.0,0.33845916,0.9001505,2023-03-26T02:38:14Z
0.2513542,0.14187676,5.0,0.34606302,0.88694304,2023-03-26T02:48:14Z
0.2633282,0.22896215,5.0,0.25946736,0.89388233,2023-03-26T02:58:14Z
6.8014326,118.51187,6.8825784,0.25337368,0.8947156,2023-03-26T03:08:14Z
0.2923601,0.102963045,5.0,0.35876843,0.89672714,2023-03-26T03:18:14Z
11.323179,116.719185,6.0856795,0.25862408,0.907039,2023-03-26T03:28:14Z
5.907002,106.48796,9.38275,0.37677032,0.8869584,2023-03-26T03:38:14Z
5.9764743,111.873825,6.550563,0.39305457,0.88481796,2023-03-26T03:48:14Z
0.31556502,0.11232148,5.0,0.37663314,0.891582,2023-03-26T03:58:14Z
0.2126507,0.22301117,5.0,0.19626184,0.9119102,2023-03-26T04:08:14Z
0.27681717,0.1346564,5.0,0.37788522,0.8909643,2023-03-26T04:18:14Z
0.27564317,0.0955972,5.0,0.37010363,0.90321004,2023-03-26T04:28:14Z
6.8231235,103.85183,5.173797,0.28708526,0.90031004,2023-03-26T04:38:14Z
0.2664028,0.1669963,5.0,0.32987988,0.892634,2023-03-26T04:48:14Z
0.31061,0.2077398,5.0,0.31384143,0.89276147,2023-03-26T04:58:14Z
0.30435118,0.12465168,5.0,0.39117727,0.8888,2023-03-26T05:08:14Z
0.26188552,0.16856478,5.0,0.2933104,0.9036656,2023-03-26T05:18:14Z
0.31137648,0.1231455,5.0,0.37610975,0.89596444,2023-03-26T05:28:14Z
0.3414254,0.17353356,5.0,0.34321705,0.9121834,2023-03-26T05:38:14Z
0.24786347,0.17027867,5.0,0.34079897,0.88205653,2023-03-26T05:48:14Z
0.29851666,0.1280572,5.0,0.34516954,0.876288,2023-03-26T05:58:14Z
0.3112575,0.13973588,5.0,0.36739454,0.9011234,2023-03-26T06:08:14Z
0.27589804,0.13982047,5.0,0.3897355,0.89885867,2023-03-26T06:18:14Z
0.29446867,0.10552845,5.0,0.459344,0.89883924,2023-03-26T06:28:14Z
6.5593476,104.330315,6.913207,0.3155037,0.89530647,2023-03-26T06:38:14Z
0.30492043,0.17340615,5.0,0.27846423,0.9108432,2023-03-26T06:48:14Z
0.26503292,0.18739697,5.0,0.33937213,0.89075416,2023-03-26T06:58:14Z
0.26032054,0.15797263,5.0,0.32477888,0.8946174,2023-03-26T07:08:14Z
0.3022196,0.09897622,5.0,0.43799847,0.87215334,2023-03-26T07:18:14Z
0.25880656,0.18480612,5.0,0.32766974,0.89936525,2023-03-26T07:28:14Z
0.2817796,0.11688119,5.0,0.36966878,0.88862276,2023-03-26T07:38:14Z
0.27078515,0.18088426,5.0,0.28900483,0.89362276,2023-03-26T07:48:14Z
0.29116613,0.10793805,5.0,0.3771662,0.89745224,2023-03-26T07:58:14Z
0.27824283,0.16518126,5.0,0.33027366,0.88818026,2023-03-26T08:08:14Z
0.34950626,0.1684883,5.0,0.35785455,0.89980656,2023-03-26T08:18:14Z
0.33704755,0.2011827,5.0,0.33085302,0.89848655,2023-03-26T08:28:14Z
0.25253633,0.1628876,5.0,0.29884234,0.88919765,2023-03-26T08:38:14Z
0.28228098,0.17379667,5.0,0.32108745,0.902371,2023-03-26T08:48:14Z
0.25642964,0.22844878,5.0,0.30897155,0.897391,2023-03-26T08:58:14Z
5.186454,112.68273,6.715252,0.4108344,0.88324225,2023-03-26T09:08:14Z
0.25646287,0.22190526,5.0,0.23636506,0.9042957,2023-03-26T09:18:14Z
0.37900645,0.18536623,5.0,0.2921331,0.8986355,2023-03-26T09:28:14Z
5.4990845,107.48129,6.1152763,0.26245746,0.90342504,2023-03-26T09:38:14Z
0.32254985,0.09471256,5.0,0.43796846,0.89451313,2023-03-26T09:48:14Z
0.2952957,0.1532907,5.0,0.3464188,0.90037704,2023-03-26T09:58:14Z
0.30110112,0.15308698,5.0,0.33181182,0.89983386,2023-03-26T10:08:14Z
0.28296307,0.12204667,5.0,0.35893524,0.8930687,2023-03-26T10:18:14Z
0.23849945,0.16299964,5.0,0.29102215,0.89444405,2023-03-26T10:28:14Z
0.29162312,0.14603688,5.0,0.33800045,0.89643955,2023-03-26T10:38:14Z
0.34046054,0.18732412,5.0,0.33504915,0.9001103,2023-03-26T10:48:14Z
0.26397926,0.19411772,5.0,0.31270662,0.871931,2023-03-26T10:58:14Z
0.24951406,0.18048342,5.0,0.34985766,0.8837355,2023-03-26T11:08:14Z
0.3048323,0.116934106,5.0,0.36262244,0.89639974,2023-03-26T11:18:14Z
0.2434304,0.13181265,5.0,0.32073358,0.89117616,2023-03-26T11:28:14Z
-1.446807,104.1138,7.794085,0.32382715,0.9045018,2023-03-26T11:38:14Z
0.32170618,0.10639135,5.0,0.44178975,0.89264697,2023-03-26T11:48:14Z
0.24056412,0.19232726,5.0,0.28877115,0.8879411,2023-03-26T11:58:14Z
0.32053348,0.15133366,5.0,0.35826674,0.8878278,2023-03-26T12:08:14Z
0.29064995,0.13873503,5.0,0.3590284,0.89991075,2023-03-26T12:18:14Z
0.26103887,0.20133676,5.0,0.2662315,0.89978683,2023-03-26T12:28:14Z
0.27305028,0.1459717,5.0,0.3283237,0.88806057,2023-03-26T12:38:14Z
0.27347228,0.16721673,5.0,0.33606255,0.8846135,2023-03-26T12:48:14Z
0.30271834,0.15281963,5.0,0.36635035,0.88275176,2023-03-26T12:58:14Z
0.2912644,0.18908845,5.0,0.25935686,0.9013989,2023-03-26T13:08:14Z
0.24789989,0.15043907,5.0,0.3278775,0.89298403,2023-03-26T13:18:14Z
0.32184094,0.10500823,5.0,0.44890428,0.8883343,2023-03-26T13:28:14Z
0.32613754,0.10175439,5.0,0.4645147,0.90019,2023-03-26T13:38:14Z
0.30889466,0.13293742,5.0,0.36413643,0.9002008,2023-03-26T13:48:14Z
3.951043,107.25385,6.800906,0.402244,0.88434786,2023-03-26T13:58:14Z
0.29371232,0.16687122,5.0,0.33056092,0.8931296,2023-03-26T14:08:14Z
3.4240856,116.48851,5.767505,0.2913458,0.8950952,2023-03-26T14:18:14Z
0.24747166,0.15708739,5.0,0.27398357,0.9021901,2023-03-26T14:28:14Z
0.30202344,0.08702263,5.0,0.4334155,0.8866031,2023-03-26T14:38:14Z
0.23901416,0.20298778,5.0,0.3002907,0.88075805,2023-03-26T14:48:14Z
0.2795565,0.19119829,5.0,0.3322821,0.90482056,2023-03-26T14:58:14Z
0.18891008,0.29014775,5.0,0.17341721,0.8853616,2023-03-26T15:08:14Z
8.71839,116.15245,7.083107,0.42429516,0.89851475,2023-03-26T15:18:14Z
0.25910944,0.2013289,5.0,0.27091095,0.8973222,2023-03-26T15:28:14Z
0.32674098,0.08293865,5.0,0.44717824,0.89252216,2023-03-26T15:38:14Z
0.27661267,0.18290654,5.0,0.324091,0.89320755,2023-03-26T15:48:14Z
0.33535784,0.16404174,5.0,0.34297773,0.8987069,2023-03-26T15:58:14Z
0.31973618,0.11913984,5.0,0.3828254,0.89250374,2023-03-26T16:08:14Z
0.3289482,0.15551314,5.0,0.32338816,0.9062636,2023-03-26T16:18:14Z
0.25578427,0.24631181,5.0,0.19450702,0.91444623,2023-03-26T16:28:14Z
0.31577995,0.17006925,5.0,0.34121308,0.88538545,2023-03-26T16:38:14Z
0.30405405,0.13714081,5.0,0.36554724,0.879405,2023-03-26T16:48:14Z
0.264707,0.10649326,5.0,0.34210774,0.8904625,2023-03-26T16:58:14Z
0.2691765,0.14828435,5.0,0.3482134,0.89898074,2023-03-26T17:08:14Z
0.27767038,0.1532939,5.0,0.37107056,0.89429224,2023-03-26T17:18:14Z
0.26144713,0.17659116,5.0,0.34793612,0.87558854,2023-03-26T17:28:14Z
0.25300166,0.15314287,5.0,0.36092207,0.88502204,2023-03-26T17:38:14Z
0.27795917,0.18804237,5.0,0.29019532,0.9010167,2023-03-26T17:48:14Z
0.21272947,0.25827995,5.0,0.21598373,0.9033272,2023-03-26T17:58:14Z
0.31114915,0.094982505,5.0,0.3794584,0.8937202,2023-03-26T18:08:14Z
0.31417432,0.09494841,5.0,0.4031996,0.901508,2023-03-26T18:18:14Z
0.2504227,0.196125,5.0,0.25445232,0.8905825,2023-03-26T18:28:14Z
0.2815602,0.1471631,5.0,0.360887,0.8789139,2023-03-26T18:38:14Z
0.30676448,0.11047358,5.0,0.36369333,0.89606893,2023-03-26T18:48:14Z
6.3118873,108.995415,6.745893,0.24418738,0.89903516,2023-03-26T18:58:14Z
0.30525336,0.13322502,5.0,0.36571577,0.8989552,2023-03-26T19:08:14Z
0.21693046,0.1544407,5.0,0.29273993,0.89702886,2023-03-26T19:18:14Z
0.26740307,0.17887686,5.0,0.3365348,0.90178037,2023-03-26T19:28:14Z
0.27396923,0.17474602,5.0,0.36255747,0.8938761,2023-03-26T19:38:14Z
0.3066696,0.10144762,5.0,0.39935967,0.8853185,2023-03-26T19:48:14Z
0.31314754,0.20045488,5.0,0.32055894,0.8955929,2023-03-26T19:58:14Z
-0.96218866,108.84566,8.805372,0.32469144,0.89086574,2023-03-26T20:08:14Z
0.31025022,0.10943757,5.0,0.4034309,0.89476407,2023-03-26T20:18:14Z
0.28003126,0.10437611,5.0,0.41710243,0.88279706,2023-03-26T20:28:14Z
0.31221908,0.13907257,5.0,0.3753206,0.88504684,2023-03-26T20:38:14Z
0.29193467,0.1302604,5.0,0.35371986,0.88503253,2023-03-26T20:48:14Z
0.29526964,0.102899164,5.0,0.4267751,0.8923054,2023-03-26T20:58:14Z
0.30388317,0.16901103,5.0,0.3258759,0.9009012,2023-03-26T21:08:14Z
0.29535496,0.102697015,5.0,0.38863173,0.8954193,2023-03-26T21:18:14Z
0.32883406,0.14428614,5.0,0.36725554,0.90177166,2023-03-26T21:28:14Z
0.28549355,0.095082924,5.0,0.37683794,0.88813066,2023-03-26T21:38:14Z
1.8867322,115.078606,8.28278,0.31018496,0.89378166,2023-03-26T21:48:14Z
0.2531725,0.16581292,5.0,0.34551787,0.8838056,2023-03-26T21:58:14Z
0.88099986,100.942444,7.5560327,0.34744924,0.8895373,2023-03-26T22:08:14Z
0.30348653,0.17665257,5.0,0.35398757,0.8962898,2023-03-26T22:18:14Z
0.30915707,0.16105625,5.0,0.34996703,0.89390755,2023-03-26T22:28:14Z
0.30337918,0.15517841,5.0,0.35525736,0.88855344,2023-03-26T22:38:14Z
0.32587582,0.17716125,5.0,0.33210906,0.89706916,2023-03-26T22:48:14Z
0.31901252,0.118628584,5.0,0.37971535,0.9025228,2023-03-26T22:58:14Z
0.31978413,0.13011208,5.0,0.44041422,0.8884821,2023-03-26T23:08:14Z
0.3189787,0.13800308,5.0,0.37007806,0.8923933,2023-03-26T23:18:14Z
0.25126514,0.1639985,5.0,0.35141227,0.876103,2023-03-26T23:28:14Z
0.3011972,0.16454107,5.0,0.32421955,0.9056867,2023-03-26T23:38:14Z
0.23581551,0.17559744,5.0,0.2638967,0.90581745,2023-03-26T23:48:14Z
0.23199345,0.20469306,5.0,0.17561617,0.9049468,2023-03-26T23:58:14Z
0.25984567,0.13174278,5.0,0.36540297,0.8942811,2023-03-27T00:08:14Z
0.26442894,0.1712192,5.0,0.300523,0.88514984,2023-03-27T00:18:14Z
0.34660137,0.17508516,5.0,0.34555,0.90090144,2023-03-27T00:28:14Z
0.27446136,0.16720045,5.0,0.30384713,0.9056471,2023-03-27T00:38:14Z
0.21058905,0.23484483,5.0,0.18965289,0.91613567,2023-03-27T00:48:14Z
0.3071475,0.18666437,5.0,0.37355867,0.8895366,2023-03-27T00:58:14Z
0.27883717,0.09448892,5.0,0.37107494,0.90378445,2023-03-27T01:08:14Z
0.31430534,0.14667499,5.0,0.4038132,0.8930112,2023-03-27T01:18:14Z
0.33297917,0.19615945,5.0,0.30947053,0.8962931,2023-03-27T01:28:14Z
0.32475537,0.12645504,5.0,0.36620575,0.89312065,2023-03-27T01:38:14Z
0.23957792,0.1567132,5.0,0.30141926,0.90091217,2023-03-27T01:48:14Z
0.3142461,0.1277644,5.0,0.39937556,0.9001227,2023-03-27T01:58:14Z
4.1896906,101.95879,8.721715,0.28642613,0.90276873,2023-03-27T02:08:14Z
0.22125158,0.21941797,5.0,0.19644307,0.89306784,2023-03-27T02:18:14Z
0.32082716,0.15190238,5.0,0.3622492,0.8996859,2023-03-27T02:28:14Z
0.2860562,0.18527985,5.0,0.3171254,0.8943014,2023-03-27T02:38:14Z
0.25318426,0.20037846,5.0,0.341444,0.8628481,2023-03-27T02:48:14Z
0.2852243,0.15399058,5.0,0.3442741,0.8967796,2023-03-27T02:58:14Z
0.3272399,0.099523276,5.0,0.39538845,0.8887806,2023-03-27T03:08:14Z
0.32648754,0.10957405,5.0,0.41053534,0.8768025,2023-03-27T03:18:14Z
0.33479348,0.191114,5.0,0.31527135,0.90279186,2023-03-27T03:28:14Z
0.26668316,0.14577834,5.0,0.3275375,0.8917789,2023-03-27T03:38:14Z
0.27991083,0.18584988,5.0,0.24780719,0.9040563,2023-03-27T03:48:14Z
0.25496477,0.2080922,5.0,0.26604345,0.9106196,2023-03-27T03:58:14Z
0.34689218,0.21555814,5.0,0.2566332,0.91971195,2023-03-27T04:08:14Z
0.29161096,0.14596549,5.0,0.32918167,0.8779145,2023-03-27T04:18:14Z
0.2759918,0.12794855,5.0,0.38287434,0.8935784,2023-03-27T04:28:14Z
0.2659703,0.16857295,5.0,0.3178433,0.8909132,2023-03-27T04:38:14Z
0.33007622,0.14270979,5.0,0.33055747,0.8977581,2023-03-27T04:48:14Z
0.32582435,0.14948551,5.0,0.36809346,0.9060884,2023-03-27T04:58:14Z
3.4835944,113.4685,7.3512983,0.34951666,0.90351266,2023-03-27T05:08:14Z
0.21454051,0.1425805,5.0,0.2363324,0.89965034,2023-03-27T05:18:14Z
0.3121429,0.1565054,5.0,0.34939966,0.90303683,2023-03-27T05:28:14Z
0.23795089,0.1685849,5.0,0.29592225,0.9037436,2023-03-27T05:38:14Z
0.30139115,0.12863302,5.0,0.39065933,0.8926051,2023-03-27T05:48:14Z
0.26449,0.14595565,5.0,0.33166382,0.89153594,2023-03-27T05:58:14Z
0.27420065,0.14403485,5.0,0.34753546,0.8890659,2023-03-27T06:08:14Z
0.2792617,0.2303898,5.0,0.2757667,0.89475954,2023-03-27T06:18:14Z
0.27253973,0.21112807,5.0,0.2846723,0.8886687,2023-03-27T06:28:14Z
0.30069235,0.16360262,5.0,0.32860816,0.89681,2023-03-27T06:38:14Z
0.2758445,0.12093775,5.0,0.32859403,0.89748573,2023-03-27T06:48:14Z
0.2508386,0.20295455,5.0,0.29422858,0.8826619,2023-03-27T06:58:14Z
0.29688138,0.23746292,5.0,0.286027,0.896704,2023-03-27T07:08:14Z
0.3350841,0.19412634,5.0,0.2933924,0.90810883,2023-03-27T07:18:14Z
0.31842363,0.11491639,5.0,0.41331318,0.8943431,2023-03-27T07:28:14Z
0.27490705,0.15076928,5.0,0.3489905,0.8913801,2023-03-27T07:38:14Z
0.23478739,0.20696385,5.0,0.24176979,0.8985379,2023-03-27T07:48:14Z
0.25654504,0.16460826,5.0,0.2922189,0.9019889,2023-03-27T07:58:14Z
0.28587142,0.18799266,5.0,0.24963339,0.9118014,2023-03-27T08:08:14Z
0.33008012,0.17624946,5.0,0.3569593,0.89686674,2023-03-27T08:18:14Z
0.27583405,0.13863304,5.0,0.36944455,0.8898523,2023-03-27T08:28:14Z
0.30848554,0.13867801,5.0,0.34339944,0.8930985,2023-03-27T08:38:14Z
0.2122432,0.1753989,5.0,0.27115798,0.8946683,2023-03-27T08:48:14Z
0.29020604,0.20263256,5.0,0.27486256,0.900204,2023-03-27T08:58:14Z
0.27922052,0.15456545,5.0,0.29241398,0.89926136,2023-03-27T09:08:14Z
0.30971146,0.11190995,5.0,0.41824093,0.88395476,2023-03-27T09:18:14Z
3.4561188,109.677284,6.14013,0.31824228,0.9007531,2023-03-27T09:28:14Z
0.3272127,0.06500773,5.0,0.46553224,0.897864,2023-03-27T09:38:14Z
0.2424926,0.22245978,5.0,0.21084018,0.9155191,2023-03-27T09:48:14Z
0.24004143,0.11565927,5.0,0.31573677,0.893506,2023-03-27T09:58:14Z
0.27793592,0.14429419,5.0,0.35998207,0.8944483,2023-03-27T10:08:14Z
0.3217306,0.13929096,5.0,0.40262756,0.89759177,2023-03-27T10:18:14Z
0.3333039,0.08422609,5.0,0.44764587,0.8941112,2023-03-27T10:28:14Z
0.32620785,0.1587407,5.0,0.36784786,0.89778805,2023-03-27T10:38:14Z
0.23275158,0.17067625,5.0,0.29660574,0.8887399,2023-03-27T10:48:14Z
0.3275163,0.10934598,5.0,0.35581934,0.9070623,2023-03-27T10:58:14Z
0.20092747,0.22320542,5.0,0.25581473,0.8890783,2023-03-27T11:08:14Z
6.488336,104.272316,7.4104805,0.36536318,0.8909587,2023-03-27T11:18:14Z
5.4102893,115.49323,7.2985177,0.3818233,0.8955072,2023-03-27T11:28:14Z
0.1889926,0.3065495,5.0,0.21135688,0.89796895,2023-03-27T11:38:14Z
0.29828233,0.11331152,5.0,0.39206707,0.9011573,2023-03-27T11:48:14Z
0.2648517,0.15144578,5.0,0.3247423,0.9005158,2023-03-27T11:58:14Z
4.609798,114.737946,6.0355725,0.27036232,0.89198524,2023-03-27T12:08:14Z
0.32997745,0.0962175,5.0,0.4416833,0.8915137,2023-03-27T12:18:14Z
0.33037424,0.19569576,5.0,0.29298127,0.911845,2023-03-27T12:28:14Z
0.31065303,0.15302081,5.0,0.35551438,0.895856,2023-03-27T12:38:14Z
0.25930032,0.11030315,5.0,0.36080346,0.8928555,2023-03-27T12:48:14Z
0.33593723,0.14982358,5.0,0.37148458,0.8959594,2023-03-27T12:58:14Z
0.35610446,0.13686633,5.0,0.36883432,0.9017943,2023-03-27T13:08:14Z
0.27219453,0.1797143,5.0,0.2994652,0.8929586,2023-03-27T13:18:14Z
0.2268212,0.18558826,5.0,0.21878496,0.8841399,2023-03-27T13:28:14Z
0.28920108,0.13033588,5.0,0.3844378,0.8975112,2023-03-27T13:38:14Z
0.25127363,0.16244553,5.0,0.30924562,0.88890946,2023-03-27T13:48:14Z
0.3477045,0.19636591,5.0,0.32438588,0.89757687,2023-03-27T13:58:14Z
0.283123,0.15126823,5.0,0.3419496,0.89349586,2023-03-27T14:08:14Z
0.2944273,0.1808226,5.0,0.32099083,0.8898193,2023-03-27T14:18:14Z
0.31178114,0.08998864,5.0,0.43211973,0.9059457,2023-03-27T14:28:14Z
0.23963383,0.16571723,5.0,0.34551272,0.89451087,2023-03-27T14:38:14Z
0.30968508,0.15693782,5.0,0.31133384,0.8972023,2023-03-27T14:48:14Z
0.24202795,0.20323,5.0,0.34269106,0.8807092,2023-03-27T14:58:14Z
0.3141017,0.2104858,5.0,0.2980378,0.9044855,2023-03-27T15:08:14Z
7.742921,106.26214,5.388813,0.31414545,0.9035594,2023-03-27T15:18:14Z
0.29644167,0.14477907,5.0,0.34948537,0.89097,2023-03-27T15:28:14Z
1.99249,117.41025,6.492024,0.19798164,0.893148,2023-03-27T15:38:14Z
0.3046039,0.12029925,5.0,0.37322667,0.8964044,2023-03-27T15:48:14Z
0.2889399,0.13404734,5.0,0.379474,0.89256084,2023-03-27T15:58:14Z
0.34238157,0.20416334,5.0,0.32289115,0.8922987,2023-03-27T16:08:14Z
0.31451106,0.10259395,5.0,0.41464725,0.89286816,2023-03-27T16:18:14Z
2.779805,118.93271,7.680418,0.31736112,0.89933044,2023-03-27T16:28:14Z
0.31999815,0.14667994,5.0,0.3693601,0.89753824,2023-03-27T16:38:14Z
0.28257713,0.1275677,5.0,0.36962125,0.89200073,2023-03-27T16:48:14Z
0.31109655,0.09410949,5.0,0.41355294,0.8975438,2023-03-27T16:58:14Z
0.33479583,0.11565893,5.0,0.39507347,0.90028787,2023-03-27T17:08:14Z
0.2632728,0.13555221,5.0,0.30037972,0.90166813,2023-03-27T17:18:14Z
0.20601259,0.15388894,5.0,0.29758015,0.8956955,2023-03-27T17:28:14Z
0.29965538,0.12102308,5.0,0.3866129,0.8944549,2023-03-27T17:38:14Z
0.3029937,0.11723448,5.0,0.323859,0.89657396,2023-03-27T17:48:14Z
0.26206243,0.20858108,5.0,0.28249925,0.8985715,2023-03-27T17:58:14Z
0.28052327,0.22890343,5.0,0.30759624,0.8868596,2023-03-27T18:08:14Z
0.32012355,0.12489894,5.0,0.3870014,0.90248483,2023-03-27T18:18:14Z
0.25492117,0.17614202,5.0,0.30272096,0.8870095,2023-03-27T18:28:14Z
0.3059341,0.10673152,5.0,0.36133176,0.9021682,2023-03-27T18:38:14Z
0.27183825,0.16943276,5.0,0.31706595,0.90868276,2023-03-27T18:48:14Z
0.32447213,0.17289537,5.0,0.3351351,0.8928534,2023-03-27T18:58:14Z
0.2959078,0.15208769,5.0,0.32647157,0.8912903,2023-03-27T19:08:14Z
1.3680599,101.70511,5.8431444,0.2516525,0.88365144,2023-03-27T19:18:14Z
0.35537437,0.14696263,5.0,0.3445431,0.90900445,2023-03-27T19:28:14Z
0.31191573,0.19514374,5.0,0.30692783,0.9026467,2023-03-27T19:38:14Z
0.30081713,0.10175413,5.0,0.38915902,0.8859745,2023-03-27T19:48:14Z
0.26809755,0.13564911,5.0,0.37281266,0.89107764,2023-03-27T19:58:14Z
0.3056762,0.11239147,5.0,0.41040406,0.8981655,2023-03-27T20:08:14Z
0.22976872,0.1791132,5.0,0.28040484,0.8968021,2023-03-27T20:18:14Z
0.3100441,0.16348615,5.0,0.3800581,0.89493835,2023-03-27T20:28:14Z
0.30080113,0.16548419,5.0,0.38237658,0.90132487,2023-03-27T20:38:14Z
0.27572122,0.16340509,5.0,0.32459533,0.892056,2023-03-27T20:48:14Z
0.286449,0.10815294,5.0,0.3685398,0.8952143,2023-03-27T20:58:14Z
0.3417206,0.19223228,5.0,0.31271526,0.90379673,2023-03-27T21:08:14Z
0.25527447,0.17109257,5.0,0.30614197,0.8988196,2023-03-27T21:18:14Z
-0.16494267,101.24967,7.821474,0.32011408,0.89360046,2023-03-27T21:28:14Z
0.27122235,0.14652361,5.0,0.35537934,0.88741636,2023-03-27T21:38:14Z
0.26551273,0.16223061,5.0,0.33982727,0.89556044,2023-03-27T21:48:14Z
0.28896764,0.14868982,5.0,0.31715104,0.8874645,2023-03-27T21:58:14Z
0.26335067,0.10151709,5.0,0.42038685,0.8821489,2023-03-27T22:08:14Z
0.28416026,0.12490233,5.0,0.35078973,0.89325553,2023-03-27T22:18:14Z
0.25659138,0.15559809,5.0,0.3423611,0.9030536,2023-03-27T22:28:14Z
0.2792623,0.16279282,5.0,0.35221,0.8744425,2023-03-27T22:38:14Z
4.6660695,115.907394,6.3236113,0.36358982,0.8862377,2023-03-27T22:48:14Z
0.2724253,0.12928256,5.0,0.32535928,0.90270257,2023-03-27T22:58:14Z
0.3080833,0.2176222,5.0,0.23715879,0.9084548,2023-03-27T23:08:14Z
0.26638976,0.19628765,5.0,0.31893536,0.89313877,2023-03-27T23:18:14Z
0.2967735,0.1972262,5.0,0.3134591,0.87935346,2023-03-27T23:28:14Z
0.30267298,0.17634876,5.0,0.27733386,0.9133449,2023-03-27T23:38:14Z
0.30914116,0.14219774,5.0,0.36972725,0.89288056,2023-03-27T23:48:14Z
0.31604394,0.10297189,5.0,0.40557808,0.89575684,2023-03-27T23:58:14Z
0.34073725,0.19196989,5.0,0.32381988,0.8906481,2023-03-28T00:08:14Z
0.34791806,0.1498007,5.0,0.38124925,0.894806,2023-03-28T00:18:14Z
0.2952199,0.10483486,5.0,0.3999481,0.88935316,2023-03-28T00:28:14Z
0.3045997,0.13026613,5.0,0.40497953,0.8953893,2023-03-28T00:38:14Z
3.1867588,109.267365,6.4826145,0.37939897,0.8995653,2023-03-28T00:48:14Z
0.3029979,0.12058818,5.0,0.39191788,0.8918355,2023-03-28T00:58:14Z
0.2614635,0.16022356,5.0,0.34859014,0.8652166,2023-03-28T01:08:14Z
0.3053802,0.11928678,5.0,0.38495108,0.8913651,2023-03-28T01:18:14Z
0.2754604,0.19922699,5.0,0.26943827,0.9076799,2023-03-28T01:28:14Z
3.3040059,107.52548,8.659147,0.4028137,0.89629537,2023-03-28T01:38:14Z
8.724826,107.033966,6.574927,0.38773504,0.8943848,2023-03-28T01:48:14Z
0.32816887,0.17350468,5.0,0.3266333,0.9060092,2023-03-28T01:58:14Z
0.28184208,0.121307865,5.0,0.37354192,0.8889872,2023-03-28T02:08:14Z
0.2527867,0.14758758,5.0,0.34091088,0.8874594,2023-03-28T02:18:14Z
0.31963876,0.11944523,5.0,0.3664259,0.90080607,2023-03-28T02:28:14Z
0.30340505,0.16226512,5.0,0.31154802,0.90861744,2023-03-28T02:38:14Z
0.28841496,0.20662867,5.0,0.267887,0.9036417,2023-03-28T02:48:14Z
0.24606003,0.15790349,5.0,0.3422133,0.88467073,2023-03-28T02:58:14Z
0.25769308,0.13955668,5.0,0.3191675,0.87512314,2023-03-28T03:08:14Z
0.32046202,0.14281693,5.0,0.34055558,0.8955398,2023-03-28T03:18:14Z
0.30588892,0.19327028,5.0,0.3004645,0.90416056,2023-03-28T03:28:14Z
3.97445,108.94442,7.544694,0.35902253,0.8985287,2023-03-28T03:38:14Z
0.2793891,0.11423863,5.0,0.40438437,0.8776497,2023-03-28T03:48:14Z
0.29005423,0.12813367,5.0,0.37374505,0.8932626,2023-03-28T03:58:14Z
0.30520847,0.12804481,5.0,0.3755376,0.8962318,2023-03-28T04:08:14Z
0.25976142,0.23472711,5.0,0.2415514,0.91173786,2023-03-28T04:18:14Z
0.27431363,0.22479255,5.0,0.26012254,0.8998683,2023-03-28T04:28:14Z
0.28034186,0.11725416,5.0,0.39370745,0.88975775,2023-03-28T04:38:14Z
0.33281717,0.10767823,5.0,0.38822687,0.9061892,2023-03-28T04:48:14Z
0.28159574,0.15135688,5.0,0.3704929,0.8865794,2023-03-28T04:58:14Z
0.29113373,0.1042802,5.0,0.35269284,0.8922603,2023-03-28T05:08:14Z
0.29127878,0.18877377,5.0,0.35413074,0.8822092,2023-03-28T05:18:14Z
0.30596188,0.11846799,5.0,0.4216845,0.8995962,2023-03-28T05:28:14Z
0.28324667,0.2194537,5.0,0.23095895,0.9049865,2023-03-28T05:38:14Z
7.3137817,115.066574,7.120941,0.337009,0.8910461,2023-03-28T05:48:14Z
0.29760998,0.15635057,5.0,0.34716532,0.8944332,2023-03-28T05:58:14Z
0.32290328,0.1190212,5.0,0.39272025,0.900979,2023-03-28T06:08:14Z
0.3050065,0.18337956,5.0,0.34285393,0.89942944,2023-03-28T06:18:14Z
0.23772445,0.20740373,5.0,0.3154397,0.8933732,2023-03-28T06:28:14Z
0.35186192,0.22337797,5.0,0.2943776,0.9014641,2023-03-28T06:38:14Z
0.33091205,0.108321585,5.0,0.41177127,0.8983626,2023-03-28T06:48:14Z
0.2996703,0.16449243,5.0,0.32475877,0.8902552,2023-03-28T06:58:14Z
0.3233653,0.11607877,5.0,0.42178777,0.89532506,2023-03-28T07:08:14Z
5.0026383,119.44241,6.8698583,0.38658035,0.89719814,2023-03-28T07:18:14Z
0.222799,0.17752613,5.0,0.20656025,0.8906986,2023-03-28T07:28:14Z
0.28867176,0.14983268,5.0,0.38280755,0.8964352,2023-03-28T07:38:14Z
0.26543614,0.1455523,5.0,0.32538834,0.8821003,2023-03-28T07:48:14Z
0.3121345,0.12688543,5.0,0.40705433,0.89183396,2023-03-28T07:58:14Z
0.2842543,0.117752805,5.0,0.36578515,0.8991989,2023-03-28T08:08:14Z
0.31161568,0.12315979,5.0,0.37162593,0.88550043,2023-03-28T08:18:14Z
0.28708425,0.11221962,5.0,0.37956223,0.88298124,2023-03-28T08:28:14Z
0.2797487,0.15204422,5.0,0.3482081,0.8938352,2023-03-28T08:38:14Z
0.34236512,0.1264572,5.0,0.38258177,0.8985612,2023-03-28T08:48:14Z
0.31877458,0.19410117,5.0,0.3330018,0.90413374,2023-03-28T08:58:14Z
0.2807232,0.14326535,5.0,0.39322364,0.8886337,2023-03-28T09:08:14Z
0.3100619,0.12370473,5.0,0.4021675,0.8887681,2023-03-28T09:18:14Z
0.2442,0.1510432,5.0,0.32950974,0.89479846,2023-03-28T09:28:14Z
0.2963098,0.14126098,5.0,0.35187653,0.89536977,2023-03-28T09:38:14Z
0.30461448,0.12623407,5.0,0.37876642,0.8816117,2023-03-28T09:48:14Z
0.32026017,0.18323049,5.0,0.3092904,0.90830433,2023-03-28T09:58:14Z
0.28192753,0.122561924,5.0,0.35438704,0.8934518,2023-03-28T10:08:14Z
0.31697115,0.115839995,5.0,0.44096544,0.8766304,2023-03-28T10:18:14Z
0.3030185,0.1398753,5.0,0.38041666,0.896455,2023-03-28T10:28:14Z
0.3016491,0.1407648,5.0,0.3536392,0.8875254,2023-03-28T10:38:14Z
2.8806157,113.74932,8.084641,0.36331314,0.87190443,2023-03-28T10:48:14Z
0.28156102,0.1165404,5.0,0.3632396,0.8981693,2023-03-28T10:58:14Z
0.32157624,0.14543588,5.0,0.35396826,0.90286493,2023-03-28T11:08:14Z
0.3150525,0.24716046,5.0,0.26936245,0.89266104,2023-03-28T11:18:14Z
0.30350226,0.1603635,5.0,0.32414675,0.88523465,2023-03-28T11:28:14Z
0.31636646,0.14131008,5.0,0.39462987,0.8892683,2023-03-28T11:38:14Z
0.32322058,0.090892285,5.0,0.45723787,0.8962896,2023-03-28T11:48:14Z
0.33361366,0.19327389,5.0,0.301109,0.8978919,2023-03-28T11:58:14Z
0.26160875,0.13134502,5.0,0.33069736,0.8961985,2023-03-28T12:08:14Z
0.2757983,0.141311,5.0,0.33665934,0.894032,2023-03-28T12:18:14Z
0.29087612,0.12782377,5.0,0.36029807,0.9006678,2023-03-28T12:28:14Z
0.25732625,0.17096193,5.0,0.29628667,0.90035963,2023-03-28T12:38:14Z
0.28124523,0.17304885,5.0,0.34011784,0.8799789,2023-03-28T12:48:14Z
0.28063917,0.12827283,5.0,0.36442372,0.8926712,2023-03-28T12:58:14Z
0.2791391,0.167831,5.0,0.318317,0.8968116,2023-03-28T13:08:14Z
0.24060985,0.124915734,5.0,0.33316302,0.8922586,2023-03-28T13:18:14Z
0.23561232,0.21481515,5.0,0.24749158,0.89394355,2023-03-28T13:28:14Z
0.2574614,0.1567855,5.0,0.32002184,0.89155114,2023-03-28T13:38:14Z
0.31609058,0.075365774,5.0,0.44989425,0.8937192,2023-03-28T13:48:14Z
0.28998977,0.1335138,5.0,0.36841828,0.89752805,2023-03-28T13:58:14Z
0.22614194,0.1735509,5.0,0.2413217,0.89594424,2023-03-28T14:08:14Z
1.4054172,114.02107,8.277914,0.39533845,0.89036745,2023-03-28T14:18:14Z
0.337458,0.07527788,5.0,0.41387528,0.89648503,2023-03-28T14:28:14Z
0.26644096,0.17207418,5.0,0.29535052,0.8910941,2023-03-28T14:38:14Z
0.29965526,0.09539803,5.0,0.36815494,0.88694435,2023-03-28T14:48:14Z
0.2542292,0.1868609,5.0,0.27889767,0.90441525,2023-03-28T14:58:14Z
0.2800321,0.1532297,5.0,0.29381102,0.90363646,2023-03-28T15:08:14Z
0.24675138,0.15901692,5.0,0.31620863,0.8946541,2023-03-28T15:18:14Z
0.24068426,0.15971647,5.0,0.25747097,0.9024661,2023-03-28T15:28:14Z
0.30581456,0.17682755,5.0,0.33922657,0.907355,2023-03-28T15:38:14Z
0.28831178,0.13018842,5.0,0.38740715,0.87345076,2023-03-28T15:48:14Z
0.2435544,0.16866411,5.0,0.27000394,0.897849,2023-03-28T15:58:14Z
0.25888652,0.15074542,5.0,0.32039312,0.88471824,2023-03-28T16:08:14Z
0.2657342,0.1325249,5.0,0.3670172,0.89213645,2023-03-28T16:18:14Z
0.28780058,0.13377625,5.0,0.3525231,0.89307564,2023-03-28T16:28:14Z
0.27143723,0.23751183,5.0,0.21710397,0.90882206,2023-03-28T16:38:14Z
0.29782316,0.123374395,5.0,0.38713393,0.8889971,2023-03-28T16:48:14Z
0.31463218,0.09452074,5.0,0.4341261,0.8916697,2023-03-28T16:58:14Z
0.30101982,0.14446782,5.0,0.3762386,0.8890689,2023-03-28T17:08:14Z
0.2559585,0.1573546,5.0,0.33865952,0.8906723,2023-03-28T17:18:14Z
0.29879373,0.16474894,5.0,0.3105005,0.8932454,2023-03-28T17:28:14Z
0.27152866,0.15698898,5.0,0.3113768,0.89511395,2023-03-28T17:38:14Z
0.2640846,0.13792071,5.0,0.33644986,0.89613855,2023-03-28T17:48:14Z
0.29616448,0.12565184,5.0,0.38111156,0.89001685,2023-03-28T17:58:14Z
0.3334283,0.18363096,5.0,0.31617913,0.90895265,2023-03-28T18:08:14Z
0.2805787,0.19135383,5.0,0.33490422,0.89935154,2023-03-28T18:18:14Z
0.31463513,0.16724971,5.0,0.3068601,0.90041184,2023-03-28T18:28:14Z
0.21004899,0.17703153,5.0,0.2848839,0.89389807,2023-03-28T18:38:14Z
8.149701,117.973724,6.034381,0.3485225,0.9005332,2023-03-28T18:48:14Z
0.36540446,0.16277984,5.0,0.39102018,0.8993847,2023-03-28T18:58:14Z
0.31466094,0.16460131,5.0,0.33618766,0.90294456,2023-03-28T19:08:14Z
5.91593,103.77688,7.019639,0.3606004,0.8922378,2023-03-28T19:18:14Z
10.908204,117.646164,7.398255,0.3529706,0.88621587,2023-03-28T19:28:14Z
0.24788417,0.2056851,5.0,0.2840803,0.89724636,2023-03-28T19:38:14Z
0.32402897,0.18260098,5.0,0.2878948,0.9031758,2023-03-28T19:48:14Z
0.25313342,0.14729463,5.0,0.33598852,0.88926244,2023-03-28T19:58:14Z
0.20541082,0.17216246,5.0,0.2837816,0.88600886,2023-03-28T20:08:14Z
4.670862,108.70978,7.3068495,0.24127436,0.9015419,2023-03-28T20:18:14Z
0.3553534,0.11290933,5.0,0.3747024,0.8975396,2023-03-28T20:28:14Z
0.99955004,112.321304,6.4812865,0.2995985,0.89779395,2023-03-28T20:38:14Z
0.26444772,0.156124,5.0,0.3214199,0.8907152,2023-03-28T20:48:14Z
0.28311852,0.12058649,5.0,0.3585839,0.89389277,2023-03-28T20:58:14Z
0.29613245,0.0909304,5.0,0.3966263,0.8866514,2023-03-28T21:08:14Z
0.28526747,0.21487612,5.0,0.19136712,0.90698934,2023-03-28T21:18:14Z
8.378388,107.647766,9.074063,0.3334746,0.8944743,2023-03-28T21:28:14Z
0.2468444,0.19715485,5.0,0.30805597,0.89358324,2023-03-28T21:38:14Z
0.25219238,0.17644021,5.0,0.2852925,0.8963219,2023-03-28T21:48:14Z
0.30874106,0.1010427,5.0,0.39658862,0.8938196,2023-03-28T21:58:14Z
0.24192761,0.14160098,5.0,0.31224412,0.8907809,2023-03-28T22:08:14Z
0.31234917,0.18676265,5.0,0.3398483,0.8986174,2023-03-28T22:18:14Z
7.4956846,103.94912,8.66367,0.37930068,0.8907415,2023-03-28T22:28:14Z
0.2503702,0.15840241,5.0,0.28986827,0.8847889,2023-03-28T22:38:14Z
0.30066442,0.16063793,5.0,0.3340884,0.8872909,2023-03-28T22:48:14Z
0.21772723,0.1787429,5.0,0.2932125,0.89266753,2023-03-28T22:58:14Z
0.25064886,0.13881348,5.0,0.36583215,0.8935057,2023-03-28T23:08:14Z
0.25059497,0.17213538,5.0,0.27185366,0.8999964,2023-03-28T23:18:14Z
0.29913178,0.17668566,5.0,0.33095363,0.8933952,2023-03-28T23:28:14Z
6.8820972,108.2245,6.886261,0.24673933,0.90245223,2023-03-28T23:38:14Z
0.29297864,0.09639722,5.0,0.41190127,0.88888973,2023-03-28T23:48:14Z
1.6783259,114.28637,6.9624104,0.37321258,0.89383155,2023-03-28T23:58:14Z
0.3014367,0.15851131,5.0,0.4053503,0.87567914,2023-03-29T00:08:14Z
0.28238466,0.13447969,5.0,0.35746512,0.8874267,2023-03-29T00:18:14Z
0.32017776,0.17402188,5.0,0.35316202,0.8952513,2023-03-29T00:28:14Z
0.27323595,0.12452631,5.0,0.3615039,0.8864462,2023-03-29T00:38:14Z
0.28690198,0.17529778,5.0,0.30228284,0.90740716,2023-03-29T00:48:14Z
12.688268,108.73091,6.934937,0.38583452,0.89797497,2023-03-29T00:58:14Z
0.16003558,0.21262856,5.0,0.18944617,0.9031473,2023-03-29T01:08:14Z
0.31848,0.1726992,5.0,0.2990907,0.90284836,2023-03-29T01:18:14Z
0.32337934,0.14835596,5.0,0.36152598,0.90153635,2023-03-29T01:28:14Z
0.24214122,0.20731355,5.0,0.25465018,0.87632674,2023-03-29T01:38:14Z
0.25380024,0.20044184,5.0,0.27045435,0.89171517,2023-03-29T01:48:14Z
0.27975094,0.11889587,5.0,0.39129815,0.8807108,2023-03-29T01:58:14Z
0.31911036,0.092967704,5.0,0.4218416,0.8927954,2023-03-29T02:08:14Z
0.33270955,0.1198303,5.0,0.3943418,0.9021057,2023-03-29T02:18:14Z
0.26163036,0.15790714,5.0,0.2926913,0.8953344,2023-03-29T02:28:14Z
0.26600188,0.17643917,5.0,0.3112783,0.8910008,2023-03-29T02:38:14Z
0.31746194,0.10815721,5.0,0.4131428,0.897305,2023-03-29T02:48:14Z
0.3026678,0.14982757,5.0,0.36970702,0.8947737,2023-03-29T02:58:14Z
0.24344748,0.20877294,5.0,0.30557236,0.8892041,2023-03-29T03:08:14Z
0.24897732,0.16215843,5.0,0.2434939,0.90191925,2023-03-29T03:18:14Z
0.2592433,0.12613156,5.0,0.3276074,0.88169193,2023-03-29T03:28:14Z
0.3007498,0.09882667,5.0,0.4245515,0.8987743,2023-03-29T03:38:14Z
0.28983828,0.13234048,5.0,0.4113872,0.89701504,2023-03-29T03:48:14Z
0.30584335,0.13624217,5.0,0.36332968,0.89120084,2023-03-29T03:58:14Z
0.32873687,0.16747798,5.0,0.3576024,0.9002005,2023-03-29T04:08:14Z
0.28222436,0.21010847,5.0,0.27438992,0.90048635,2023-03-29T04:18:14Z
0.26773015,0.16298433,5.0,0.32447878,0.8983412,2023-03-29T04:28:14Z
0.27550822,0.11964381,5.0,0.3489951,0.8989413,2023-03-29T04:38:14Z
0.28242183,0.12690791,5.0,0.35988304,0.8817173,2023-03-29T04:48:14Z
0.30327782,0.101795316,5.0,0.39078525,0.894251,2023-03-29T04:58:14Z
0.26925573,0.11626341,5.0,0.34498864,0.88829935,2023-03-29T05:08:14Z
0.20441586,0.15439808,5.0,0.29389188,0.893358,2023-03-29T05:18:14Z
0.2823059,0.13175339,5.0,0.39211047,0.89165425,2023-03-29T05:28:14Z
0.276878,0.13000901,5.0,0.3953678,0.89673096,2023-03-29T05:38:14Z
0.2802399,0.13167693,5.0,0.35436842,0.89685947,2023-03-29T05:48:14Z
0.25567493,0.14868583,5.0,0.33183122,0.8897233,2023-03-29T05:58:14Z
0.278338,0.15377732,5.0,0.3247464,0.89428407,2023-03-29T06:08:14Z
0.2560182,0.12970315,5.0,0.36521965,0.8854018,2023-03-29T06:18:14Z
0.28376594,0.11636387,5.0,0.32270855,0.8968044,2023-03-29T06:28:14Z
0.3471051,0.17988837,5.0,0.3445954,0.90042746,2023-03-29T06:38:14Z
0.31466347,0.14606151,5.0,0.36036575,0.898596,2023-03-29T06:48:14Z
0.27496174,0.15143545,5.0,0.39318144,0.8787208,2023-03-29T06:58:14Z
0.23685008,0.13330872,5.0,0.31786454,0.90182036,2023-03-29T07:08:14Z
0.23300551,0.14963652,5.0,0.30044705,0.89687175,2023-03-29T07:18:14Z
0.28460196,0.16020384,5.0,0.22830042,0.8840281,2023-03-29T07:28:14Z
0.2811635,0.14786752,5.0,0.30322552,0.8975571,2023-03-29T07:38:14Z
0.2079403,0.19852409,5.0,0.23091489,0.899151,2023-03-29T07:48:14Z
0.30764204,0.13505057,5.0,0.37955135,0.8914472,2023-03-29T07:58:14Z
0.31083378,0.19248837,5.0,0.28798777,0.9037621,2023-03-29T08:08:14Z
0.29663384,0.1437812,5.0,0.38790178,0.8982835,2023-03-29T08:18:14Z
5.815342,115.91042,4.399223,0.37062472,0.9019097,2023-03-29T08:28:14Z
0.28669506,0.10993058,5.0,0.39629218,0.9019209,2023-03-29T08:38:14Z
0.17708452,0.1727238,5.0,0.22195484,0.9097923,2023-03-29T08:48:14Z
0.2876864,0.17670378,5.0,0.2960262,0.89969724,2023-03-29T08:58:14Z
0.25049838,0.16487975,5.0,0.29130146,0.8986484,2023-03-29T09:08:14Z
0.2435988,0.21290053,5.0,0.24876739,0.90806437,2023-03-29T09:18:14Z
0.29068935,0.22608742,5.0,0.19411083,0.90785843,2023-03-29T09:28:14Z
0.30941877,0.14198524,5.0,0.3999433,0.87771213,2023-03-29T09:38:14Z
0.3080128,0.07725665,5.0,0.42502698,0.9051943,2023-03-29T09:48:14Z
0.31455022,0.13889083,5.0,0.3822404,0.88950765,2023-03-29T09:58:14Z
0.33124444,0.18717974,5.0,0.31394863,0.89435834,2023-03-29T10:08:14Z
0.2866647,0.10977387,5.0,0.40138113,0.8950385,2023-03-29T10:18:14Z
0.28578377,0.20018548,5.0,0.2762613,0.8952329,2023-03-29T10:28:14Z
0.33181733,0.15576248,5.0,0.37713066,0.884421,2023-03-29T10:38:14Z
0.28866947,0.14684626,5.0,0.40028068,0.872908,2023-03-29T10:48:14Z
0.27217895,0.13287069,5.0,0.36733702,0.88689137,2023-03-29T10:58:14Z
0.2629776,0.158186,5.0,0.3232618,0.9040444,2023-03-29T11:08:14Z
0.21641485,0.16321585,5.0,0.3086953,0.89058155,2023-03-29T11:18:14Z
0.3158175,0.12299469,5.0,0.367158,0.8950686,2023-03-29T11:28:14Z
0.29832095,0.14982408,5.0,0.36126646,0.90098447,2023-03-29T11:38:14Z
0.25996873,0.1432351,5.0,0.3945224,0.89372015,2023-03-29T11:48:14Z
0.2868245,0.1480851,5.0,0.36870578,0.8770661,2023-03-29T11:58:14Z
0.2604258,0.14079529,5.0,0.37757334,0.89333105,2023-03-29T12:08:14Z
0.1865613,0.20700799,5.0,0.16315112,0.9027544,2023-03-29T12:18:14Z
0.23303288,0.1336496,5.0,0.31935513,0.89668727,2023-03-29T12:28:14Z
0.30809528,0.15292501,5.0,0.39580953,0.87447226,2023-03-29T12:38:14Z
0.2994868,0.20200263,5.0,0.26245937,0.89908683,2023-03-29T12:48:14Z
0.22242832,0.1555431,5.0,0.30015674,0.90544236,2023-03-29T12:58:14Z
0.33032435,0.18226464,5.0,0.35001108,0.90160096,2023-03-29T13:08:14Z
0.29331788,0.13567863,5.0,0.35431767,0.88719726,2023-03-29T13:18:14Z
0.2994457,0.09975145,5.0,0.4123235,0.89376676,2023-03-29T13:28:14Z
0.31062466,0.12811705,5.0,0.34913287,0.8970288,2023-03-29T13:38:14Z
0.25676507,0.14831834,5.0,0.32421547,0.8953563,2023-03-29T13:48:14Z
0.25587213,0.1541377,5.0,0.2832321,0.8961693,2023-03-29T13:58:14Z
0.27236706,0.1446652,5.0,0.35920614,0.8760477,2023-03-29T14:08:14Z
0.26098153,0.13291396,5.0,0.3154926,0.8950694,2023-03-29T14:18:14Z
0.33376878,0.14336129,5.0,0.38718504,0.8958832,2023-03-29T14:28:14Z
0.30892518,0.22865075,5.0,0.30414534,0.9073688,2023-03-29T14:38:14Z
0.32479045,0.17932302,5.0,0.36237127,0.8704225,2023-03-29T14:48:14Z
0.32880765,0.13968594,5.0,0.39272708,0.89181286,2023-03-29T14:58:14Z
0.2962641,0.12799388,5.0,0.38198987,0.88943005,2023-03-29T15:08:14Z
0.27754802,0.11681446,5.0,0.35309854,0.8945433,2023-03-29T15:18:14Z
0.30921614,0.17398961,5.0,0.31132743,0.8969836,2023-03-29T15:28:14Z
4.129831,103.54452,6.952615,0.3471361,0.88738936,2023-03-29T15:38:14Z
0.31894284,0.10075784,5.0,0.4187172,0.8920899,2023-03-29T15:48:14Z
0.293495,0.17304686,5.0,0.35879096,0.88684696,2023-03-29T15:58:14Z
0.3065703,0.18986893,5.0,0.3285115,0.88076115,2023-03-29T16:08:14Z
0.22609411,0.18744418,5.0,0.30051422,0.89428043,2023-03-29T16:18:14Z
0.24493435,0.2275391,5.0,0.22359723,0.91258615,2023-03-29T16:28:14Z
0.26160827,0.11245058,5.0,0.3996758,0.88779193,2023-03-29T16:38:14Z
0.29470798,0.14788859,5.0,0.34135553,0.8835958,2023-03-29T16:48:14Z
0.23920852,0.1577691,5.0,0.28486162,0.9020471,2023-03-29T16:58:14Z
0.26277068,0.22338471,5.0,0.28341636,0.88865906,2023-03-29T17:08:14Z
3.6862962,118.83713,8.01452,0.40073958,0.88978887,2023-03-29T17:18:14Z
0.32325727,0.18853612,5.0,0.30193678,0.8986267,2023-03-29T17:28:14Z
0.29069656,0.09348957,5.0,0.4369554,0.8859433,2023-03-29T17:38:14Z
-0.8450244,115.70015,7.452673,0.36120158,0.8897596,2023-03-29T17:48:14Z
0.29942128,0.21689612,5.0,0.27208596,0.89753,2023-03-29T17:58:14Z
0.3110244,0.14120476,5.0,0.35246298,0.89502317,2023-03-29T18:08:14Z
0.27722755,0.18277425,5.0,0.3288625,0.8940892,2023-03-29T18:18:14Z
0.26350337,0.18709338,5.0,0.30878153,0.8930136,2023-03-29T18:28:14Z
0.32591763,0.10357125,5.0,0.39534187,0.8941392,2023-03-29T18:38:14Z
0.2804352,0.18977913,5.0,0.30457845,0.8941343,2023-03-29T18:48:14Z
0.31211972,0.2233893,5.0,0.24993075,0.90755635,2023-03-29T18:58:14Z
0.31411406,0.21715468,5.0,0.30334887,0.8964698,2023-03-29T19:08:14Z
0.30449766,0.15455388,5.0,0.32400858,0.8989645,2023-03-29T19:18:14Z
0.24192038,0.11549432,5.0,0.3851508,0.89030933,2023-03-29T19:28:14Z
0.2852256,0.15909617,5.0,0.3262962,0.88792855,2023-03-29T19:38:14Z
0.23483446,0.23413539,5.0,0.2699793,0.89267313,2023-03-29T19:48:14Z
0.30245975,0.11978775,5.0,0.39179763,0.8966135,2023-03-29T19:58:14Z
0.28046128,0.113410845,5.0,0.38881075,0.88827395,2023-03-29T20:08:14Z
0.29894033,0.17266819,5.0,0.34549502,0.9019135,2023-03-29T20:18:14Z
0.3315264,0.1583283,5.0,0.3385566,0.89903545,2023-03-29T20:28:14Z
3.5787954,116.10771,6.829665,0.28747752,0.89105767,2023-03-29T20:38:14Z
0.24281463,0.19437699,5.0,0.32949734,0.8859223,2023-03-29T20:48:14Z
0.30474478,0.09845969,5.0,0.4174246,0.8895164,2023-03-29T20:58:14Z
0.3012014,0.122917086,5.0,0.38563576,0.90035665,2023-03-29T21:08:14Z
0.25968477,0.17047775,5.0,0.28170985,0.89758724,2023-03-29T21:18:14Z
3.3499691,103.11872,5.4230127,0.32700637,0.897761,2023-03-29T21:28:14Z
0.3215748,0.08044856,5.0,0.41315418,0.9015942,2023-03-29T21:38:14Z
0.2947655,0.14041895,5.0,0.3247141,0.8900503,2023-03-29T21:48:14Z
0.29752308,0.112522945,5.0,0.37998718,0.88972205,2023-03-29T21:58:14Z
0.22741222,0.19905242,5.0,0.2483138,0.89975625,2023-03-29T22:08:14Z
0.3120473,0.118188575,5.0,0.4088353,0.8943767,2023-03-29T22:18:14Z
0.22976132,0.13532944,5.0,0.30819988,0.89415395,2023-03-29T22:28:14Z
0.2679622,0.14927725,5.0,0.30951938,0.89112175,2023-03-29T22:38:14Z
0.31553963,0.09806912,5.0,0.4035826,0.90095156,2023-03-29T22:48:14Z
6.9216385,117.8797,6.866741,0.373503,0.8781975,2023-03-29T22:58:14Z
0.25216758,0.16319558,5.0,0.2956597,0.8946812,2023-03-29T23:08:14Z
0.2634465,0.11746192,5.0,0.32188007,0.8921008,2023-03-29T23:18:14Z
0.25121102,0.15998513,5.0,0.3396095,0.8920735,2023-03-29T23:28:14Z
0.28074965,0.14312567,5.0,0.3727135,0.8964108,2023-03-29T23:38:14Z
0.28310588,0.10334885,5.0,0.40068862,0.90067905,2023-03-29T23:48:14Z
0.29540172,0.14941439,5.0,0.40495867,0.8907175,2023-03-29T23:58:14Z
0.29814386,0.14600138,5.0,0.39562318,0.89198107,2023-03-30T00:08:14Z
0.29590768,0.095902644,5.0,0.39143723,0.886509,2023-03-30T00:18:14Z
0.3223868,0.10160699,5.0,0.4085541,0.8881106,2023-03-30T00:28:14Z
0.2253292,0.13762456,5.0,0.2644786,0.8994424,2023-03-30T00:38:14Z
0.33821014,0.1612734,5.0,0.36806408,0.89604366,2023-03-30T00:48:14Z
0.32076058,0.1983911,5.0,0.30540484,0.89839923,2023-03-30T00:58:14Z
2.2687275,107.70279,7.204159,0.38626993,0.90258324,2023-03-30T01:08:14Z
0.28654268,0.26484835,5.0,0.17011827,0.9134877,2023-03-30T01:18:14Z
0.31378505,0.099167496,5.0,0.3934758,0.89614594,2023-03-30T01:28:14Z
0.3119124,0.089408696,5.0,0.44309005,0.8875159,2023-03-30T01:38:14Z
0.24803892,0.18234767,5.0,0.3018323,0.87887836,2023-03-30T01:48:14Z
0.30872354,0.08115438,5.0,0.42989558,0.89487725,2023-03-30T01:58:14Z
0.20527081,0.22537515,5.0,0.24171346,0.8963723,2023-03-30T02:08:14Z
0.3123294,0.16687033,5.0,0.32022056,0.8963194,2023-03-30T02:18:14Z
0.29141754,0.20007639,5.0,0.31048334,0.8900438,2023-03-30T02:28:14Z
0.31052488,0.12852503,5.0,0.4184184,0.8916013,2023-03-30T02:38:14Z
0.27881435,0.21379057,5.0,0.31090474,0.8856295,2023-03-30T02:48:14Z
9.45072,104.24225,6.481442,0.22830644,0.90145403,2023-03-30T02:58:14Z
0.30624664,0.0797628,5.0,0.41165686,0.890337,2023-03-30T03:08:14Z
0.2669081,0.15508567,5.0,0.3509098,0.89568603,2023-03-30T03:18:14Z
0.2952213,0.12739758,5.0,0.38054433,0.87822175,2023-03-30T03:28:14Z
0.32308146,0.12051037,5.0,0.40840977,0.89497006,2023-03-30T03:38:14Z
0.294915,0.23913707,5.0,0.23348989,0.89586747,2023-03-30T03:48:14Z
0.26353145,0.12724596,5.0,0.34342,0.89376533,2023-03-30T03:58:14Z
0.28710607,0.13937567,5.0,0.3547907,0.8914751,2023-03-30T04:08:14Z
4.7192354,117.174706,6.5017505,0.40875912,0.88226146,2023-03-30T04:18:14Z
0.27486658,0.18758188,5.0,0.3333127,0.87936074,2023-03-30T04:28:14Z
0.24933335,0.19200088,5.0,0.3104204,0.8936186,2023-03-30T04:38:14Z
0.34877864,0.21138997,5.0,0.32114205,0.8985877,2023-03-30T04:48:14Z
0.29473242,0.12352535,5.0,0.377433,0.8968033,2023-03-30T04:58:14Z
0.27579394,0.15794396,5.0,0.3346911,0.8884871,2023-03-30T05:08:14Z
0.25799754,0.18732531,5.0,0.26739517,0.9068268,2023-03-30T05:18:14Z
0.29376465,0.12928768,5.0,0.30934504,0.9031176,2023-03-30T05:28:14Z
8.419008,102.52437,7.9501085,0.39479068,0.89129466,2023-03-30T05:38:14Z
0.29611218,0.14673176,5.0,0.37387934,0.8770579,2023-03-30T05:48:14Z
0.30981594,0.11299307,5.0,0.37987015,0.9007368,2023-03-30T05:58:14Z
0.25439608,0.13133109,5.0,0.29275513,0.89317286,2023-03-30T06:08:14Z
0.27107778,0.13988823,5.0,0.34212163,0.89871854,2023-03-30T06:18:14Z
0.3167767,0.17542256,5.0,0.27892122,0.91427636,2023-03-30T06:28:14Z
0.292311,0.15469977,5.0,0.34760457,0.89734,2023-03-30T06:38:14Z
0.28651392,0.1581026,5.0,0.32130474,0.89949197,2023-03-30T06:48:14Z
0.3368976,0.20253287,5.0,0.33333886,0.8913411,2023-03-30T06:58:14Z
0.28955135,0.132538,5.0,0.34886244,0.89269763,2023-03-30T07:08:14Z
0.33871484,0.12165065,5.0,0.3841837,0.88794136,2023-03-30T07:18:14Z
0.22957635,0.16304687,5.0,0.3373004,0.90159285,2023-03-30T07:28:14Z
0.3402235,0.16000165,5.0,0.3516315,0.9031087,2023-03-30T07:38:14Z
0.29060993,0.13181157,5.0,0.36541367,0.88813925,2023-03-30T07:48:14Z
7.410485,110.36205,7.524148,0.35097012,0.893633,2023-03-30T07:58:14Z
0.24549559,0.1801625,5.0,0.3143252,0.8844902,2023-03-30T08:08:14Z
0.28462023,0.15704863,5.0,0.3798645,0.89976627,2023-03-30T08:18:14Z
0.27018172,0.13316652,5.0,0.36725304,0.89197165,2023-03-30T08:28:14Z
8.943028,109.0347,6.5609713,0.37081784,0.8934727,2023-03-30T08:38:14Z
0.23062354,0.19459386,5.0,0.2699641,0.8981867,2023-03-30T08:48:14Z
0.3275774,0.06704992,5.0,0.44175115,0.8937318,2023-03-30T08:58:14Z
0.36374348,0.21298508,5.0,0.29441214,0.8988808,2023-03-30T09:08:14Z
0.28837255,0.12458524,5.0,0.3902991,0.8737603,2023-03-30T09:18:14Z
0.29936776,0.22028841,5.0,0.32410926,0.90128493,2023-03-30T09:28:14Z
0.29407886,0.16716522,5.0,0.31852752,0.9005397,2023-03-30T09:38:14Z
0.24303496,0.14112389,5.0,0.3421899,0.8900864,2023-03-30T09:48:14Z
0.28548968,0.19015853,5.0,0.32251868,0.8836015,2023-03-30T09:58:14Z
0.23051979,0.16739202,5.0,0.3472395,0.88962245,2023-03-30T10:08:14Z
0.27019852,0.19461359,5.0,0.32976472,0.879884,2023-03-30T10:18:14Z
0.28594887,0.18818133,5.0,0.2834291,0.8971772,2023-03-30T10:28:14Z
0.31409732,0.1264117,5.0,0.41601026,0.88005567,2023-03-30T10:38:14Z
0.288287,0.14485799,5.0,0.364616,0.89227325,2023-03-30T10:48:14Z
0.3112823,0.08818609,5.0,0.41458198,0.89041376,2023-03-30T10:58:14Z
0.26151142,0.2386425,5.0,0.22400242,0.91679555,2023-03-30T11:08:14Z
0.3160962,0.11532429,5.0,0.4145419,0.8986899,2023-03-30T11:18:14Z
0.29925117,0.15129139,5.0,0.39375442,0.88417685,2023-03-30T11:28:14Z
0.32376072,0.21664132,5.0,0.26866642,0.9185242,2023-03-30T11:38:14Z
0.3204595,0.13212276,5.0,0.38958088,0.8936074,2023-03-30T11:48:14Z
0.32402998,0.11858283,5.0,0.37824368,0.8934953,2023-03-30T11:58:14Z
0.23330568,0.23589367,5.0,0.23079662,0.897754,2023-03-30T12:08:14Z
0.2967824,0.12672743,5.0,0.40161365,0.89388895,2023-03-30T12:18:14Z
0.33605316,0.21607625,5.0,0.26984188,0.90778655,2023-03-30T12:28:14Z
0.29227108,0.15089303,5.0,0.3217308,0.89109683,2023-03-30T12:38:14Z
0.32337004,0.10216675,5.0,0.42024124,0.89552027,2023-03-30T12:48:14Z
0.2800909,0.09860352,5.0,0.38035876,0.8936062,2023-03-30T12:58:14Z
0.2132616,0.18878078,5.0,0.2635092,0.8986537,2023-03-30T13:08:14Z
0.30779812,0.22146758,5.0,0.27600026,0.89933777,2023-03-30T13:18:14Z
0.26405042,0.12352982,5.0,0.36407667,0.8971081,2023-03-30T13:28:14Z
0.30668163,0.1278079,5.0,0.3460335,0.8919353,2023-03-30T13:38:14Z
0.27656865,0.126068,5.0,0.3884391,0.87391216,2023-03-30T13:48:14Z
0.26527354,0.16518852,5.0,0.3153562,0.87992424,2023-03-30T13:58:14Z
0.22862488,0.17937183,5.0,0.26653627,0.9033997,2023-03-30T14:08:14Z
0.3162323,0.15800096,5.0,0.3346851,0.896153,2023-03-30T14:18:14Z
7.7658286,114.38199,5.8345532,0.37612405,0.89880013,2023-03-30T14:28:14Z
0.24608925,0.16603638,5.0,0.31906107,0.8952815,2023-03-30T14:38:14Z
0.2820162,0.11438195,5.0,0.4208345,0.8898429,2023-03-30T14:48:14Z
0.17892167,0.29401118,5.0,0.27018687,0.88699573,2023-03-30T14:58:14Z
0.3093331,0.13425192,5.0,0.36116484,0.8879365,2023-03-30T15:08:14Z
0.23367493,0.20794559,5.0,0.29018876,0.89859873,2023-03-30T15:18:14Z
0.27242088,0.15117338,5.0,0.3241011,0.89205146,2023-03-30T15:28:14Z
0.3369825,0.179894,5.0,0.28398567,0.8917164,2023-03-30T15:38:14Z
0.33707207,0.2035194,5.0,0.24847661,0.89788395,2023-03-30T15:48:14Z
0.2849167,0.17137727,5.0,0.36776587,0.899157,2023-03-30T15:58:14Z
0.3065012,0.14454108,5.0,0.35779864,0.8924046,2023-03-30T16:08:14Z
0.36016524,0.1936544,5.0,0.31696674,0.9070076,2023-03-30T16:18:14Z
0.30913037,0.08946695,5.0,0.4096059,0.8951529,2023-03-30T16:28:14Z
0.30897686,0.1573595,5.0,0.35611466,0.8941007,2023-03-30T16:38:14Z
0.28722894,0.20076996,5.0,0.299687,0.882314,2023-03-30T16:48:14Z
0.24383754,0.18842831,5.0,0.28067732,0.8981988,2023-03-30T16:58:14Z
0.25414106,0.18895374,5.0,0.34616765,0.89205027,2023-03-30T17:08:14Z
7.7363234,119.5167,7.860486,0.32638928,0.9009186,2023-03-30T17:18:14Z
0.2991924,0.1604954,5.0,0.32609898,0.9041503,2023-03-30T17:28:14Z
3.349282,106.12745,5.49166,0.407435,0.8806092,2023-03-30T17:38:14Z
9.068723,116.235886,5.8316145,0.3921345,0.90395087,2023-03-30T17:48:14Z
0.2950906,0.14212392,5.0,0.4244233,0.879313,2023-03-30T17:58:14Z
0.31030113,0.22741057,5.0,0.27684468,0.89527506,2023-03-30T18:08:14Z
0.27475867,0.19229184,5.0,0.2855215,0.8995202,2023-03-30T18:18:14Z
0.24279013,0.18707304,5.0,0.20978343,0.89647645,2023-03-30T18:28:14Z
0.24513349,0.15219711,5.0,0.30208278,0.9046803,2023-03-30T18:38:14Z
0.30853754,0.09667198,5.0,0.39096618,0.8969758,2023-03-30T18:48:14Z
0.21549007,0.18606202,5.0,0.25441992,0.88922864,2023-03-30T18:58:14Z
0.3135019,0.1074827,5.0,0.39747798,0.9011821,2023-03-30T19:08:14Z
3.7067518,102.87012,6.1844425,0.37605885,0.8966236,2023-03-30T19:18:14Z
0.31716266,0.1648706,5.0,0.30181774,0.90631396,2023-03-30T19:28:14Z
0.29014614,0.20222783,5.0,0.2542936,0.90225714,2023-03-30T19:38:14Z
0.32360807,0.09427899,5.0,0.407877,0.8981861,2023-03-30T19:48:14Z
0.24588487,0.19767126,5.0,0.26873022,0.89915025,2023-03-30T19:58:14Z
0.29319218,0.18649504,5.0,0.34631965,0.89179367,2023-03-30T20:08:14Z
0.2981217,0.09296447,5.0,0.3921169,0.892136,2023-03-30T20:18:14Z
0.2795794,0.1376892,5.0,0.33695006,0.89679915,2023-03-30T20:28:14Z
0.24997683,0.21100323,5.0,0.27807724,0.89833814,2023-03-30T20:38:14Z
0.2553992,0.1128041,5.0,0.34009686,0.9012655,2023-03-30T20:48:14Z
0.2352759,0.18787093,5.0,0.31014094,0.887092,2023-03-30T20:58:14Z
0.2938573,0.16040164,5.0,0.32105708,0.90452385,2023-03-30T21:08:14Z
0.28855914,0.18978201,5.0,0.23241602,0.89404535,2023-03-30T21:18:14Z
0.29311094,0.12626238,5.0,0.37172186,0.89372635,2023-03-30T21:28:14Z
0.3261055,0.08680018,5.0,0.43528172,0.89185923,2023-03-30T21:38:14Z
4.3305755,117.81091,6.6360793,0.3025197,0.8883289,2023-03-30T21:48:14Z
0.2811403,0.16719541,5.0,0.2903022,0.9076718,2023-03-30T21:58:14Z
0.29865873,0.15909313,5.0,0.3276089,0.8948661,2023-03-30T22:08:14Z
0.26338252,0.21362212,5.0,0.27528784,0.89171666,2023-03-30T22:18:14Z
0.32056835,0.099351466,5.0,0.39983457,0.89606404,2023-03-30T22:28:14Z
3.5843065,101.9742,7.255755,0.34740973,0.89204633,2023-03-30T22:38:14Z
0.26466572,0.15519473,5.0,0.3236301,0.8875427,2023-03-30T22:48:14Z
0.32279274,0.19193316,5.0,0.30865565,0.8950633,2023-03-30T22:58:14Z
11.916121,105.34669,6.2052693,0.2761012,0.90446794,2023-03-30T23:08:14Z
0.2771933,0.1607364,5.0,0.3729579,0.8710872,2023-03-30T23:18:14Z
0.27034688,0.11970822,5.0,0.36527798,0.8930934,2023-03-30T23:28:14Z
0.3255549,0.13248195,5.0,0.40174466,0.8997652,2023-03-30T23:38:14Z
0.28029537,0.10582851,5.0,0.38851562,0.90804946,2023-03-30T23:48:14Z
0.31421152,0.15594973,5.0,0.37170792,0.89694786,2023-03-30T23:58:14Z
0.28791887,0.121355414,5.0,0.37426737,0.8861777,2023-03-31T00:08:14Z
4.550907,106.62659,6.7949452,0.2902172,0.89168584,2023-03-31T00:18:14Z
0.31985438,0.11721698,5.0,0.4269664,0.90152323,2023-03-31T00:28:14Z
0.31410113,0.11065831,5.0,0.38600925,0.8924435,2023-03-31T00:38:14Z
0.28760934,0.11263427,5.0,0.38245198,0.8928955,2023-03-31T00:48:14Z
0.29623514,0.1569305,5.0,0.32600483,0.9001799,2023-03-31T00:58:14Z
0.31898686,0.103017904,5.0,0.40633196,0.8833796,2023-03-31T01:08:14Z
0.21786515,0.1968101,5.0,0.2956192,0.87051266,2023-03-31T01:18:14Z
0.3367374,0.18259725,5.0,0.34252167,0.8932552,2023-03-31T01:28:14Z
0.2890685,0.12796433,5.0,0.3268272,0.90203524,2023-03-31T01:38:14Z
0.2886757,0.12427081,5.0,0.3856267,0.89282596,2023-03-31T01:48:14Z
0.26996604,0.1738275,5.0,0.31434092,0.8980448,2023-03-31T01:58:14Z
0.28091365,0.12636314,5.0,0.40915674,0.89841056,2023-03-31T02:08:14Z
0.29640207,0.18318002,5.0,0.33160594,0.895618,2023-03-31T02:18:14Z
0.27157044,0.17096289,5.0,0.31442624,0.90316814,2023-03-31T02:28:14Z
5.6745477,107.47566,7.357366,0.33515602,0.8987425,2023-03-31T02:38:14Z
0.31025153,0.18087317,5.0,0.3442887,0.88343734,2023-03-31T02:48:14Z
0.27433962,0.15680456,5.0,0.3567436,0.87229544,2023-03-31T02:58:14Z
0.31806692,0.15690029,5.0,0.3466584,0.8998133,2023-03-31T03:08:14Z
0.22974677,0.13984309,5.0,0.3423634,0.8988893,2023-03-31T03:18:14Z
7.587043,106.69161,7.0746326,0.3518492,0.8992583,2023-03-31T03:28:14Z
0.3380475,0.19706102,5.0,0.302831,0.90227205,2023-03-31T03:38:14Z
0.32332423,0.16723736,5.0,0.31509268,0.9060023,2023-03-31T03:48:14Z
1.5117896,115.979095,6.3795156,0.34058726,0.8997488,2023-03-31T03:58:14Z
0.20149755,0.15978688,5.0,0.21814556,0.9014844,2023-03-31T04:08:14Z
0.25888973,0.20668645,5.0,0.2675721,0.89733464,2023-03-31T04:18:14Z
0.31273323,0.12816471,5.0,0.36790472,0.9031436,2023-03-31T04:28:14Z
0.28790146,0.17323235,5.0,0.34821475,0.89430916,2023-03-31T04:38:14Z
0.30146015,0.13594896,5.0,0.4096013,0.8951484,2023-03-31T04:48:14Z
0.29944214,0.1759531,5.0,0.30217978,0.90434736,2023-03-31T04:58:14Z
0.24743006,0.20046651,5.0,0.26447737,0.9098966,2023-03-31T05:08:14Z
0.29135364,0.12529153,5.0,0.31253365,0.90272593,2023-03-31T05:18:14Z
0.3330338,0.20335403,5.0,0.32269225,0.8961929,2023-03-31T05:28:14Z
9.400606,105.61771,5.2660513,0.23952444,0.8958537,2023-03-31T05:38:14Z
0.27830958,0.21659158,5.0,0.22172861,0.9099072,2023-03-31T05:48:14Z
0.29361153,0.11178312,5.0,0.40954378,0.8973242,2023-03-31T05:58:14Z
0.2898399,0.10028056,5.0,0.38382304,0.8956429,2023-03-31T06:08:14Z
0.26045543,0.120794915,5.0,0.34149393,0.8958116,2023-03-31T06:18:14Z
1.6431333,101.22326,5.8351254,0.37581384,0.8939303,2023-03-31T06:28:14Z
0.28115168,0.17054252,5.0,0.31170946,0.8918032,2023-03-31T06:38:14Z
0.28995243,0.12780303,5.0,0.3564051,0.88714445,2023-03-31T06:48:14Z
0.32559398,0.15203308,5.0,0.34413794,0.8997152,2023-03-31T06:58:14Z
0.21391496,0.14946435,5.0,0.201942,0.8973133,2023-03-31T07:08:14Z
8.225845,105.64095,6.4005685,0.36664292,0.88714963,2023-03-31T07:18:14Z
0.28796846,0.1378327,5.0,0.3598652,0.8977592,2023-03-31T07:28:14Z
0.26017702,0.09841828,5.0,0.3891045,0.89752066,2023-03-31T07:38:14Z
0.30939364,0.11076224,5.0,0.39715785,0.885021,2023-03-31T07:48:14Z
0.27914596,0.13648552,5.0,0.35691974,0.8977361,2023-03-31T07:58:14Z
0.28573245,0.13636498,5.0,0.35015678,0.8961899,2023-03-31T08:08:14Z
0.27704182,0.17642018,5.0,0.24457514,0.90566915,2023-03-31T08:18:14Z
2.9063988,109.83651,7.2447777,0.39469755,0.8918314,2023-03-31T08:28:14Z
0.31097725,0.12019634,5.0,0.42631227,0.88936794,2023-03-31T08:38:14Z
0.26472428,0.14514735,5.0,0.33771992,0.88547605,2023-03-31T08:48:14Z
0.2487166,0.1718336,5.0,0.3139238,0.8816179,2023-03-31T08:58:14Z
0.2916352,0.17356566,5.0,0.35819626,0.89598495,2023-03-31T09:08:14Z
0.33042058,0.11357636,5.0,0.35825565,0.9064519,2023-03-31T09:18:14Z
0.3188127,0.09604912,5.0,0.44033536,0.8893409,2023-03-31T09:28:14Z
0.31550348,0.19807044,5.0,0.35006544,0.896328,2023-03-31T09:38:14Z
0.29716086,0.12788028,5.0,0.3629251,0.886807,2023-03-31T09:48:14Z
6.8515353,114.75334,7.666657,0.3837428,0.89164275,2023-03-31T09:58:14Z
0.25200462,0.18765637,5.0,0.305739,0.8828356,2023-03-31T10:08:14Z
0.28933802,0.13958867,5.0,0.34397247,0.88338673,2023-03-31T10:18:14Z
0.26317176,0.15730548,5.0,0.3227061,0.8885665,2023-03-31T10:28:14Z
0.25233713,0.16294208,5.0,0.36423135,0.8709681,2023-03-31T10:38:14Z
0.29000443,0.14636058,5.0,0.3480236,0.8959861,2023-03-31T10:48:14Z
0.31200948,0.16002174,5.0,0.3644566,0.8915338,2023-03-31T10:58:14Z
0.29901657,0.12151056,5.0,0.3824728,0.89196634,2023-03-31T11:08:14Z
0.29827195,0.114812344,5.0,0.40166464,0.8845406,2023-03-31T11:18:14Z
0.3281564,0.15873833,5.0,0.3363525,0.907633,2023-03-31T11:28:14Z
0.27349037,0.14394209,5.0,0.29573375,0.8916116,2023-03-31T11:38:14Z
0.25607628,0.12037036,5.0,0.33600518,0.901211,2023-03-31T11:48:14Z
0.33134148,0.16957992,5.0,0.36455953,0.900288,2023-03-31T11:58:14Z
0.21954241,0.16744636,5.0,0.30321616,0.89546394,2023-03-31T12:08:14Z
0.30454713,0.08250879,5.0,0.42407218,0.87496865,2023-03-31T12:18:14Z
0.28399056,0.16245724,5.0,0.2851711,0.89857215,2023-03-31T12:28:14Z
0.31177804,0.17456666,5.0,0.3222258,0.8944396,2023-03-31T12:38:14Z
0.31978583,0.14634539,5.0,0.3358212,0.89597785,2023-03-31T12:48:14Z
0.27088118,0.13755932,5.0,0.322958,0.8830462,2023-03-31T12:58:14Z
0.29857063,0.16721366,5.0,0.36396223,0.8974457,2023-03-31T13:08:14Z
0.29631665,0.16669469,5.0,0.3149207,0.8997245,2023-03-31T13:18:14Z
0.24748515,0.13079937,5.0,0.32514405,0.8901371,2023-03-31T13:28:14Z
0.2459711,0.15829468,5.0,0.33364466,0.89293414,2023-03-31T13:38:14Z
0.30650473,0.15069674,5.0,0.35516807,0.89715254,2023-03-31T13:48:14Z
0.24525307,0.16354415,5.0,0.30703786,0.8827237,2023-03-31T13:58:14Z
0.31465033,0.15313004,5.0,0.39616984,0.89221305,2023-03-31T14:08:14Z
0.2157516,0.17721488,5.0,0.222654,0.9146266,2023-03-31T14:18:14Z
0.31591603,0.087910645,5.0,0.4139376,0.88753885,2023-03-31T14:28:14Z
0.30156234,0.09590422,5.0,0.3701277,0.89908606,2023-03-31T14:38:14Z
0.18413365,0.2392965,5.0,0.14318746,0.9104301,2023-03-31T14:48:14Z
0.24541871,0.13894996,5.0,0.32732937,0.89538777,2023-03-31T14:58:14Z
0.26627338,0.14266811,5.0,0.29975402,0.90382093,2023-03-31T15:08:14Z
0.2588248,0.15306659,5.0,0.34612915,0.8978511,2023-03-31T15:18:14Z
0.2749502,0.17630816,5.0,0.33139518,0.8982599,2023-03-31T15:28:14Z
0.3004399,0.14019914,5.0,0.34778115,0.8873719,2023-03-31T15:38:14Z
0.28459024,0.12688665,5.0,0.39255905,0.89210004,2023-03-31T15:48:14Z
0.2858301,0.13231607,5.0,0.36989832,0.8798249,2023-03-31T15:58:14Z
6.41298,118.20771,7.309284,0.27361804,0.9004204,2023-03-31T16:08:14Z
0.28472936,0.21365763,5.0,0.25794226,0.9092079,2023-03-31T16:18:14Z
0.3142352,0.14990646,5.0,0.3353495,0.90181845,2023-03-31T16:28:14Z
0.32537916,0.12195588,5.0,0.38675448,0.9071444,2023-03-31T16:38:14Z
0.28930908,0.153871,5.0,0.3092947,0.89108384,2023-03-31T16:48:14Z
0.27449307,0.18392731,5.0,0.3367942,0.8879385,2023-03-31T16:58:14Z
11.112334,102.705574,7.2257104,0.4157238,0.89181435,2023-03-31T17:08:14Z
0.2557014,0.161692,5.0,0.34657517,0.88491243,2023-03-31T17:18:14Z
0.19813222,0.26748428,5.0,0.18145947,0.8984937,2023-03-31T17:28:14Z
0.30657697,0.15392247,5.0,0.33887917,0.8889871,2023-03-31T17:38:14Z
0.2256387,0.1836844,5.0,0.25674754,0.8890267,2023-03-31T17:48:14Z
0.29369712,0.13834871,5.0,0.33116952,0.89858496,2023-03-31T17:58:14Z
0.29408547,0.14435934,5.0,0.31912035,0.9019965,2023-03-31T18:08:14Z
0.30185238,0.16113059,5.0,0.34429607,0.8843349,2023-03-31T18:18:14Z
0.3155226,0.15469642,5.0,0.35712177,0.90339595,2023-03-31T18:28:14Z
2.0362208,105.60442,7.4171624,0.34708494,0.8888433,2023-03-31T18:38:14Z
0.2829457,0.10622639,5.0,0.393807,0.89389974,2023-03-31T18:48:14Z
0.25190204,0.15985598,5.0,0.35571173,0.88793236,2023-03-31T18:58:14Z
0.28074488,0.15986405,5.0,0.3311189,0.89944494,2023-03-31T19:08:14Z
0.30563462,0.15500368,5.0,0.31517082,0.9008968,2023-03-31T19:18:14Z
0.2966878,0.14355415,5.0,0.3571691,0.8941675,2023-03-31T19:28:14Z
0.3326099,0.19375324,5.0,0.26135188,0.9286642,2023-03-31T19:38:14Z
0.2629063,0.13830721,5.0,0.34576693,0.890961,2023-03-31T19:48:14Z
0.27793166,0.1538888,5.0,0.329892,0.88981456,2023-03-31T19:58:14Z
0.2672243,0.17072651,5.0,0.3099487,0.9006522,2023-03-31T20:08:14Z
0.33080888,0.1362865,5.0,0.39530495,0.89087397,2023-03-31T20:18:14Z
0.34508863,0.1291163,5.0,0.36457017,0.89932406,2023-03-31T20:28:14Z
0.30141422,0.08917911,5.0,0.3883953,0.8934079,2023-03-31T20:38:14Z
0.18620172,0.19905421,5.0,0.25962222,0.9019473,2023-03-31T20:48:14Z
0.2859769,0.16281724,5.0,0.2983833,0.89858305,2023-03-31T20:58:14Z
0.2283932,0.16760059,5.0,0.22598207,0.910693,2023-03-31T21:08:14Z
0.26348102,0.14910664,5.0,0.35632932,0.8891489,2023-03-31T21:18:14Z
2.3860774,119.00269,8.655937,0.31215242,0.8982819,2023-03-31T21:28:14Z
0.25678068,0.16673307,5.0,0.35898054,0.875551,2023-03-31T21:38:14Z
0.2615101,0.16696441,5.0,0.35350385,0.8845974,2023-03-31T21:48:14Z
0.34290138,0.1416278,5.0,0.34698847,0.90668315,2023-03-31T21:58:14Z
7.8463945,104.43765,6.7046123,0.36076522,0.89529103,2023-03-31T22:08:14Z
0.29206836,0.11667514,5.0,0.36823192,0.89307886,2023-03-31T22:18:14Z
0.30039287,0.18928845,5.0,0.28725967,0.8998962,2023-03-31T22:28:14Z
0.34885177,0.19600853,5.0,0.30744144,0.90745753,2023-03-31T22:38:14Z
0.27158928,0.17159155,5.0,0.32422966,0.88353455,2023-03-31T22:48:14Z
0.29212767,0.13833877,5.0,0.37074292,0.8854346,2023-03-31T22:58:14Z
0.3347745,0.2017647,5.0,0.28355178,0.9039347,2023-03-31T23:08:14Z
0.2902491,0.16920193,5.0,0.3110175,0.89163613,2023-03-31T23:18:14Z
6.7089534,114.55488,7.569989,0.34506947,0.8971743,2023-03-31T23:28:14Z
0.31534505,0.13562389,5.0,0.35296765,0.8977967,2023-03-31T23:38:14Z
0.28320062,0.1260786,5.0,0.36916262,0.8878008,2023-03-31T23:48:14Z
0.2986872,0.101141796,5.0,0.41266394,0.8898313,2023-03-31T23:58:14Z
0.2541758,0.16165869,5.0,0.33782038,0.89780617,2023-04-01T00:08:14Z
0.2705468,0.15294248,5.0,0.27086508,0.8948398,2023-04-01T00:18:14Z
0.3175324,0.14776851,5.0,0.33395424,0.89299357,2023-04-01T00:28:14Z
0.29152426,0.12165967,5.0,0.4010084,0.8743197,2023-04-01T00:38:14Z
0.3135824,0.11475725,5.0,0.39807266,0.8889482,2023-04-01T00:48:14Z
0.32091564,0.12844892,5.0,0.36658093,0.8948463,2023-04-01T00:58:14Z
0.28990027,0.1263343,5.0,0.3549355,0.89419127,2023-04-01T01:08:14Z
0.28837374,0.12292846,5.0,0.35439703,0.9085233,2023-04-01T01:18:14Z
0.261624,0.16828595,5.0,0.34460068,0.89015657,2023-04-01T01:28:14Z
0.2324215,0.19952573,5.0,0.3226368,0.89061236,2023-04-01T01:38:14Z
0.2148343,0.17682905,5.0,0.2753428,0.9082297,2023-04-01T01:48:14Z
0.30779856,0.10281126,5.0,0.3929896,0.8999937,2023-04-01T01:58:14Z
0.26260027,0.16670592,5.0,0.30967933,0.8982141,2023-04-01T02:08:14Z
0.3210453,0.08090106,5.0,0.43178388,0.9001803,2023-04-01T02:18:14Z
0.31094193,0.12615839,5.0,0.38183624,0.88652575,2023-04-01T02:28:14Z
0.28170127,0.15597484,5.0,0.34274495,0.89718693,2023-04-01T02:38:14Z
0.29049754,0.17394565,5.0,0.3303003,0.8948257,2023-04-01T02:48:14Z
0.3030675,0.10203836,5.0,0.378943,0.88759017,2023-04-01T02:58:14Z
0.21862826,0.16671923,5.0,0.32301188,0.88307667,2023-04-01T03:08:14Z
0.26022908,0.17798458,5.0,0.30677795,0.88569653,2023-04-01T03:18:14Z
0.30014944,0.15149093,5.0,0.3937942,0.8950419,2023-04-01T03:28:14Z
0.30261636,0.15053059,5.0,0.34461257,0.89178705,2023-04-01T03:38:14Z
0.26535702,0.19803186,5.0,0.24527253,0.90151864,2023-04-01T03:48:14Z
4.05357,105.63932,7.3563557,0.35740054,0.88450444,2023-04-01T03:58:14Z
0.3492604,0.14804272,5.0,0.35394982,0.9002926,2023-04-01T04:08:14Z
4.343229,111.00516,8.30365,0.40389508,0.8741383,2023-04-01T04:18:14Z
0.25513738,0.16508807,5.0,0.28098977,0.9086172,2023-04-01T04:28:14Z
0.2984651,0.17683293,5.0,0.28336188,0.89530176,2023-04-01T04:38:14Z
0.28107375,0.12692799,5.0,0.37206718,0.88774,2023-04-01T04:48:14Z
0.32450545,0.14482918,5.0,0.31305203,0.89787996,2023-04-01T04:58:14Z
0.29184794,0.15803014,5.0,0.339923,0.90984374,2023-04-01T05:08:14Z
0.2896713,0.1976024,5.0,0.30896416,0.8964393,2023-04-01T05:18:14Z
0.29423207,0.14779116,5.0,0.36290732,0.89454657,2023-04-01T05:28:14Z
0.29021466,0.13543959,5.0,0.30251187,0.8929484,2023-04-01T05:38:14Z
0.28796345,0.15506063,5.0,0.35864705,0.88873905,2023-04-01T05:48:14Z
0.2929408,0.101859525,5.0,0.37858844,0.9018227,2023-04-01T05:58:14Z
0.25844693,0.153211,5.0,0.29449373,0.8863414,2023-04-01T06:08:14Z
0.313588,0.09822793,5.0,0.41396317,0.89981836,2023-04-01T06:18:14Z
0.2972715,0.13579337,5.0,0.35174322,0.8895187,2023-04-01T06:28:14Z
0.2780907,0.10970772,5.0,0.3902892,0.89237714,2023-04-01T06:38:14Z
0.3058805,0.1959832,5.0,0.24880746,0.91103816,2023-04-01T06:48:14Z
0.32702422,0.1764653,5.0,0.3253213,0.90417284,2023-04-01T06:58:14Z
0.27109697,0.17456958,5.0,0.31329817,0.8972063,2023-04-01T07:08:14Z
0.27430916,0.1415038,5.0,0.32676068,0.89769214,2023-04-01T07:18:14Z
0.33269006,0.09627364,5.0,0.44043586,0.8965121,2023-04-01T07:28:14Z
0.3006752,0.11595712,5.0,0.38162354,0.88687825,2023-04-01T07:38:14Z
